EVER_ASSAULT,FEMALE,RACE_BLACK,RACE_HISPANIC,RACE_MIXED,BIOMOMAGE,NUMSIBS,FAM_ONE_PARENT,FAM_BIO_STEP,FAM_OTHER,PAR_ED_HS,PAR_ED_SOME_COL,PAR_ED_COL,POVRATIO97,ASVAB_SCORE,EARLY_DESTROY,EARLY_STEAL_UNDER,EARLY_STEAL_OVER,EARLY_OTHER_PROP,EARLY_GANG,EARLY_GUN,EARLY_RUNAWAY,EARLY_SMOKING,EARLY_ALCOHOL,EARLY_MARIJUANA,EARLY_HARD_DRUGS,EVER_ARR_BY17
0,1,0,1,0,26.0,0,1,0,0,1.0,0.0,0.0,5.829999923706055,27.97800064086914,0.0,0.0,0.0,0.0,1.0,0.0,0.0,1.0,1.0,0.0,0.0,0.0
0,1,0,1,0,33.0,0,1,0,0,1.0,0.0,0.0,1.0800000429153442,37.012001037597656,0.0,0.0,0.0,0.0,1.0,0.0,0.0,0.0,1.0,0.0,0.0,0.0
0,1,0,1,0,22.0,1,1,0,0,0.0,1.0,0.0,1.9800000190734863,30.58300018310547,0.0,0.0,0.0,0.0,1.0,0.0,0.0,2.0,2.0,1.0,0.0,0.0
0,0,0,1,0,34.0,0,1,0,0,0.0,0.0,0.0,1.2000000476837158,44.45100021362305,1.0,0.0,0.0,0.0,1.0,0.0,0.0,1.0,0.0,1.0,0.0,0.0
1,0,1,0,0,23.0,4,1,0,0,0.0,1.0,0.0,0.0,9.33899974822998,1.0,1.0,1.0,0.0,0.0,0.0,1.0,2.0,1.0,2.0,0.0,1.0
1,0,1,0,0,26.0,4,1,0,0,0.0,1.0,0.0,0.0,8.333999633789062,1.0,1.0,1.0,1.0,1.0,0.0,0.0,0.0,1.0,0.0,0.0,0.0
0,0,0,1,0,28.0,2,1,0,0,0.0,1.0,0.0,0.0,3.505000114440918,1.0,0.0,0.0,0.0,1.0,0.0,0.0,3.0,0.0,0.0,0.0,0.0
0,1,1,0,0,18.0,1,0,1,0,0.0,0.0,1.0,0.8199999928474426,17.058000564575195,0.0,1.0,0.0,0.0,1.0,0.0,0.0,0.0,0.0,0.0,0.0,0.0
1,1,0,0,0,32.0,1,0,0,0,0.0,0.0,1.0,0.6000000238418579,35.106998443603516,0.0,0.0,0.0,0.0,0.0,2.0,0.0,4.0,4.0,0.0,0.0,0.0
0,1,0,0,0,19.0,1,0,0,0,0.0,0.0,0.0,2.990000009536743,68.75299835205078,0.0,0.0,0.0,0.0,0.0,0.0,0.0,0.0,0.0,0.0,0.0,0.0
0,0,1,0,0,19.0,2,1,0,0,1.0,0.0,0.0,0.20000000298023224,29.823999404907227,0.0,0.0,0.0,0.0,1.0,0.0,0.0,0.0,0.0,0.0,0.0,0.0
0,1,0,0,0,41.0,1,0,0,0,0.0,0.0,1.0,6.960000038146973,96.7030029296875,0.0,0.0,0.0,0.0,0.0,0.0,0.0,0.0,2.0,1.0,0.0,0.0
1,0,1,0,0,37.0,1,0,0,0,1.0,0.0,0.0,1.600000023841858,15.234999656677246,1.0,1.0,0.0,0.0,1.0,0.0,0.0,1.0,1.0,0.0,0.0,0.0
0,0,0,0,0,17.0,2,0,1,0,0.0,1.0,0.0,3.0199999809265137,1.3550000190734863,0.0,0.0,0.0,0.0,0.0,0.0,0.0,0.0,1.0,0.0,0.0,0.0
0,1,1,0,0,28.0,1,0,0,0,0.0,1.0,0.0,9.430000305175781,52.92100143432617,0.0,0.0,0.0,0.0,1.0,0.0,0.0,4.0,2.0,0.0,0.0,0.0
0,0,1,0,0,20.0,2,1,0,0,1.0,0.0,0.0,1.8799999952316284,11.013999938964844,1.0,0.0,0.0,0.0,0.0,0.0,0.0,2.0,0.0,1.0,0.0,0.0
1,1,1,0,0,32.0,2,1,0,0,1.0,0.0,0.0,0.28999999165534973,2.390000104904175,0.0,0.0,0.0,0.0,1.0,0.0,0.0,0.0,0.0,0.0,0.0,0.0
1,0,0,0,0,20.0,2,1,0,0,1.0,0.0,0.0,0.75,70.11299896240234,1.0,2.0,0.0,0.0,1.0,0.0,2.0,0.0,2.0,1.0,0.0,0.0
1,0,0,1,0,26.0,1,0,0,0,0.0,1.0,0.0,2.6700000762939453,75.57499694824219,0.0,0.0,0.0,0.0,1.0,0.0,0.0,0.0,1.0,0.0,0.0,0.0
0,0,0,0,0,27.0,1,0,0,0,1.0,0.0,0.0,2.359999895095825,4.355000019073486,0.0,0.0,0.0,0.0,1.0,0.0,0.0,0.0,0.0,0.0,0.0,0.0
0,0,0,1,0,22.0,1,0,0,0,1.0,0.0,0.0,1.8200000524520874,5.35099983215332,0.0,0.0,0.0,0.0,0.0,0.0,0.0,0.0,0.0,0.0,0.0,0.0
0,1,1,0,0,30.0,0,1,0,0,0.0,0.0,0.0,2.4000000953674316,10.086000442504883,0.0,1.0,0.0,0.0,0.0,0.0,0.0,0.0,1.0,0.0,0.0,0.0
1,1,0,1,0,25.0,2,0,0,0,1.0,0.0,0.0,4.269999980926514,35.316001892089844,1.0,1.0,0.0,0.0,0.0,0.0,0.0,3.0,2.0,2.0,0.0,0.0
0,1,0,1,0,26.0,2,0,0,0,1.0,0.0,0.0,4.269999980926514,66.57499694824219,0.0,0.0,0.0,0.0,0.0,0.0,0.0,4.0,3.0,0.0,0.0,0.0
0,0,0,0,0,24.0,3,0,0,0,0.0,0.0,1.0,3.609999895095825,74.88300323486328,1.0,3.0,0.0,0.0,1.0,0.0,0.0,2.0,3.0,0.0,0.0,0.0
0,0,0,0,0,32.0,1,0,0,0,0.0,0.0,1.0,5.800000190734863,34.51599884033203,1.0,0.0,0.0,0.0,1.0,1.0,0.0,1.0,1.0,0.0,0.0,0.0
0,1,0,0,0,28.0,3,0,0,0,0.0,0.0,1.0,6.440000057220459,94.83699798583984,0.0,0.0,0.0,0.0,0.0,0.0,0.0,0.0,2.0,0.0,0.0,0.0
1,0,0,0,0,30.0,3,0,0,0,0.0,0.0,1.0,6.440000057220459,83.76499938964844,1.0,0.0,0.0,0.0,0.0,0.0,0.0,2.0,2.0,0.0,0.0,0.0
0,1,0,0,0,25.0,3,0,0,0,1.0,0.0,0.0,3.6500000953674316,90.86599731445312,0.0,0.0,0.0,0.0,0.0,0.0,0.0,3.0,2.0,0.0,0.0,0.0
1,1,0,0,0,26.0,3,0,0,0,1.0,0.0,0.0,3.6500000953674316,43.86399841308594,2.0,1.0,0.0,1.0,1.0,0.0,0.0,4.0,4.0,1.0,0.0,0.0
1,0,0,0,0,21.0,3,1,0,0,0.0,1.0,0.0,3.609999895095825,76.83799743652344,1.0,1.0,0.0,1.0,1.0,0.0,0.0,2.0,4.0,2.0,1.0,1.0
1,1,0,0,0,24.0,0,0,0,0,0.0,1.0,0.0,6.070000171661377,65.34500122070312,0.0,3.0,0.0,0.0,1.0,0.0,0.0,3.0,2.0,2.0,2.0,0.0
0,0,0,0,0,27.0,1,0,0,0,0.0,1.0,0.0,4.900000095367432,80.70099639892578,1.0,0.0,0.0,0.0,0.0,0.0,0.0,2.0,1.0,1.0,0.0,0.0
1,0,0,0,0,30.0,1,0,0,0,0.0,1.0,0.0,4.900000095367432,59.60499954223633,3.0,2.0,0.0,0.0,0.0,0.0,0.0,3.0,2.0,2.0,1.0,0.0
0,1,0,0,0,26.0,1,1,0,0,0.0,0.0,1.0,7.360000133514404,71.6240005493164,0.0,1.0,0.0,0.0,0.0,0.0,0.0,0.0,2.0,0.0,0.0,0.0
0,0,0,0,0,30.0,1,0,0,0,0.0,0.0,1.0,2.640000104904175,89.33399963378906,0.0,0.0,0.0,0.0,0.0,0.0,0.0,0.0,1.0,0.0,0.0,0.0
0,0,0,0,0,32.0,0,1,0,0,0.0,0.0,1.0,6.659999847412109,94.83300018310547,0.0,1.0,0.0,0.0,0.0,0.0,0.0,2.0,1.0,1.0,0.0,0.0
0,1,0,0,0,34.0,1,0,0,0,0.0,0.0,1.0,16.270000457763672,98.91400146484375,0.0,0.0,0.0,0.0,0.0,0.0,0.0,0.0,0.0,0.0,0.0,0.0
0,0,0,1,0,24.0,2,0,1,0,0.0,0.0,1.0,2.5999999046325684,79.40899658203125,0.0,0.0,0.0,0.0,0.0,1.0,0.0,0.0,0.0,0.0,0.0,0.0
1,1,0,0,0,16.0,2,1,0,0,0.0,0.0,0.0,2.069999933242798,55.540000915527344,1.0,0.0,0.0,0.0,1.0,0.0,0.0,2.0,1.0,1.0,0.0,0.0
1,0,1,0,0,19.0,2,0,0,0,0.0,1.0,0.0,6.409999847412109,42.097999572753906,1.0,0.0,0.0,0.0,1.0,0.0,0.0,1.0,1.0,1.0,0.0,0.0
1,0,1,0,0,22.0,2,0,1,0,0.0,0.0,1.0,3.7100000381469727,62.21900177001953,3.0,2.0,0.0,1.0,1.0,0.0,0.0,0.0,1.0,2.0,0.0,0.0
0,0,1,0,0,24.0,2,0,1,0,0.0,0.0,1.0,3.7100000381469727,39.584999084472656,0.0,0.0,0.0,0.0,2.0,0.0,0.0,2.0,2.0,0.0,0.0,0.0
0,0,1,0,0,19.0,0,0,0,0,1.0,0.0,0.0,2.950000047683716,18.371000289916992,0.0,0.0,0.0,0.0,2.0,0.0,0.0,0.0,0.0,0.0,0.0,0.0
0,1,0,0,0,39.0,0,0,0,0,0.0,1.0,0.0,2.7699999809265137,42.347999572753906,0.0,0.0,0.0,0.0,1.0,0.0,1.0,1.0,3.0,0.0,0.0,0.0
1,0,0,1,0,30.0,2,0,0,0,0.0,0.0,1.0,2.509999990463257,79.9489974975586,1.0,2.0,0.0,1.0,2.0,0.0,0.0,2.0,4.0,0.0,0.0,0.0
1,0,0,1,0,17.0,3,1,0,0,0.0,0.0,0.0,0.3199999928474426,4.250999927520752,1.0,0.0,0.0,1.0,2.0,1.0,0.0,3.0,1.0,1.0,1.0,1.0
0,1,0,0,0,26.0,2,0,0,0,1.0,0.0,0.0,2.549999952316284,50.16899871826172,1.0,1.0,0.0,0.0,1.0,0.0,0.0,2.0,1.0,1.0,0.0,1.0
0,1,0,0,0,30.0,2,0,0,0,0.0,0.0,1.0,1.600000023841858,75.58200073242188,0.0,1.0,0.0,0.0,0.0,0.0,0.0,4.0,3.0,1.0,0.0,0.0
1,1,0,0,0,32.0,2,0,0,0,0.0,0.0,1.0,1.600000023841858,61.53300094604492,0.0,0.0,0.0,0.0,0.0,0.0,0.0,2.0,0.0,0.0,0.0,0.0
0,1,0,1,0,26.0,1,0,0,0,1.0,0.0,0.0,3.390000104904175,87.96700286865234,0.0,0.0,0.0,0.0,0.0,0.0,0.0,0.0,0.0,0.0,0.0,0.0
0,0,0,0,0,33.0,0,0,0,0,0.0,0.0,1.0,9.479999542236328,98.68699645996094,0.0,0.0,0.0,0.0,1.0,0.0,0.0,0.0,0.0,0.0,0.0,0.0
0,1,0,0,0,26.0,1,0,0,0,0.0,0.0,1.0,7.019999980926514,100.0,1.0,1.0,0.0,0.0,0.0,0.0,0.0,1.0,1.0,0.0,0.0,0.0
0,1,0,0,0,28.0,1,0,0,0,0.0,0.0,1.0,7.019999980926514,98.19599914550781,0.0,0.0,0.0,0.0,0.0,0.0,0.0,0.0,3.0,1.0,0.0,0.0
0,0,0,0,0,52.0,1,0,0,0,0.0,0.0,1.0,3.7699999809265137,79.42900085449219,0.0,0.0,0.0,0.0,0.0,0.0,0.0,2.0,4.0,1.0,0.0,0.0
1,0,1,0,0,26.0,1,0,1,0,1.0,0.0,0.0,5.619999885559082,7.809999942779541,1.0,1.0,1.0,1.0,1.0,0.0,0.0,1.0,0.0,0.0,0.0,1.0
1,0,0,1,0,24.0,3,0,0,0,0.0,1.0,0.0,3.5999999046325684,85.8280029296875,1.0,1.0,0.0,0.0,0.0,0.0,0.0,3.0,3.0,2.0,1.0,0.0
1,1,0,1,0,36.0,1,1,0,0,0.0,1.0,0.0,0.23999999463558197,55.48400115966797,0.0,0.0,0.0,0.0,0.0,0.0,0.0,0.0,0.0,0.0,0.0,0.0
0,1,1,0,0,21.0,2,1,0,0,1.0,0.0,0.0,2.240000009536743,18.08099937438965,0.0,0.0,0.0,0.0,1.0,0.0,0.0,0.0,0.0,0.0,0.0,0.0
1,0,1,0,0,29.0,0,1,0,0,0.0,1.0,0.0,3.7100000381469727,63.50299835205078,1.0,2.0,2.0,2.0,1.0,0.0,1.0,4.0,3.0,3.0,0.0,0.0
1,0,0,0,0,35.0,1,0,0,0,0.0,0.0,1.0,7.050000190734863,52.599998474121094,3.0,2.0,1.0,2.0,0.0,0.0,1.0,3.0,2.0,2.0,1.0,1.0
0,1,0,0,0,23.0,0,0,0,0,0.0,0.0,1.0,6.360000133514404,99.59100341796875,1.0,3.0,0.0,0.0,0.0,0.0,0.0,3.0,3.0,2.0,1.0,0.0
0,1,0,0,0,28.0,1,1,0,0,0.0,1.0,0.0,3.240000009536743,33.50600051879883,0.0,0.0,0.0,0.0,1.0,0.0,0.0,3.0,2.0,0.0,0.0,0.0
0,1,0,0,0,25.0,4,0,0,0,1.0,0.0,0.0,3.2200000286102295,81.99800109863281,0.0,0.0,0.0,0.0,1.0,0.0,0.0,2.0,1.0,0.0,0.0,0.0
0,1,0,0,0,28.0,4,0,0,0,1.0,0.0,0.0,3.2200000286102295,71.79100036621094,0.0,0.0,0.0,0.0,0.0,0.0,0.0,0.0,4.0,0.0,0.0,0.0
0,1,0,1,0,30.0,1,0,0,0,1.0,0.0,0.0,1.1299999952316284,35.56800079345703,0.0,0.0,0.0,0.0,0.0,0.0,0.0,0.0,0.0,0.0,0.0,0.0
0,1,0,1,0,19.0,2,0,0,0,0.0,0.0,1.0,2.0,66.56099700927734,0.0,0.0,0.0,0.0,0.0,0.0,0.0,0.0,0.0,0.0,0.0,0.0
0,0,0,0,1,40.0,0,0,0,0,0.0,0.0,1.0,16.270000457763672,80.77300262451172,0.0,0.0,0.0,0.0,1.0,0.0,0.0,0.0,2.0,0.0,0.0,0.0
0,0,0,0,0,34.0,3,0,0,0,0.0,1.0,0.0,2.309999942779541,66.55599975585938,1.0,2.0,0.0,0.0,2.0,0.0,0.0,0.0,0.0,0.0,0.0,0.0
1,1,0,0,0,26.0,1,0,1,0,0.0,1.0,0.0,6.769999980926514,82.20899963378906,4.0,4.0,0.0,3.0,0.0,0.0,0.0,4.0,3.0,4.0,3.0,0.0
0,1,0,0,0,30.0,1,1,0,0,1.0,0.0,0.0,4.510000228881836,37.7599983215332,0.0,0.0,0.0,0.0,1.0,0.0,0.0,0.0,2.0,0.0,0.0,0.0
0,1,1,0,0,20.0,2,1,0,0,0.0,0.0,0.0,0.1599999964237213,7.11299991607666,0.0,0.0,0.0,0.0,0.0,0.0,0.0,0.0,0.0,0.0,0.0,0.0
0,1,0,0,0,34.0,0,1,0,0,0.0,0.0,1.0,0.009999999776482582,86.03299713134766,1.0,0.0,0.0,0.0,2.0,0.0,0.0,0.0,0.0,0.0,0.0,0.0
0,0,0,1,0,36.0,0,1,0,0,1.0,0.0,0.0,0.009999999776482582,43.084999084472656,0.0,2.0,0.0,0.0,0.0,0.0,0.0,3.0,3.0,1.0,0.0,0.0
0,1,0,0,0,21.0,1,0,0,0,0.0,1.0,0.0,0.2800000011920929,60.88800048828125,0.0,0.0,0.0,0.0,0.0,0.0,0.0,1.0,1.0,0.0,0.0,0.0
1,1,0,1,0,25.0,0,1,0,0,0.0,1.0,0.0,0.0,76.93599700927734,1.0,1.0,0.0,0.0,0.0,0.0,0.0,1.0,3.0,0.0,1.0,0.0
0,1,0,1,0,23.0,2,0,0,0,0.0,0.0,1.0,4.170000076293945,51.50400161743164,0.0,0.0,0.0,0.0,0.0,0.0,0.0,1.0,3.0,0.0,0.0,0.0
0,0,0,1,0,25.0,2,0,0,0,0.0,0.0,1.0,4.170000076293945,45.19900131225586,0.0,0.0,0.0,0.0,0.0,0.0,0.0,0.0,1.0,0.0,0.0,0.0
0,0,0,1,0,22.0,2,0,0,0,1.0,0.0,0.0,1.3899999856948853,10.687000274658203,0.0,1.0,0.0,0.0,0.0,0.0,0.0,0.0,0.0,0.0,0.0,0.0
0,0,0,0,0,24.0,1,0,0,0,0.0,1.0,0.0,1.559999942779541,86.41899871826172,2.0,0.0,0.0,0.0,1.0,0.0,2.0,2.0,2.0,2.0,0.0,0.0
0,1,0,0,0,26.0,1,0,0,0,0.0,1.0,0.0,1.559999942779541,87.61100006103516,0.0,0.0,0.0,0.0,0.0,0.0,0.0,3.0,2.0,0.0,0.0,0.0
0,0,0,1,0,29.0,1,0,0,0,0.0,1.0,0.0,2.359999895095825,56.494998931884766,0.0,0.0,0.0,0.0,0.0,0.0,0.0,0.0,0.0,0.0,0.0,0.0
0,1,0,1,0,32.0,1,0,0,0,0.0,1.0,0.0,2.359999895095825,63.505001068115234,0.0,0.0,0.0,0.0,2.0,0.0,0.0,0.0,0.0,0.0,0.0,0.0
0,0,0,1,0,23.0,4,0,0,0,0.0,0.0,0.0,0.8100000023841858,10.621000289916992,0.0,0.0,0.0,0.0,1.0,0.0,0.0,0.0,1.0,0.0,0.0,0.0
0,0,0,1,0,26.0,2,0,1,0,1.0,0.0,0.0,3.799999952316284,36.45399856567383,0.0,0.0,0.0,0.0,0.0,0.0,1.0,0.0,0.0,0.0,0.0,0.0
1,1,0,0,0,32.0,1,0,0,0,0.0,0.0,1.0,5.190000057220459,75.38200378417969,4.0,4.0,3.0,1.0,2.0,0.0,2.0,4.0,4.0,4.0,2.0,1.0
0,1,0,0,0,29.0,2,0,0,0,1.0,0.0,0.0,3.299999952316284,15.074000358581543,0.0,0.0,0.0,0.0,1.0,0.0,0.0,3.0,1.0,2.0,0.0,0.0
1,0,1,0,0,30.0,2,1,0,0,0.0,0.0,0.0,0.23000000417232513,53.768001556396484,0.0,0.0,0.0,0.0,1.0,0.0,0.0,1.0,2.0,1.0,0.0,0.0
1,1,0,0,0,31.0,1,0,0,0,0.0,1.0,0.0,4.400000095367432,39.12200164794922,0.0,1.0,1.0,0.0,0.0,0.0,1.0,2.0,4.0,1.0,0.0,0.0
0,1,1,0,0,24.0,1,0,0,0,0.0,1.0,0.0,1.5700000524520874,56.630001068115234,0.0,1.0,0.0,0.0,2.0,0.0,0.0,2.0,2.0,1.0,0.0,0.0
0,1,0,1,0,24.0,2,0,0,0,1.0,0.0,0.0,3.8499999046325684,89.74099731445312,0.0,0.0,0.0,0.0,2.0,0.0,0.0,0.0,0.0,0.0,0.0,0.0
0,1,0,1,0,25.0,1,0,0,0,0.0,1.0,0.0,2.8299999237060547,10.255999565124512,0.0,0.0,0.0,0.0,1.0,0.0,0.0,0.0,0.0,0.0,0.0,0.0
1,0,0,1,0,28.0,1,0,0,0,0.0,1.0,0.0,2.8299999237060547,17.93199920654297,0.0,0.0,0.0,0.0,2.0,0.0,0.0,1.0,1.0,1.0,0.0,1.0
0,1,0,0,0,35.0,2,0,0,0,0.0,0.0,1.0,3.359999895095825,95.21800231933594,2.0,0.0,0.0,0.0,0.0,0.0,0.0,0.0,3.0,0.0,0.0,0.0
0,1,0,0,0,21.0,1,1,0,0,1.0,0.0,0.0,2.75,4.216000080108643,0.0,0.0,0.0,0.0,1.0,0.0,0.0,1.0,1.0,0.0,0.0,0.0
0,1,0,0,0,23.0,2,0,0,0,0.0,0.0,1.0,16.270000457763672,96.3280029296875,0.0,0.0,0.0,0.0,0.0,0.0,0.0,1.0,1.0,1.0,0.0,0.0
0,0,0,0,0,27.0,2,0,0,0,0.0,0.0,1.0,16.270000457763672,98.45099639892578,0.0,0.0,0.0,0.0,0.0,0.0,0.0,1.0,2.0,1.0,0.0,0.0
0,1,0,0,0,27.0,2,0,0,0,0.0,0.0,1.0,6.840000152587891,34.80500030517578,0.0,2.0,0.0,0.0,0.0,0.0,0.0,3.0,2.0,2.0,2.0,0.0
0,1,0,0,0,25.0,1,1,0,0,0.0,1.0,0.0,2.2200000286102295,55.736000061035156,0.0,0.0,0.0,0.0,0.0,0.0,0.0,0.0,1.0,0.0,0.0,0.0
0,0,0,0,0,25.0,2,0,0,0,1.0,0.0,0.0,2.4000000953674316,45.24300003051758,0.0,0.0,0.0,0.0,0.0,0.0,0.0,0.0,3.0,1.0,0.0,0.0
0,1,0,0,0,36.0,1,0,1,0,0.0,0.0,1.0,7.489999771118164,67.24099731445312,0.0,1.0,0.0,0.0,1.0,0.0,0.0,4.0,4.0,0.0,0.0,0.0
0,0,0,0,0,31.0,2,0,0,0,0.0,0.0,1.0,8.039999961853027,73.24299621582031,0.0,2.0,0.0,0.0,0.0,0.0,0.0,0.0,2.0,0.0,0.0,0.0
0,1,0,0,0,31.0,0,0,0,0,0.0,0.0,1.0,16.270000457763672,83.12300109863281,0.0,0.0,0.0,0.0,0.0,0.0,0.0,0.0,1.0,1.0,0.0,0.0
0,1,0,0,0,27.0,3,0,0,0,0.0,0.0,0.0,1.0199999809265137,69.40299987792969,0.0,0.0,0.0,0.0,0.0,0.0,0.0,0.0,0.0,0.0,0.0,0.0
0,0,0,0,0,30.0,3,0,0,0,0.0,0.0,0.0,0.8299999833106995,23.764999389648438,0.0,0.0,0.0,0.0,0.0,0.0,0.0,0.0,0.0,0.0,0.0,0.0
1,0,0,1,0,15.0,2,1,0,0,1.0,0.0,0.0,0.0,25.048999786376953,0.0,0.0,0.0,0.0,0.0,1.0,2.0,2.0,2.0,1.0,1.0,0.0
0,1,0,1,0,29.0,3,0,0,0,0.0,0.0,0.0,1.7400000095367432,59.1870002746582,0.0,0.0,0.0,0.0,1.0,0.0,0.0,0.0,0.0,0.0,0.0,0.0
0,1,0,1,0,31.0,3,0,0,0,0.0,0.0,0.0,1.7400000095367432,51.106998443603516,1.0,1.0,1.0,0.0,1.0,0.0,0.0,3.0,2.0,0.0,0.0,0.0
0,1,0,1,0,19.0,1,1,0,0,0.0,0.0,0.0,0.4699999988079071,7.914999961853027,0.0,0.0,0.0,0.0,0.0,0.0,0.0,0.0,1.0,0.0,0.0,0.0
1,0,0,0,0,22.0,0,1,0,0,1.0,0.0,0.0,0.0,20.75,1.0,1.0,0.0,1.0,1.0,0.0,0.0,3.0,3.0,0.0,0.0,0.0
1,0,0,1,0,20.0,2,0,0,0,0.0,0.0,0.0,2.240000009536743,14.008999824523926,1.0,0.0,0.0,0.0,2.0,1.0,0.0,1.0,1.0,1.0,0.0,0.0
0,1,0,0,0,30.0,1,0,0,0,0.0,1.0,0.0,5.059999942779541,61.50400161743164,0.0,0.0,0.0,0.0,1.0,0.0,0.0,1.0,1.0,0.0,0.0,0.0
0,1,0,0,1,25.0,3,0,0,0,1.0,0.0,0.0,1.909999966621399,88.26000213623047,1.0,2.0,0.0,1.0,0.0,0.0,0.0,3.0,2.0,1.0,1.0,1.0
0,0,0,0,0,21.0,7,0,0,0,0.0,1.0,0.0,2.2200000286102295,82.82099914550781,0.0,0.0,0.0,0.0,2.0,2.0,0.0,0.0,0.0,0.0,0.0,0.0
0,1,0,0,0,23.0,7,0,0,0,0.0,1.0,0.0,2.2200000286102295,94.12899780273438,0.0,0.0,0.0,0.0,2.0,0.0,0.0,0.0,0.0,0.0,0.0,0.0
0,1,0,0,0,33.0,1,0,0,0,0.0,1.0,0.0,9.430000305175781,16.816999435424805,0.0,0.0,0.0,0.0,2.0,1.0,0.0,0.0,1.0,0.0,0.0,0.0
0,1,0,0,0,28.0,0,1,0,0,0.0,0.0,1.0,16.270000457763672,28.48900032043457,0.0,2.0,0.0,0.0,0.0,0.0,0.0,4.0,3.0,3.0,2.0,0.0
1,1,0,1,0,31.0,2,0,0,0,0.0,0.0,1.0,3.740000009536743,83.08699798583984,0.0,1.0,0.0,0.0,2.0,0.0,0.0,4.0,4.0,3.0,1.0,0.0
0,1,0,0,0,26.0,1,0,0,0,0.0,0.0,1.0,6.159999847412109,96.53099822998047,1.0,0.0,0.0,0.0,1.0,0.0,0.0,1.0,2.0,0.0,0.0,0.0
1,0,0,1,0,25.0,3,0,0,0,0.0,0.0,0.0,1.659999966621399,15.241999626159668,0.0,0.0,0.0,0.0,1.0,0.0,0.0,0.0,0.0,0.0,0.0,0.0
1,0,0,0,0,20.0,1,0,0,0,1.0,0.0,0.0,0.03999999910593033,41.51599884033203,1.0,0.0,0.0,0.0,1.0,0.0,0.0,2.0,0.0,0.0,1.0,1.0
0,1,0,1,0,26.0,2,1,0,0,0.0,1.0,0.0,0.0,24.638999938964844,0.0,0.0,0.0,0.0,0.0,0.0,0.0,0.0,0.0,0.0,0.0,0.0
0,0,0,1,0,19.0,2,0,1,0,0.0,0.0,1.0,1.5499999523162842,20.972999572753906,0.0,0.0,1.0,1.0,1.0,0.0,0.0,0.0,1.0,0.0,0.0,1.0
1,0,0,0,0,30.0,1,0,1,0,0.0,0.0,1.0,16.270000457763672,34.63999938964844,2.0,2.0,0.0,1.0,1.0,0.0,2.0,3.0,2.0,2.0,1.0,0.0
1,0,0,1,0,27.0,2,0,0,0,0.0,0.0,0.0,0.20999999344348907,4.789999961853027,1.0,1.0,1.0,1.0,2.0,1.0,1.0,3.0,2.0,1.0,1.0,1.0
0,0,0,1,0,30.0,1,1,0,0,0.0,0.0,0.0,0.6600000262260437,57.742000579833984,0.0,0.0,0.0,0.0,1.0,0.0,0.0,0.0,1.0,0.0,0.0,0.0
0,1,0,1,0,25.0,3,0,0,0,0.0,0.0,0.0,1.100000023841858,40.54999923706055,0.0,0.0,0.0,0.0,0.0,0.0,0.0,0.0,0.0,0.0,0.0,0.0
0,1,0,1,0,29.0,1,1,0,0,0.0,1.0,0.0,3.7300000190734863,66.93000030517578,0.0,0.0,0.0,0.0,0.0,0.0,0.0,0.0,0.0,0.0,0.0,0.0
0,0,0,0,0,28.0,1,0,0,0,0.0,1.0,0.0,4.710000038146973,6.538000106811523,0.0,0.0,0.0,0.0,0.0,0.0,0.0,0.0,0.0,0.0,0.0,0.0
1,1,0,0,0,26.0,1,1,0,0,0.0,1.0,0.0,2.690000057220459,26.45199966430664,2.0,1.0,0.0,0.0,1.0,0.0,1.0,3.0,2.0,2.0,2.0,0.0
0,0,0,0,1,25.0,1,0,0,0,0.0,0.0,1.0,2.8299999237060547,98.78600311279297,1.0,0.0,0.0,0.0,0.0,0.0,0.0,0.0,0.0,0.0,0.0,0.0
0,0,0,0,1,27.0,1,0,0,0,0.0,0.0,1.0,2.8299999237060547,44.97600173950195,1.0,0.0,0.0,0.0,0.0,0.0,0.0,0.0,0.0,0.0,0.0,0.0
0,0,0,0,0,27.0,2,0,0,0,0.0,0.0,1.0,4.010000228881836,52.22700119018555,0.0,0.0,0.0,1.0,1.0,0.0,0.0,0.0,1.0,0.0,0.0,0.0
0,1,0,0,0,19.0,2,0,1,0,1.0,0.0,0.0,2.299999952316284,19.38800048828125,0.0,0.0,0.0,0.0,0.0,0.0,0.0,0.0,1.0,0.0,0.0,0.0
1,0,0,1,0,38.0,0,0,0,0,0.0,1.0,0.0,6.519999980926514,78.6500015258789,4.0,3.0,0.0,3.0,2.0,0.0,0.0,3.0,3.0,3.0,1.0,0.0
1,0,0,0,0,30.0,0,1,0,0,1.0,0.0,0.0,4.440000057220459,69.84500122070312,0.0,0.0,0.0,0.0,1.0,0.0,0.0,0.0,0.0,0.0,0.0,0.0
0,1,1,0,0,23.0,0,1,0,0,0.0,1.0,0.0,0.9200000166893005,27.91200065612793,0.0,0.0,0.0,0.0,0.0,0.0,0.0,0.0,1.0,0.0,0.0,0.0
0,1,0,1,0,22.0,4,0,1,0,1.0,0.0,0.0,0.7699999809265137,14.734000205993652,0.0,0.0,0.0,0.0,2.0,0.0,0.0,0.0,1.0,0.0,0.0,0.0
1,0,0,1,0,22.0,4,0,1,0,1.0,0.0,0.0,0.7699999809265137,7.873000144958496,0.0,0.0,0.0,0.0,2.0,0.0,0.0,1.0,2.0,2.0,0.0,0.0
0,0,0,1,0,25.0,0,0,1,0,1.0,0.0,0.0,1.190000057220459,15.605999946594238,3.0,1.0,0.0,0.0,1.0,0.0,0.0,3.0,2.0,1.0,1.0,0.0
0,0,0,0,0,35.0,1,0,0,0,0.0,0.0,1.0,16.270000457763672,93.55999755859375,0.0,0.0,0.0,0.0,0.0,0.0,0.0,0.0,0.0,0.0,0.0,0.0
0,1,0,1,0,27.0,5,1,0,0,0.0,1.0,0.0,0.800000011920929,90.45800018310547,0.0,0.0,0.0,0.0,0.0,0.0,0.0,0.0,0.0,0.0,0.0,0.0
0,0,0,0,0,22.0,2,1,0,0,0.0,1.0,0.0,2.309999942779541,5.304999828338623,1.0,1.0,0.0,0.0,0.0,0.0,0.0,1.0,2.0,2.0,0.0,0.0
1,1,0,0,0,24.0,2,1,0,0,0.0,1.0,0.0,2.309999942779541,15.013999938964844,0.0,1.0,1.0,0.0,2.0,0.0,0.0,2.0,3.0,2.0,0.0,1.0
0,1,1,0,0,38.0,0,0,0,0,0.0,0.0,1.0,5.480000019073486,77.60399627685547,0.0,0.0,0.0,0.0,2.0,0.0,0.0,0.0,1.0,0.0,0.0,0.0
1,0,0,1,0,40.0,1,1,0,0,0.0,0.0,0.0,3.4000000953674316,61.987998962402344,1.0,3.0,0.0,1.0,0.0,0.0,0.0,3.0,3.0,3.0,1.0,0.0
0,1,0,0,0,36.0,0,0,0,0,0.0,1.0,0.0,4.989999771118164,65.10600280761719,1.0,1.0,0.0,0.0,1.0,1.0,1.0,3.0,3.0,2.0,1.0,0.0
0,0,0,0,0,25.0,2,0,1,0,0.0,1.0,0.0,5.079999923706055,67.64099884033203,0.0,0.0,0.0,0.0,1.0,0.0,0.0,0.0,1.0,0.0,0.0,0.0
1,0,0,0,0,27.0,2,0,1,0,0.0,1.0,0.0,5.079999923706055,18.347000122070312,2.0,1.0,1.0,0.0,0.0,0.0,0.0,0.0,1.0,0.0,0.0,0.0
1,1,0,1,0,27.0,1,0,0,0,0.0,0.0,1.0,2.7200000286102295,71.80799865722656,1.0,1.0,0.0,0.0,1.0,0.0,0.0,2.0,1.0,1.0,1.0,1.0
0,1,0,0,0,32.0,0,1,0,0,0.0,0.0,1.0,5.28000020980835,70.46900177001953,0.0,0.0,0.0,0.0,0.0,0.0,0.0,0.0,1.0,0.0,0.0,0.0
0,1,0,0,0,25.0,1,0,0,0,0.0,1.0,0.0,2.6500000953674316,19.239999771118164,0.0,0.0,0.0,0.0,1.0,0.0,1.0,1.0,1.0,0.0,0.0,0.0
1,0,0,0,0,28.0,1,0,0,0,0.0,1.0,0.0,2.6500000953674316,65.91799926757812,0.0,1.0,0.0,0.0,1.0,1.0,0.0,0.0,3.0,0.0,0.0,0.0
0,0,0,0,0,26.0,0,0,0,0,0.0,1.0,0.0,3.6600000858306885,81.03500366210938,3.0,1.0,0.0,1.0,3.0,1.0,1.0,3.0,3.0,1.0,1.0,0.0
0,0,0,0,0,25.0,2,0,0,0,1.0,0.0,0.0,3.740000009536743,46.12799835205078,2.0,0.0,0.0,1.0,1.0,0.0,0.0,0.0,1.0,1.0,0.0,0.0
1,0,0,0,0,27.0,3,0,0,0,1.0,0.0,0.0,4.440000057220459,21.926000595092773,0.0,0.0,0.0,0.0,2.0,1.0,0.0,1.0,1.0,0.0,0.0,0.0
0,1,0,0,0,28.0,3,0,0,0,1.0,0.0,0.0,4.440000057220459,23.39699935913086,0.0,0.0,0.0,0.0,1.0,0.0,0.0,0.0,0.0,0.0,0.0,0.0
0,0,0,0,0,27.0,0,1,0,0,0.0,1.0,0.0,4.820000171661377,74.83599853515625,1.0,1.0,0.0,0.0,1.0,0.0,0.0,2.0,3.0,1.0,0.0,0.0
0,1,0,1,0,18.0,6,0,0,0,0.0,0.0,0.0,1.1100000143051147,9.055000305175781,0.0,1.0,0.0,0.0,1.0,0.0,1.0,0.0,1.0,0.0,0.0,0.0
1,1,0,1,0,19.0,6,0,0,0,0.0,0.0,0.0,1.1100000143051147,0.23600000143051147,0.0,2.0,1.0,0.0,1.0,0.0,1.0,1.0,0.0,0.0,0.0,1.0
0,0,0,0,0,27.0,1,0,0,0,0.0,0.0,1.0,5.420000076293945,44.85599899291992,1.0,0.0,0.0,1.0,1.0,0.0,0.0,2.0,1.0,1.0,0.0,0.0
1,0,0,0,0,30.0,1,0,0,0,0.0,0.0,1.0,5.420000076293945,41.10200119018555,0.0,1.0,0.0,0.0,1.0,0.0,0.0,2.0,1.0,0.0,0.0,0.0
0,0,0,0,0,24.0,2,0,0,0,0.0,1.0,0.0,4.03000020980835,53.14099884033203,1.0,1.0,1.0,0.0,1.0,0.0,0.0,2.0,1.0,1.0,1.0,1.0
0,0,0,0,0,28.0,1,0,0,0,1.0,0.0,0.0,2.5299999713897705,36.12900161743164,0.0,0.0,0.0,0.0,1.0,0.0,0.0,2.0,2.0,2.0,0.0,0.0
0,0,0,0,0,33.0,2,0,0,0,1.0,0.0,0.0,0.9700000286102295,28.982999801635742,0.0,0.0,0.0,0.0,1.0,0.0,0.0,0.0,0.0,0.0,0.0,0.0
0,1,0,0,0,34.0,2,0,0,0,1.0,0.0,0.0,0.9700000286102295,8.071999549865723,0.0,0.0,0.0,0.0,0.0,0.0,0.0,0.0,2.0,0.0,1.0,0.0
0,1,0,0,0,22.0,2,1,0,0,0.0,0.0,1.0,1.8200000524520874,75.19000244140625,2.0,0.0,0.0,0.0,1.0,0.0,0.0,2.0,1.0,1.0,1.0,0.0
0,1,0,1,0,23.0,1,0,1,0,1.0,0.0,0.0,2.5,58.11000061035156,0.0,2.0,0.0,0.0,0.0,0.0,1.0,2.0,3.0,0.0,0.0,0.0
1,0,0,0,0,20.0,3,1,0,0,0.0,0.0,0.0,0.5099999904632568,7.209000110626221,2.0,0.0,2.0,2.0,1.0,0.0,1.0,1.0,2.0,0.0,1.0,1.0
0,0,0,0,0,20.0,3,1,0,0,0.0,0.0,0.0,0.5099999904632568,9.350000381469727,0.0,0.0,0.0,0.0,0.0,0.0,1.0,3.0,3.0,1.0,1.0,1.0
0,0,0,0,0,27.0,0,0,0,0,1.0,0.0,0.0,3.799999952316284,93.5260009765625,0.0,0.0,0.0,0.0,1.0,0.0,0.0,0.0,0.0,0.0,0.0,0.0
0,1,0,1,0,21.0,3,1,0,0,1.0,0.0,0.0,0.7599999904632568,71.51000213623047,0.0,0.0,0.0,0.0,0.0,0.0,0.0,0.0,2.0,1.0,0.0,0.0
0,1,0,1,0,23.0,3,1,0,0,1.0,0.0,0.0,0.7599999904632568,32.409000396728516,0.0,0.0,0.0,0.0,0.0,0.0,0.0,1.0,1.0,3.0,1.0,0.0
0,1,0,0,0,28.0,1,1,0,0,1.0,0.0,0.0,2.5,62.77299880981445,1.0,0.0,0.0,0.0,1.0,0.0,0.0,0.0,0.0,0.0,0.0,0.0
0,0,0,1,0,18.0,0,0,0,0,1.0,0.0,0.0,3.5999999046325684,30.224000930786133,0.0,0.0,0.0,0.0,0.0,0.0,0.0,0.0,1.0,0.0,0.0,0.0
0,1,0,1,0,18.0,4,0,0,0,0.0,0.0,0.0,1.059999942779541,26.6200008392334,0.0,0.0,0.0,0.0,0.0,0.0,1.0,0.0,1.0,1.0,0.0,0.0
1,1,0,1,0,24.0,2,1,0,0,1.0,0.0,0.0,3.0,25.40999984741211,3.0,1.0,1.0,1.0,3.0,2.0,0.0,4.0,3.0,3.0,3.0,0.0
0,0,0,0,0,20.0,0,0,1,0,1.0,0.0,0.0,2.1700000762939453,81.07099914550781,0.0,0.0,0.0,0.0,1.0,0.0,0.0,0.0,0.0,0.0,0.0,0.0
1,1,0,0,0,30.0,1,0,0,0,0.0,1.0,0.0,6.300000190734863,50.529998779296875,0.0,1.0,0.0,0.0,1.0,0.0,0.0,3.0,2.0,1.0,0.0,0.0
1,1,0,0,0,23.0,2,0,0,0,1.0,0.0,0.0,3.9800000190734863,45.16899871826172,2.0,2.0,1.0,1.0,1.0,0.0,0.0,2.0,1.0,1.0,1.0,1.0
0,0,0,0,0,26.0,2,0,0,0,1.0,0.0,0.0,3.9800000190734863,66.2490005493164,1.0,2.0,0.0,1.0,1.0,0.0,1.0,3.0,3.0,4.0,0.0,1.0
0,0,0,0,0,23.0,0,0,0,0,1.0,0.0,0.0,2.450000047683716,82.8219985961914,0.0,0.0,0.0,0.0,1.0,2.0,0.0,2.0,1.0,0.0,0.0,0.0
0,1,0,1,0,29.0,1,0,0,0,0.0,1.0,0.0,0.2800000011920929,86.03099822998047,1.0,1.0,0.0,0.0,1.0,0.0,0.0,0.0,2.0,1.0,0.0,0.0
0,0,0,1,0,32.0,1,0,0,0,0.0,1.0,0.0,0.2800000011920929,90.97699737548828,0.0,0.0,0.0,0.0,2.0,0.0,0.0,1.0,4.0,1.0,0.0,0.0
0,0,0,1,0,23.0,2,0,0,0,1.0,0.0,0.0,3.9600000381469727,59.99300003051758,0.0,1.0,0.0,0.0,1.0,0.0,0.0,0.0,1.0,0.0,0.0,0.0
0,0,0,1,0,27.0,3,0,0,0,1.0,0.0,0.0,2.4000000953674316,16.66200065612793,0.0,0.0,0.0,0.0,1.0,0.0,0.0,1.0,3.0,0.0,0.0,0.0
1,0,0,0,0,29.0,2,0,0,0,0.0,0.0,1.0,3.7100000381469727,54.9109992980957,1.0,2.0,1.0,0.0,1.0,0.0,0.0,2.0,2.0,0.0,0.0,1.0
0,0,0,0,0,24.0,1,0,0,0,0.0,1.0,0.0,4.75,70.22000122070312,0.0,0.0,0.0,0.0,0.0,0.0,0.0,0.0,2.0,0.0,0.0,0.0
0,0,0,0,0,35.0,2,0,0,0,0.0,0.0,1.0,2.990000009536743,29.05500030517578,0.0,0.0,0.0,0.0,0.0,0.0,0.0,0.0,0.0,0.0,0.0,0.0
1,0,0,0,0,26.0,2,0,0,0,0.0,1.0,0.0,4.130000114440918,21.187000274658203,2.0,1.0,0.0,0.0,1.0,0.0,0.0,2.0,1.0,0.0,0.0,0.0
1,0,0,0,0,28.0,2,0,0,0,0.0,1.0,0.0,4.130000114440918,49.15399932861328,1.0,1.0,1.0,1.0,1.0,0.0,0.0,2.0,2.0,2.0,0.0,1.0
0,1,0,0,0,30.0,2,0,0,0,0.0,1.0,0.0,4.130000114440918,23.20599937438965,0.0,0.0,0.0,0.0,1.0,0.0,0.0,1.0,3.0,0.0,0.0,0.0
1,0,0,0,0,34.0,3,0,0,0,0.0,0.0,1.0,2.619999885559082,91.56800079345703,0.0,0.0,0.0,0.0,2.0,0.0,0.0,0.0,0.0,0.0,0.0,0.0
0,1,0,0,0,18.0,0,0,0,0,0.0,0.0,0.0,2.8499999046325684,26.79199981689453,1.0,0.0,0.0,0.0,1.0,0.0,1.0,0.0,1.0,1.0,0.0,0.0
1,1,0,1,0,29.0,1,0,0,0,0.0,1.0,0.0,3.569999933242798,64.91799926757812,1.0,0.0,1.0,1.0,1.0,0.0,1.0,3.0,2.0,2.0,0.0,1.0
0,0,1,0,0,26.0,0,1,0,0,1.0,0.0,0.0,0.9200000166893005,44.939998626708984,1.0,1.0,1.0,0.0,2.0,0.0,0.0,0.0,0.0,0.0,0.0,1.0
0,1,0,0,0,36.0,4,0,0,0,0.0,1.0,0.0,1.4900000095367432,78.13500213623047,0.0,1.0,0.0,0.0,1.0,0.0,0.0,0.0,0.0,0.0,0.0,0.0
0,1,0,0,0,37.0,4,0,0,0,0.0,1.0,0.0,1.4900000095367432,60.034000396728516,0.0,0.0,0.0,0.0,1.0,0.0,0.0,1.0,0.0,0.0,0.0,0.0
0,1,0,0,0,38.0,4,0,0,0,0.0,1.0,0.0,1.4900000095367432,70.81099700927734,0.0,0.0,0.0,0.0,2.0,0.0,0.0,0.0,0.0,0.0,0.0,0.0
0,0,1,0,0,21.0,3,0,1,0,1.0,0.0,0.0,4.820000171661377,68.25700378417969,2.0,1.0,0.0,1.0,1.0,0.0,0.0,2.0,2.0,1.0,0.0,0.0
0,0,1,0,0,27.0,3,0,0,0,0.0,0.0,1.0,2.799999952316284,75.0989990234375,0.0,0.0,0.0,0.0,1.0,0.0,0.0,1.0,0.0,0.0,0.0,0.0
1,1,1,0,0,30.0,0,1,0,0,0.0,0.0,0.0,0.7699999809265137,8.920000076293945,0.0,0.0,0.0,0.0,1.0,0.0,0.0,1.0,1.0,0.0,0.0,0.0
0,1,1,0,0,25.0,1,0,0,0,1.0,0.0,0.0,2.549999952316284,27.663999557495117,0.0,0.0,0.0,0.0,1.0,0.0,0.0,0.0,0.0,0.0,0.0,0.0
0,1,1,0,0,16.0,3,1,0,0,0.0,0.0,0.0,1.0499999523162842,3.6760001182556152,1.0,1.0,1.0,0.0,1.0,0.0,0.0,0.0,0.0,0.0,0.0,0.0
1,1,1,0,0,30.0,1,1,0,0,0.0,0.0,1.0,4.980000019073486,51.582000732421875,2.0,1.0,0.0,0.0,1.0,1.0,3.0,3.0,4.0,3.0,0.0,1.0
1,1,1,0,0,38.0,0,0,0,0,1.0,0.0,0.0,2.299999952316284,16.523000717163086,0.0,0.0,0.0,0.0,1.0,0.0,0.0,0.0,1.0,0.0,0.0,0.0
0,0,0,0,0,24.0,4,0,1,0,1.0,0.0,0.0,1.440000057220459,49.83599853515625,0.0,0.0,0.0,0.0,2.0,0.0,0.0,0.0,0.0,0.0,0.0,0.0
1,1,0,1,0,22.0,1,1,0,0,0.0,0.0,0.0,0.8500000238418579,24.06599998474121,0.0,0.0,0.0,0.0,2.0,0.0,1.0,0.0,3.0,1.0,0.0,0.0
0,0,0,0,0,23.0,2,1,0,0,0.0,0.0,1.0,3.240000009536743,44.321998596191406,0.0,0.0,0.0,0.0,0.0,0.0,0.0,1.0,2.0,1.0,0.0,1.0
0,1,1,0,0,25.0,4,0,1,0,0.0,1.0,0.0,2.069999933242798,47.867000579833984,0.0,0.0,0.0,0.0,1.0,0.0,0.0,0.0,1.0,0.0,0.0,0.0
0,1,1,0,0,20.0,1,0,1,0,0.0,1.0,0.0,4.190000057220459,60.49399948120117,0.0,0.0,0.0,0.0,1.0,0.0,0.0,0.0,1.0,1.0,0.0,0.0
0,1,0,1,0,24.0,1,0,0,0,0.0,1.0,0.0,4.019999980926514,85.9800033569336,0.0,0.0,0.0,0.0,1.0,0.0,0.0,0.0,1.0,0.0,0.0,0.0
0,0,0,0,0,26.0,1,0,0,0,0.0,1.0,0.0,4.019999980926514,96.66200256347656,0.0,0.0,0.0,0.0,0.0,0.0,0.0,0.0,0.0,0.0,0.0,0.0
1,0,0,1,0,24.0,1,0,0,0,0.0,1.0,0.0,5.5,47.50299835205078,1.0,1.0,0.0,0.0,0.0,0.0,0.0,2.0,1.0,1.0,0.0,0.0
0,0,0,0,0,27.0,3,0,0,0,0.0,0.0,1.0,4.070000171661377,99.6780014038086,0.0,0.0,0.0,0.0,1.0,0.0,0.0,1.0,0.0,0.0,0.0,0.0
0,1,1,0,0,22.0,2,0,0,0,0.0,1.0,0.0,3.680000066757202,15.041999816894531,0.0,0.0,0.0,0.0,0.0,0.0,0.0,0.0,1.0,0.0,0.0,0.0
0,1,0,0,0,28.0,1,0,0,0,0.0,0.0,1.0,6.28000020980835,73.82099914550781,0.0,0.0,0.0,0.0,0.0,0.0,0.0,0.0,0.0,0.0,0.0,0.0
0,1,0,0,0,32.0,1,0,0,0,0.0,0.0,1.0,5.409999847412109,95.30400085449219,0.0,0.0,0.0,0.0,1.0,0.0,0.0,0.0,0.0,0.0,0.0,0.0
0,1,0,0,0,34.0,1,0,0,0,0.0,0.0,1.0,5.409999847412109,92.46499633789062,0.0,0.0,0.0,0.0,1.0,0.0,0.0,0.0,0.0,0.0,0.0,0.0
0,1,0,0,0,32.0,2,0,0,0,0.0,0.0,1.0,7.340000152587891,88.77200317382812,0.0,0.0,0.0,0.0,0.0,0.0,0.0,0.0,1.0,0.0,0.0,0.0
0,0,0,0,0,24.0,2,0,0,0,0.0,0.0,1.0,3.740000009536743,91.39399719238281,0.0,0.0,0.0,1.0,0.0,0.0,0.0,1.0,1.0,0.0,0.0,0.0
0,1,0,0,0,25.0,2,0,0,0,0.0,0.0,1.0,3.740000009536743,97.85900115966797,0.0,1.0,0.0,0.0,1.0,0.0,0.0,0.0,0.0,0.0,0.0,0.0
0,1,0,0,0,37.0,1,0,0,0,0.0,0.0,1.0,6.110000133514404,99.18199920654297,2.0,0.0,0.0,0.0,0.0,0.0,0.0,0.0,0.0,0.0,0.0,0.0
0,0,0,0,0,29.0,1,0,0,0,0.0,0.0,1.0,16.270000457763672,97.06700134277344,0.0,0.0,0.0,0.0,1.0,0.0,0.0,0.0,0.0,0.0,0.0,0.0
0,1,1,0,0,22.0,4,0,0,0,0.0,0.0,1.0,2.299999952316284,19.55299949645996,0.0,0.0,0.0,0.0,1.0,0.0,1.0,0.0,0.0,0.0,0.0,0.0
1,0,1,0,0,22.0,2,1,0,0,0.0,1.0,0.0,0.3100000023841858,5.544000148773193,0.0,0.0,0.0,0.0,1.0,0.0,0.0,0.0,1.0,1.0,0.0,1.0
0,1,0,0,0,32.0,4,0,0,0,0.0,0.0,0.0,1.600000023841858,41.834999084472656,0.0,0.0,0.0,0.0,0.0,0.0,0.0,0.0,1.0,0.0,0.0,0.0
0,1,0,0,0,34.0,4,0,0,0,0.0,0.0,0.0,1.600000023841858,48.7859992980957,0.0,0.0,0.0,0.0,0.0,0.0,0.0,0.0,1.0,0.0,0.0,0.0
0,0,0,0,0,30.0,4,0,0,0,0.0,0.0,1.0,5.239999771118164,98.90899658203125,0.0,0.0,0.0,0.0,1.0,0.0,0.0,0.0,2.0,0.0,0.0,0.0
0,0,0,0,0,19.0,0,0,0,1,0.0,0.0,1.0,6.139999866485596,54.970001220703125,0.0,0.0,0.0,0.0,1.0,0.0,0.0,0.0,3.0,0.0,0.0,0.0
1,0,1,0,0,28.0,1,1,0,0,0.0,1.0,0.0,1.0499999523162842,22.302000045776367,0.0,0.0,0.0,0.0,2.0,1.0,0.0,1.0,1.0,1.0,0.0,1.0
1,0,0,1,0,23.0,2,1,0,0,1.0,0.0,0.0,3.0399999618530273,56.17599868774414,0.0,2.0,0.0,0.0,2.0,1.0,0.0,2.0,1.0,0.0,0.0,0.0
0,0,0,0,0,27.0,0,0,0,0,0.0,1.0,0.0,4.75,55.457000732421875,0.0,0.0,0.0,0.0,2.0,0.0,0.0,0.0,2.0,0.0,0.0,0.0
0,1,0,0,0,31.0,2,0,0,0,0.0,0.0,1.0,1.7599999904632568,70.56199645996094,0.0,0.0,0.0,0.0,0.0,0.0,0.0,0.0,1.0,0.0,0.0,0.0
1,1,0,0,0,27.0,3,0,0,0,1.0,0.0,0.0,3.5799999237060547,61.88800048828125,0.0,1.0,0.0,0.0,0.0,0.0,2.0,3.0,3.0,0.0,0.0,0.0
0,1,0,0,0,27.0,0,0,1,0,0.0,0.0,1.0,4.619999885559082,100.0,0.0,0.0,0.0,0.0,0.0,0.0,0.0,0.0,0.0,0.0,0.0,0.0
0,1,0,1,0,25.0,2,1,0,0,1.0,0.0,0.0,1.6299999952316284,53.584999084472656,0.0,0.0,0.0,0.0,1.0,0.0,0.0,1.0,1.0,0.0,0.0,0.0
0,0,0,0,0,28.0,1,0,0,0,0.0,1.0,0.0,4.860000133514404,73.14099884033203,1.0,3.0,0.0,0.0,2.0,0.0,0.0,4.0,4.0,3.0,0.0,0.0
0,0,0,0,0,32.0,1,0,0,0,0.0,0.0,1.0,3.990000009536743,95.66799926757812,0.0,0.0,0.0,0.0,1.0,0.0,0.0,1.0,0.0,0.0,0.0,0.0
0,1,0,0,0,32.0,0,0,0,0,0.0,0.0,1.0,4.800000190734863,64.85800170898438,0.0,0.0,0.0,0.0,0.0,0.0,0.0,0.0,0.0,0.0,0.0,0.0
0,0,0,0,0,28.0,1,0,0,0,0.0,0.0,1.0,4.650000095367432,93.03800201416016,2.0,2.0,0.0,0.0,0.0,0.0,0.0,2.0,2.0,2.0,0.0,1.0
1,1,0,0,0,32.0,0,0,0,0,0.0,1.0,0.0,7.130000114440918,70.11699676513672,0.0,0.0,0.0,0.0,0.0,0.0,0.0,2.0,1.0,1.0,0.0,0.0
0,1,0,0,0,29.0,2,0,0,0,0.0,0.0,1.0,3.5199999809265137,82.30400085449219,0.0,0.0,0.0,0.0,0.0,0.0,0.0,0.0,2.0,0.0,0.0,0.0
0,0,0,0,0,32.0,1,0,0,0,0.0,0.0,1.0,4.570000171661377,92.8239974975586,0.0,0.0,0.0,0.0,0.0,0.0,0.0,0.0,0.0,0.0,0.0,0.0
0,0,0,0,0,22.0,2,0,0,0,0.0,0.0,1.0,7.320000171661377,73.10199737548828,1.0,0.0,0.0,1.0,1.0,0.0,0.0,0.0,0.0,0.0,0.0,0.0
0,1,0,0,0,24.0,2,0,0,0,0.0,0.0,1.0,7.320000171661377,19.617000579833984,0.0,0.0,0.0,0.0,0.0,0.0,0.0,0.0,2.0,0.0,0.0,0.0
0,0,0,0,0,30.0,2,0,0,0,1.0,0.0,0.0,4.170000076293945,20.920000076293945,0.0,0.0,0.0,0.0,1.0,0.0,0.0,0.0,0.0,0.0,0.0,0.0
1,1,0,1,0,20.0,2,0,0,0,1.0,0.0,0.0,2.7200000286102295,36.577999114990234,0.0,0.0,0.0,0.0,0.0,0.0,0.0,2.0,1.0,1.0,0.0,1.0
1,0,0,1,0,21.0,2,0,0,0,1.0,0.0,0.0,2.7200000286102295,51.987998962402344,1.0,1.0,0.0,0.0,1.0,0.0,0.0,1.0,1.0,2.0,0.0,0.0
0,0,0,0,0,20.0,3,0,1,0,1.0,0.0,0.0,1.8600000143051147,33.42900085449219,0.0,0.0,0.0,0.0,1.0,0.0,0.0,1.0,0.0,0.0,0.0,0.0
1,1,1,0,0,19.0,2,1,0,0,1.0,0.0,0.0,0.7099999785423279,64.76399993896484,0.0,0.0,0.0,0.0,2.0,0.0,1.0,3.0,3.0,3.0,1.0,0.0
0,1,1,0,0,15.0,2,1,0,0,1.0,0.0,0.0,0.6000000238418579,2.2269999980926514,0.0,0.0,0.0,0.0,1.0,0.0,1.0,1.0,0.0,0.0,0.0,0.0
1,0,1,0,0,22.0,1,1,0,0,0.0,1.0,0.0,0.6800000071525574,10.130000114440918,2.0,1.0,2.0,1.0,3.0,4.0,1.0,4.0,1.0,3.0,0.0,1.0
0,0,0,0,0,23.0,1,0,0,0,0.0,0.0,1.0,2.7799999713897705,84.8219985961914,0.0,0.0,0.0,0.0,0.0,0.0,0.0,1.0,1.0,1.0,0.0,0.0
0,0,0,0,0,23.0,1,1,0,0,0.0,0.0,1.0,3.450000047683716,76.00199890136719,1.0,0.0,0.0,0.0,0.0,0.0,0.0,2.0,2.0,0.0,0.0,0.0
0,1,0,0,0,25.0,1,0,0,0,0.0,1.0,0.0,4.28000020980835,83.73500061035156,2.0,1.0,0.0,0.0,0.0,0.0,0.0,1.0,3.0,2.0,1.0,0.0
0,1,0,0,0,23.0,1,0,1,0,0.0,1.0,0.0,4.159999847412109,88.21299743652344,0.0,1.0,0.0,0.0,0.0,0.0,0.0,4.0,3.0,3.0,0.0,0.0
0,1,0,0,0,16.0,2,1,0,0,0.0,0.0,0.0,3.0299999713897705,28.145999908447266,0.0,0.0,0.0,0.0,0.0,0.0,0.0,2.0,1.0,0.0,0.0,0.0
0,1,0,0,0,27.0,1,0,0,0,0.0,0.0,1.0,3.9000000953674316,77.31999969482422,0.0,0.0,0.0,0.0,0.0,0.0,0.0,0.0,0.0,0.0,0.0,0.0
0,1,0,0,0,30.0,1,0,0,0,0.0,0.0,1.0,16.270000457763672,92.92400360107422,0.0,0.0,0.0,0.0,0.0,0.0,0.0,0.0,2.0,0.0,0.0,0.0
0,1,0,0,0,35.0,0,0,0,0,0.0,1.0,0.0,2.059999942779541,31.267000198364258,0.0,0.0,0.0,0.0,1.0,0.0,0.0,1.0,3.0,2.0,0.0,0.0
1,0,1,0,0,21.0,3,0,0,0,0.0,1.0,0.0,3.4800000190734863,60.224998474121094,3.0,0.0,1.0,2.0,1.0,0.0,1.0,1.0,1.0,2.0,0.0,1.0
1,1,1,0,0,23.0,3,0,0,0,0.0,1.0,0.0,3.4800000190734863,30.798999786376953,0.0,1.0,0.0,0.0,1.0,1.0,1.0,0.0,2.0,4.0,1.0,0.0
1,1,1,0,0,24.0,1,1,0,0,1.0,0.0,0.0,1.7899999618530273,65.68599700927734,0.0,0.0,0.0,0.0,1.0,0.0,0.0,0.0,1.0,0.0,0.0,0.0
1,1,0,0,0,17.0,2,0,1,0,1.0,0.0,0.0,4.940000057220459,65.61799621582031,1.0,0.0,0.0,0.0,1.0,0.0,0.0,1.0,1.0,1.0,0.0,0.0
1,1,0,0,0,18.0,2,0,1,0,1.0,0.0,0.0,4.940000057220459,23.16699981689453,2.0,1.0,2.0,0.0,1.0,1.0,0.0,3.0,2.0,1.0,0.0,1.0
0,1,0,0,0,31.0,1,0,0,0,0.0,1.0,0.0,8.300000190734863,17.211999893188477,0.0,0.0,0.0,0.0,0.0,0.0,0.0,0.0,0.0,0.0,0.0,0.0
1,1,0,0,0,21.0,2,1,0,0,0.0,1.0,0.0,1.7799999713897705,7.765999794006348,0.0,0.0,0.0,0.0,1.0,1.0,1.0,1.0,1.0,1.0,0.0,1.0
1,1,0,0,0,25.0,2,1,0,0,0.0,1.0,0.0,1.7799999713897705,32.72200012207031,0.0,1.0,1.0,0.0,0.0,1.0,3.0,3.0,3.0,3.0,2.0,1.0
0,0,0,0,0,25.0,0,0,1,0,1.0,0.0,0.0,7.389999866485596,92.93800354003906,0.0,0.0,0.0,0.0,0.0,0.0,0.0,0.0,0.0,0.0,0.0,0.0
0,0,1,0,0,23.0,4,1,0,0,1.0,0.0,0.0,0.5799999833106995,14.972999572753906,1.0,1.0,1.0,1.0,0.0,0.0,0.0,0.0,1.0,0.0,0.0,0.0
1,0,0,1,0,26.0,1,1,0,0,0.0,0.0,0.0,1.3799999952316284,72.98500061035156,1.0,0.0,1.0,0.0,1.0,1.0,0.0,1.0,0.0,0.0,0.0,1.0
0,1,0,1,0,28.0,1,1,0,0,0.0,0.0,0.0,1.3799999952316284,65.00299835205078,0.0,1.0,0.0,0.0,1.0,0.0,0.0,0.0,4.0,1.0,0.0,0.0
0,0,0,1,0,29.0,5,0,0,0,0.0,0.0,0.0,0.05000000074505806,2.943000078201294,0.0,0.0,0.0,0.0,0.0,0.0,0.0,0.0,0.0,0.0,0.0,0.0
0,1,0,0,0,17.0,4,0,0,0,0.0,1.0,0.0,2.200000047683716,40.111000061035156,0.0,0.0,1.0,0.0,2.0,0.0,1.0,1.0,3.0,2.0,0.0,0.0
0,1,0,0,0,22.0,2,1,0,0,0.0,0.0,1.0,1.2100000381469727,22.57900047302246,0.0,0.0,0.0,0.0,0.0,0.0,0.0,1.0,0.0,0.0,0.0,0.0
0,1,1,0,0,25.0,0,1,0,0,0.0,0.0,1.0,1.2899999618530273,45.362998962402344,0.0,0.0,0.0,0.0,0.0,0.0,0.0,0.0,1.0,1.0,0.0,0.0
1,1,0,1,0,28.0,1,0,0,0,0.0,1.0,0.0,3.7100000381469727,54.869998931884766,2.0,1.0,0.0,0.0,1.0,0.0,0.0,1.0,3.0,2.0,1.0,0.0
1,0,0,0,0,28.0,2,0,0,0,0.0,0.0,1.0,3.440000057220459,50.89400100708008,2.0,1.0,2.0,1.0,1.0,0.0,0.0,1.0,1.0,1.0,0.0,1.0
0,0,0,0,0,30.0,2,0,0,0,0.0,0.0,1.0,3.440000057220459,37.81100082397461,1.0,2.0,0.0,0.0,1.0,0.0,1.0,3.0,1.0,0.0,0.0,0.0
1,0,0,0,0,24.0,2,0,0,0,0.0,1.0,0.0,1.6100000143051147,59.15700149536133,2.0,1.0,0.0,1.0,1.0,0.0,0.0,0.0,1.0,0.0,0.0,0.0
0,1,0,0,0,26.0,2,0,0,0,0.0,1.0,0.0,1.6100000143051147,31.577999114990234,0.0,0.0,0.0,0.0,0.0,0.0,0.0,0.0,0.0,0.0,0.0,0.0
0,1,0,0,0,30.0,1,0,0,0,0.0,1.0,0.0,4.900000095367432,70.71800231933594,0.0,0.0,0.0,0.0,0.0,0.0,0.0,0.0,0.0,1.0,0.0,0.0
0,0,0,0,0,21.0,1,0,1,0,0.0,0.0,1.0,5.110000133514404,75.1729965209961,0.0,1.0,0.0,0.0,1.0,1.0,0.0,3.0,3.0,2.0,2.0,1.0
1,0,0,0,0,29.0,2,0,0,0,0.0,0.0,1.0,16.270000457763672,46.71500015258789,0.0,0.0,0.0,0.0,0.0,0.0,0.0,1.0,2.0,0.0,0.0,0.0
0,1,0,0,0,25.0,2,0,0,0,0.0,1.0,0.0,3.740000009536743,60.433998107910156,0.0,0.0,0.0,0.0,0.0,0.0,0.0,0.0,1.0,0.0,0.0,0.0
1,0,0,1,0,22.0,0,0,0,0,1.0,0.0,0.0,5.940000057220459,19.86400032043457,0.0,0.0,0.0,1.0,0.0,0.0,0.0,2.0,1.0,1.0,0.0,0.0
1,1,0,1,0,27.0,1,0,1,0,1.0,0.0,0.0,0.20000000298023224,46.4739990234375,1.0,0.0,0.0,2.0,2.0,0.0,1.0,3.0,3.0,2.0,0.0,1.0
1,1,0,0,0,18.0,1,0,1,0,1.0,0.0,0.0,0.12999999523162842,7.2270002365112305,0.0,0.0,0.0,0.0,0.0,0.0,0.0,1.0,0.0,0.0,0.0,0.0
1,0,0,0,0,19.0,1,0,1,0,1.0,0.0,0.0,0.12999999523162842,3.799999952316284,0.0,0.0,0.0,0.0,1.0,0.0,0.0,0.0,0.0,1.0,1.0,0.0
0,1,1,0,0,28.0,1,0,0,0,0.0,0.0,1.0,5.150000095367432,47.83000183105469,0.0,2.0,0.0,0.0,1.0,0.0,0.0,1.0,1.0,1.0,0.0,0.0
0,1,0,0,0,26.0,1,0,0,0,0.0,0.0,1.0,16.270000457763672,24.29400062561035,0.0,0.0,0.0,0.0,0.0,0.0,0.0,1.0,1.0,1.0,0.0,0.0
0,0,0,0,0,37.0,0,0,0,0,0.0,0.0,1.0,3.559999942779541,34.98699951171875,0.0,0.0,0.0,0.0,0.0,0.0,0.0,0.0,4.0,3.0,1.0,0.0
0,1,0,0,0,35.0,1,0,0,0,0.0,0.0,1.0,5.96999979019165,70.28800201416016,1.0,0.0,0.0,0.0,0.0,0.0,0.0,2.0,2.0,0.0,0.0,0.0
0,0,0,0,0,31.0,1,0,0,0,0.0,0.0,1.0,16.270000457763672,89.50199890136719,0.0,0.0,0.0,0.0,0.0,0.0,0.0,0.0,1.0,1.0,0.0,0.0
0,1,0,0,0,33.0,1,0,0,0,0.0,0.0,1.0,16.270000457763672,63.707000732421875,0.0,0.0,0.0,0.0,0.0,0.0,0.0,0.0,2.0,0.0,0.0,0.0
0,1,0,1,0,35.0,0,0,0,0,0.0,0.0,1.0,8.199999809265137,71.47100067138672,2.0,1.0,0.0,0.0,0.0,0.0,0.0,3.0,2.0,2.0,0.0,0.0
1,1,0,0,1,20.0,1,0,1,0,0.0,1.0,0.0,3.0199999809265137,25.009000778198242,0.0,0.0,0.0,0.0,1.0,0.0,0.0,0.0,1.0,1.0,0.0,0.0
0,1,1,0,0,23.0,0,0,1,0,0.0,1.0,0.0,3.0199999809265137,51.69499969482422,0.0,1.0,1.0,0.0,1.0,0.0,0.0,3.0,2.0,0.0,0.0,0.0
0,0,0,0,0,28.0,1,0,0,0,0.0,0.0,1.0,6.25,96.07499694824219,0.0,0.0,0.0,0.0,2.0,0.0,0.0,0.0,0.0,0.0,0.0,0.0
0,1,0,1,0,20.0,0,0,1,0,0.0,1.0,0.0,5.690000057220459,30.011999130249023,0.0,0.0,0.0,0.0,1.0,0.0,0.0,0.0,2.0,1.0,0.0,0.0
0,1,0,1,0,25.0,2,0,0,0,0.0,0.0,1.0,5.210000038146973,88.3030014038086,0.0,0.0,0.0,0.0,0.0,0.0,0.0,0.0,1.0,1.0,0.0,0.0
0,0,0,0,0,28.0,2,1,0,0,0.0,0.0,1.0,1.4500000476837158,97.75399780273438,2.0,2.0,2.0,1.0,0.0,0.0,2.0,0.0,2.0,0.0,0.0,0.0
0,0,0,0,0,31.0,2,0,0,0,0.0,0.0,1.0,8.300000190734863,84.9020004272461,2.0,1.0,0.0,1.0,0.0,0.0,0.0,3.0,2.0,2.0,0.0,0.0
1,0,0,0,0,33.0,2,0,0,0,0.0,0.0,1.0,8.300000190734863,76.74600219726562,3.0,2.0,0.0,1.0,1.0,0.0,2.0,2.0,3.0,3.0,0.0,0.0
0,1,0,0,0,30.0,1,0,0,0,0.0,0.0,1.0,5.96999979019165,84.14099884033203,0.0,0.0,0.0,0.0,1.0,0.0,0.0,0.0,0.0,0.0,0.0,0.0
0,0,0,0,0,32.0,1,0,0,0,0.0,1.0,0.0,2.369999885559082,81.01699829101562,0.0,0.0,0.0,0.0,0.0,0.0,0.0,0.0,1.0,0.0,0.0,0.0
0,1,0,1,0,27.0,1,0,1,0,0.0,0.0,1.0,8.369999885559082,88.91000366210938,0.0,1.0,0.0,0.0,1.0,0.0,0.0,2.0,1.0,1.0,0.0,0.0
0,1,0,1,0,30.0,1,0,1,0,0.0,0.0,1.0,8.369999885559082,46.224998474121094,0.0,2.0,0.0,0.0,1.0,0.0,0.0,4.0,4.0,2.0,0.0,0.0
0,1,0,0,0,32.0,2,0,0,0,0.0,0.0,1.0,6.889999866485596,74.56500244140625,0.0,0.0,0.0,0.0,0.0,0.0,0.0,0.0,1.0,0.0,0.0,0.0
0,1,0,0,0,28.0,1,0,0,0,0.0,0.0,1.0,16.270000457763672,66.5790023803711,0.0,0.0,0.0,1.0,0.0,0.0,0.0,2.0,1.0,1.0,1.0,0.0
0,1,0,0,0,31.0,1,0,0,0,0.0,0.0,1.0,16.270000457763672,92.72699737548828,0.0,0.0,0.0,0.0,0.0,0.0,0.0,2.0,4.0,2.0,0.0,1.0
0,0,0,0,0,34.0,0,0,0,0,0.0,0.0,1.0,9.510000228881836,53.44200134277344,0.0,0.0,0.0,0.0,0.0,0.0,0.0,3.0,3.0,2.0,0.0,0.0
1,1,0,0,0,31.0,1,0,0,0,0.0,0.0,1.0,4.659999847412109,38.87200164794922,1.0,0.0,0.0,0.0,0.0,0.0,0.0,2.0,1.0,1.0,1.0,0.0
0,1,0,0,0,30.0,1,0,0,0,0.0,0.0,1.0,6.599999904632568,68.61299896240234,1.0,2.0,1.0,0.0,0.0,0.0,0.0,0.0,3.0,0.0,0.0,0.0
0,0,0,0,0,28.0,1,1,0,0,0.0,0.0,1.0,3.559999942779541,83.26200103759766,0.0,1.0,0.0,0.0,0.0,0.0,0.0,3.0,2.0,1.0,0.0,0.0
0,0,0,0,0,28.0,2,1,0,0,0.0,0.0,1.0,8.699999809265137,96.5999984741211,0.0,1.0,0.0,0.0,0.0,1.0,0.0,0.0,1.0,1.0,0.0,0.0
0,0,0,0,0,32.0,2,0,0,0,0.0,0.0,1.0,3.930000066757202,14.041999816894531,0.0,0.0,1.0,0.0,1.0,0.0,0.0,0.0,0.0,0.0,0.0,0.0
0,1,0,0,0,25.0,0,0,0,0,0.0,0.0,1.0,16.270000457763672,65.85900115966797,0.0,0.0,0.0,0.0,0.0,0.0,0.0,0.0,2.0,0.0,0.0,0.0
0,0,0,0,0,27.0,2,0,0,0,0.0,0.0,1.0,3.1500000953674316,97.28700256347656,0.0,0.0,0.0,0.0,1.0,1.0,0.0,0.0,1.0,0.0,0.0,0.0
0,1,0,1,0,27.0,2,0,0,0,0.0,0.0,1.0,5.710000038146973,41.79499816894531,1.0,2.0,0.0,0.0,0.0,0.0,0.0,2.0,3.0,2.0,0.0,0.0
0,1,0,0,1,25.0,1,0,0,0,0.0,0.0,1.0,8.800000190734863,92.5530014038086,0.0,0.0,0.0,0.0,0.0,0.0,0.0,0.0,0.0,0.0,0.0,0.0
0,1,0,0,0,33.0,1,0,0,0,0.0,0.0,1.0,16.270000457763672,57.77899932861328,0.0,0.0,0.0,0.0,0.0,0.0,0.0,0.0,0.0,0.0,0.0,0.0
0,0,0,0,0,25.0,2,0,0,0,0.0,0.0,1.0,2.619999885559082,81.08200073242188,1.0,0.0,0.0,0.0,1.0,0.0,0.0,3.0,2.0,0.0,0.0,0.0
0,0,0,0,0,30.0,1,0,0,0,0.0,0.0,1.0,5.590000152587891,99.14700317382812,2.0,2.0,0.0,2.0,0.0,1.0,0.0,1.0,2.0,2.0,2.0,0.0
0,0,0,0,0,21.0,2,0,0,0,0.0,1.0,0.0,2.9700000286102295,45.486000061035156,1.0,1.0,1.0,1.0,1.0,0.0,0.0,2.0,1.0,0.0,0.0,0.0
0,0,0,0,0,24.0,0,0,1,0,0.0,0.0,1.0,7.28000020980835,37.900001525878906,0.0,0.0,0.0,0.0,1.0,0.0,0.0,0.0,1.0,0.0,0.0,1.0
0,1,0,0,0,28.0,1,0,0,0,0.0,0.0,1.0,8.09000015258789,98.75800323486328,0.0,0.0,0.0,0.0,0.0,0.0,0.0,0.0,0.0,0.0,0.0,0.0
1,0,0,0,0,25.0,1,1,0,0,0.0,0.0,1.0,16.270000457763672,8.362000465393066,2.0,2.0,1.0,0.0,0.0,0.0,0.0,2.0,1.0,1.0,0.0,0.0
0,1,0,1,0,28.0,1,0,1,0,0.0,0.0,0.0,2.9200000762939453,36.803001403808594,1.0,0.0,0.0,0.0,0.0,0.0,0.0,1.0,1.0,1.0,0.0,0.0
1,0,0,1,0,24.0,1,1,0,0,1.0,0.0,0.0,1.5,78.31800079345703,1.0,2.0,2.0,1.0,1.0,1.0,0.0,4.0,3.0,3.0,1.0,1.0
0,1,0,0,0,33.0,0,1,0,0,1.0,0.0,0.0,6.599999904632568,97.31600189208984,0.0,0.0,0.0,0.0,0.0,0.0,0.0,0.0,0.0,0.0,0.0,0.0
0,1,0,0,0,30.0,2,0,0,0,0.0,0.0,1.0,4.409999847412109,62.97800064086914,0.0,0.0,0.0,0.0,0.0,0.0,0.0,0.0,0.0,0.0,0.0,0.0
1,1,0,0,0,25.0,2,0,0,0,0.0,1.0,0.0,5.869999885559082,36.03900146484375,0.0,1.0,0.0,0.0,1.0,0.0,0.0,1.0,1.0,0.0,0.0,0.0
1,0,1,0,0,31.0,1,0,0,0,0.0,0.0,0.0,1.6399999856948853,39.7869987487793,1.0,0.0,1.0,1.0,1.0,0.0,0.0,2.0,2.0,1.0,1.0,1.0
1,0,0,0,0,25.0,1,0,0,0,1.0,0.0,0.0,0.44999998807907104,54.834999084472656,0.0,0.0,1.0,0.0,2.0,2.0,0.0,0.0,0.0,0.0,0.0,1.0
1,0,0,0,0,19.0,3,0,1,0,0.0,0.0,1.0,2.180000066757202,47.38600158691406,2.0,1.0,1.0,0.0,1.0,0.0,1.0,0.0,2.0,2.0,0.0,0.0
0,0,0,0,0,21.0,3,0,1,0,0.0,0.0,1.0,2.180000066757202,18.999000549316406,1.0,0.0,0.0,0.0,2.0,0.0,0.0,0.0,0.0,0.0,0.0,0.0
0,0,0,0,0,26.0,1,0,0,0,0.0,1.0,0.0,2.7300000190734863,82.177001953125,2.0,2.0,0.0,1.0,0.0,0.0,0.0,2.0,0.0,0.0,0.0,0.0
0,0,0,0,0,31.0,2,0,0,0,0.0,0.0,1.0,3.3399999141693115,99.06700134277344,0.0,1.0,0.0,0.0,1.0,0.0,0.0,2.0,1.0,1.0,0.0,0.0
0,0,0,0,0,33.0,2,0,0,0,0.0,0.0,1.0,3.3399999141693115,90.81700134277344,0.0,1.0,0.0,0.0,1.0,0.0,0.0,0.0,3.0,0.0,0.0,0.0
0,0,1,0,0,26.0,1,0,0,0,0.0,1.0,0.0,3.2799999713897705,68.13899993896484,0.0,0.0,0.0,1.0,2.0,0.0,0.0,0.0,0.0,0.0,0.0,0.0
1,0,0,0,0,26.0,1,0,0,0,0.0,0.0,1.0,3.809999942779541,29.819000244140625,0.0,0.0,0.0,0.0,1.0,1.0,0.0,0.0,1.0,1.0,1.0,0.0
0,0,0,0,0,27.0,1,0,0,0,0.0,0.0,1.0,3.809999942779541,69.02100372314453,1.0,0.0,0.0,1.0,0.0,0.0,0.0,0.0,0.0,0.0,0.0,0.0
0,1,0,0,0,33.0,3,1,0,0,1.0,0.0,0.0,3.5799999237060547,17.283000946044922,0.0,0.0,0.0,0.0,0.0,0.0,1.0,0.0,1.0,0.0,0.0,0.0
0,0,0,0,0,28.0,2,0,0,0,0.0,0.0,1.0,4.489999771118164,89.39700317382812,0.0,0.0,0.0,0.0,2.0,0.0,0.0,0.0,0.0,0.0,0.0,0.0
0,0,0,0,0,27.0,1,0,1,0,0.0,0.0,1.0,5.840000152587891,14.470000267028809,0.0,0.0,0.0,0.0,1.0,0.0,0.0,0.0,0.0,0.0,0.0,0.0
0,1,0,0,0,27.0,2,0,0,0,0.0,1.0,0.0,4.559999942779541,87.73999786376953,1.0,1.0,0.0,0.0,0.0,0.0,0.0,0.0,3.0,2.0,0.0,0.0
1,1,0,0,0,25.0,3,1,0,0,0.0,0.0,1.0,2.319999933242798,66.01499938964844,0.0,0.0,0.0,0.0,1.0,0.0,0.0,0.0,1.0,1.0,0.0,0.0
0,1,0,1,0,24.0,1,0,0,0,0.0,1.0,0.0,1.600000023841858,63.808998107910156,0.0,0.0,0.0,0.0,0.0,0.0,0.0,0.0,0.0,0.0,0.0,0.0
0,1,0,0,0,29.0,2,0,1,0,0.0,1.0,0.0,4.400000095367432,95.9280014038086,0.0,0.0,0.0,0.0,1.0,0.0,0.0,0.0,1.0,0.0,0.0,0.0
0,0,0,0,0,31.0,1,0,0,0,0.0,0.0,1.0,3.140000104904175,75.37799835205078,0.0,0.0,0.0,0.0,1.0,0.0,0.0,1.0,1.0,0.0,0.0,0.0
0,1,0,0,0,38.0,1,1,0,0,0.0,0.0,0.0,3.640000104904175,59.518001556396484,0.0,0.0,0.0,0.0,1.0,0.0,1.0,3.0,2.0,1.0,0.0,0.0
0,0,1,0,0,22.0,1,1,0,0,0.0,0.0,0.0,0.28999999165534973,10.319000244140625,0.0,1.0,1.0,0.0,1.0,1.0,0.0,3.0,1.0,1.0,0.0,1.0
0,0,1,0,0,19.0,2,0,0,1,1.0,0.0,0.0,0.27000001072883606,0.8349999785423279,3.0,1.0,2.0,0.0,1.0,0.0,0.0,3.0,1.0,2.0,0.0,1.0
1,1,1,0,0,18.0,4,0,1,0,0.0,0.0,0.0,0.27000001072883606,12.321000099182129,2.0,0.0,0.0,0.0,0.0,0.0,0.0,1.0,1.0,0.0,0.0,0.0
0,0,1,0,0,15.0,3,1,0,0,0.0,0.0,0.0,0.1899999976158142,0.0,0.0,0.0,0.0,0.0,1.0,0.0,0.0,2.0,1.0,1.0,0.0,1.0
0,1,1,0,0,17.0,3,1,0,0,0.0,0.0,0.0,0.1899999976158142,16.71299934387207,0.0,0.0,0.0,0.0,1.0,0.0,0.0,0.0,1.0,0.0,0.0,0.0
0,0,1,0,0,25.0,3,1,0,0,0.0,0.0,0.0,0.14000000059604645,6.127999782562256,0.0,0.0,0.0,0.0,2.0,0.0,0.0,0.0,0.0,0.0,0.0,0.0
1,0,1,0,0,27.0,2,1,0,0,1.0,0.0,0.0,0.25,10.081999778747559,0.0,1.0,0.0,0.0,1.0,0.0,0.0,3.0,3.0,0.0,0.0,0.0
1,0,0,1,0,23.0,1,1,0,0,0.0,0.0,0.0,2.130000114440918,13.880999565124512,0.0,1.0,1.0,0.0,1.0,0.0,0.0,1.0,0.0,0.0,0.0,1.0
1,0,1,0,0,17.0,1,1,0,0,1.0,0.0,0.0,0.3799999952316284,44.03200149536133,0.0,0.0,0.0,0.0,1.0,0.0,0.0,0.0,0.0,0.0,0.0,0.0
0,1,1,0,0,18.0,3,1,0,0,0.0,0.0,0.0,1.0,7.204999923706055,0.0,0.0,0.0,0.0,1.0,0.0,0.0,0.0,0.0,0.0,0.0,0.0
0,1,1,0,0,14.0,0,1,0,0,0.0,0.0,0.0,0.3499999940395355,46.47999954223633,1.0,0.0,0.0,0.0,0.0,0.0,0.0,0.0,0.0,0.0,0.0,0.0
0,1,1,0,0,25.0,2,1,0,0,1.0,0.0,0.0,0.3799999952316284,30.32900047302246,0.0,0.0,0.0,0.0,1.0,0.0,0.0,0.0,0.0,0.0,0.0,0.0
1,0,1,0,0,28.0,0,1,0,0,0.0,1.0,0.0,2.5899999141693115,13.270000457763672,0.0,0.0,0.0,0.0,0.0,0.0,0.0,0.0,0.0,0.0,0.0,0.0
1,1,1,0,0,29.0,2,0,0,0,0.0,1.0,0.0,1.5,57.48699951171875,0.0,1.0,1.0,0.0,0.0,0.0,2.0,0.0,1.0,0.0,0.0,0.0
1,1,0,1,0,16.0,4,0,0,0,0.0,0.0,0.0,1.0700000524520874,34.814998626708984,2.0,1.0,1.0,1.0,2.0,1.0,1.0,1.0,3.0,0.0,0.0,1.0
1,0,0,1,0,18.0,4,0,0,0,0.0,0.0,0.0,1.0700000524520874,26.062999725341797,2.0,1.0,0.0,0.0,1.0,1.0,0.0,3.0,1.0,1.0,0.0,0.0
1,1,1,0,0,21.0,2,0,1,0,0.0,1.0,0.0,2.5199999809265137,48.01599884033203,0.0,0.0,0.0,0.0,1.0,0.0,0.0,0.0,1.0,1.0,0.0,0.0
1,0,0,1,0,21.0,1,0,0,0,1.0,0.0,0.0,3.4600000381469727,74.76799774169922,0.0,0.0,0.0,0.0,0.0,0.0,0.0,0.0,4.0,1.0,0.0,0.0
0,1,0,0,0,23.0,1,0,0,0,0.0,0.0,1.0,6.269999980926514,96.8489990234375,0.0,0.0,0.0,0.0,0.0,0.0,0.0,2.0,1.0,1.0,0.0,0.0
0,0,0,0,0,25.0,1,0,0,0,0.0,0.0,1.0,6.269999980926514,89.97000122070312,0.0,0.0,0.0,0.0,1.0,1.0,0.0,0.0,1.0,0.0,0.0,0.0
1,0,0,0,0,31.0,1,0,0,0,0.0,0.0,1.0,4.090000152587891,25.218000411987305,0.0,0.0,0.0,0.0,0.0,0.0,0.0,0.0,2.0,0.0,0.0,0.0
0,0,0,0,0,27.0,1,0,0,0,0.0,0.0,1.0,7.019999980926514,95.23699951171875,1.0,1.0,0.0,0.0,0.0,0.0,0.0,0.0,1.0,0.0,0.0,0.0
1,1,0,0,0,28.0,1,0,0,0,0.0,0.0,1.0,6.28000020980835,63.819000244140625,0.0,1.0,0.0,0.0,0.0,0.0,0.0,2.0,2.0,2.0,1.0,0.0
0,1,0,1,0,23.0,2,0,0,0,1.0,0.0,0.0,2.940000057220459,93.44100189208984,0.0,0.0,0.0,0.0,0.0,0.0,0.0,0.0,0.0,0.0,0.0,0.0
0,0,0,0,0,20.0,2,1,0,0,0.0,1.0,0.0,2.25,84.37899780273438,0.0,1.0,0.0,1.0,0.0,0.0,0.0,0.0,0.0,0.0,0.0,1.0
0,1,1,0,0,32.0,2,1,0,0,0.0,0.0,1.0,2.640000104904175,24.97100067138672,0.0,0.0,0.0,0.0,1.0,0.0,0.0,0.0,1.0,0.0,0.0,0.0
1,1,1,0,0,19.0,1,1,0,0,0.0,1.0,0.0,0.5099999904632568,42.959999084472656,1.0,0.0,2.0,0.0,1.0,0.0,0.0,1.0,2.0,2.0,0.0,1.0
0,1,1,0,0,24.0,9,1,0,0,0.0,0.0,0.0,0.3400000035762787,7.269999980926514,0.0,0.0,0.0,0.0,2.0,0.0,0.0,0.0,0.0,0.0,0.0,0.0
0,1,0,1,0,15.0,4,1,0,0,0.0,0.0,0.0,0.36000001430511475,14.494999885559082,0.0,0.0,0.0,0.0,0.0,0.0,0.0,0.0,0.0,0.0,0.0,0.0
0,1,0,0,0,30.0,2,0,0,0,0.0,1.0,0.0,3.319999933242798,39.86399841308594,0.0,2.0,0.0,0.0,1.0,0.0,0.0,3.0,2.0,1.0,0.0,0.0
1,0,0,0,1,22.0,2,1,0,0,0.0,1.0,0.0,0.5099999904632568,29.36400032043457,2.0,0.0,0.0,0.0,1.0,0.0,0.0,3.0,3.0,3.0,0.0,1.0
0,1,0,0,0,18.0,1,0,0,0,0.0,1.0,0.0,3.0799999237060547,61.1609992980957,0.0,0.0,0.0,0.0,0.0,0.0,0.0,1.0,2.0,0.0,0.0,0.0
0,0,0,0,0,27.0,0,0,1,0,1.0,0.0,0.0,3.759999990463257,98.8270034790039,2.0,0.0,0.0,0.0,0.0,0.0,0.0,1.0,1.0,1.0,1.0,0.0
0,1,0,1,0,29.0,2,0,1,0,1.0,0.0,0.0,4.019999980926514,34.749000549316406,0.0,0.0,0.0,0.0,0.0,0.0,0.0,0.0,0.0,0.0,0.0,0.0
1,0,0,0,0,23.0,1,0,0,0,0.0,0.0,1.0,5.309999942779541,70.93800354003906,0.0,2.0,0.0,2.0,1.0,2.0,0.0,2.0,2.0,0.0,1.0,0.0
0,1,0,0,0,27.0,1,0,0,0,0.0,0.0,1.0,9.140000343322754,86.26000213623047,0.0,0.0,0.0,0.0,1.0,0.0,0.0,0.0,3.0,0.0,0.0,0.0
0,0,0,0,0,28.0,1,0,0,0,0.0,0.0,1.0,9.140000343322754,47.52000045776367,1.0,0.0,0.0,0.0,0.0,0.0,0.0,0.0,1.0,0.0,0.0,0.0
0,1,0,1,0,28.0,1,0,0,0,1.0,0.0,0.0,3.140000104904175,76.26699829101562,0.0,0.0,0.0,0.0,1.0,0.0,0.0,2.0,1.0,0.0,0.0,0.0
0,1,0,0,0,33.0,1,0,0,0,0.0,1.0,0.0,3.680000066757202,70.11599731445312,0.0,0.0,0.0,0.0,0.0,0.0,0.0,0.0,3.0,0.0,0.0,0.0
0,0,0,1,0,18.0,2,1,0,0,0.0,0.0,0.0,0.38999998569488525,20.70199966430664,0.0,0.0,0.0,0.0,1.0,0.0,0.0,0.0,1.0,0.0,0.0,0.0
1,0,0,0,0,21.0,2,1,0,0,0.0,1.0,0.0,0.33000001311302185,94.83699798583984,4.0,2.0,0.0,1.0,0.0,0.0,0.0,1.0,2.0,0.0,0.0,0.0
1,0,0,0,0,22.0,2,1,0,0,0.0,1.0,0.0,0.33000001311302185,77.22799682617188,1.0,3.0,0.0,0.0,0.0,0.0,0.0,3.0,0.0,2.0,1.0,0.0
0,0,0,0,0,28.0,1,0,0,0,1.0,0.0,0.0,4.269999980926514,24.545000076293945,0.0,0.0,0.0,0.0,0.0,0.0,0.0,0.0,0.0,0.0,0.0,0.0
1,1,0,0,0,31.0,1,1,0,0,1.0,0.0,0.0,2.380000114440918,5.579999923706055,0.0,0.0,0.0,0.0,0.0,0.0,1.0,2.0,1.0,1.0,0.0,0.0
0,1,0,0,0,29.0,1,0,0,0,1.0,0.0,0.0,5.300000190734863,67.80400085449219,0.0,1.0,0.0,0.0,0.0,0.0,0.0,2.0,2.0,2.0,0.0,0.0
0,1,0,0,0,31.0,1,0,0,0,1.0,0.0,0.0,5.300000190734863,75.64600372314453,0.0,0.0,0.0,0.0,0.0,0.0,0.0,3.0,2.0,0.0,0.0,0.0
1,0,0,0,0,27.0,2,0,0,0,0.0,0.0,1.0,5.869999885559082,80.55899810791016,1.0,1.0,0.0,0.0,0.0,0.0,0.0,0.0,0.0,0.0,0.0,0.0
0,0,0,0,0,23.0,0,0,0,0,0.0,0.0,1.0,4.909999847412109,99.29399871826172,0.0,0.0,0.0,0.0,0.0,0.0,0.0,0.0,2.0,0.0,0.0,0.0
0,1,0,0,0,22.0,2,1,0,0,0.0,1.0,0.0,1.909999966621399,84.77300262451172,0.0,1.0,0.0,0.0,0.0,0.0,0.0,0.0,1.0,0.0,0.0,0.0
0,1,0,0,0,23.0,2,1,0,0,0.0,1.0,0.0,1.909999966621399,56.86000061035156,2.0,1.0,0.0,0.0,0.0,0.0,1.0,4.0,3.0,2.0,0.0,0.0
0,1,0,0,0,28.0,1,0,0,0,0.0,1.0,0.0,2.4100000858306885,88.64700317382812,0.0,0.0,0.0,0.0,0.0,0.0,0.0,1.0,1.0,1.0,0.0,0.0
0,1,0,0,0,30.0,1,0,0,0,0.0,1.0,0.0,2.4100000858306885,73.48999786376953,0.0,0.0,0.0,0.0,1.0,0.0,0.0,0.0,0.0,0.0,0.0,0.0
0,0,0,0,0,27.0,0,1,0,0,0.0,0.0,1.0,0.5299999713897705,64.59100341796875,0.0,1.0,0.0,0.0,0.0,0.0,3.0,0.0,0.0,0.0,0.0,0.0
0,1,0,0,0,20.0,3,1,0,0,0.0,1.0,0.0,1.9299999475479126,63.07400131225586,0.0,2.0,0.0,0.0,0.0,0.0,0.0,0.0,3.0,1.0,0.0,0.0
0,1,0,1,0,24.0,1,0,0,0,1.0,0.0,0.0,2.7200000286102295,12.720000267028809,0.0,0.0,0.0,0.0,0.0,0.0,0.0,1.0,2.0,2.0,0.0,0.0
1,1,0,0,0,20.0,1,0,1,0,1.0,0.0,0.0,3.9800000190734863,61.185001373291016,1.0,0.0,0.0,0.0,1.0,0.0,0.0,0.0,0.0,0.0,0.0,0.0
0,1,0,0,0,24.0,1,0,0,0,0.0,0.0,1.0,4.380000114440918,20.37299919128418,0.0,0.0,0.0,0.0,0.0,0.0,1.0,2.0,0.0,0.0,0.0,0.0
0,0,0,0,0,28.0,2,0,1,0,0.0,0.0,1.0,2.880000114440918,85.52300262451172,0.0,0.0,1.0,0.0,1.0,1.0,0.0,0.0,2.0,0.0,0.0,0.0
0,0,0,0,0,27.0,2,0,0,0,0.0,0.0,1.0,4.349999904632568,97.58899688720703,2.0,2.0,0.0,0.0,0.0,0.0,0.0,1.0,1.0,0.0,0.0,0.0
0,0,0,0,0,30.0,2,0,0,0,0.0,0.0,1.0,4.349999904632568,83.90599822998047,1.0,2.0,0.0,0.0,0.0,0.0,0.0,3.0,3.0,4.0,0.0,0.0
0,1,0,0,0,21.0,1,1,0,0,0.0,1.0,0.0,2.450000047683716,76.36299896240234,0.0,0.0,0.0,0.0,0.0,0.0,0.0,0.0,2.0,0.0,0.0,0.0
1,0,0,0,0,23.0,1,1,0,0,0.0,1.0,0.0,2.450000047683716,11.057000160217285,1.0,0.0,0.0,0.0,1.0,0.0,0.0,1.0,3.0,0.0,0.0,0.0
0,1,0,0,0,28.0,1,0,0,0,0.0,1.0,0.0,2.700000047683716,98.08200073242188,0.0,0.0,0.0,0.0,0.0,0.0,0.0,0.0,0.0,0.0,0.0,0.0
0,0,0,0,0,20.0,2,0,0,0,1.0,0.0,0.0,0.8799999952316284,38.96799850463867,0.0,0.0,0.0,0.0,0.0,0.0,0.0,0.0,2.0,0.0,0.0,1.0
0,0,0,1,0,30.0,1,1,0,0,0.0,1.0,0.0,4.75,92.1719970703125,2.0,3.0,2.0,2.0,0.0,0.0,1.0,3.0,3.0,3.0,2.0,1.0
0,1,0,1,0,26.0,3,0,0,0,1.0,0.0,0.0,3.759999990463257,78.41699981689453,0.0,0.0,0.0,0.0,0.0,0.0,0.0,0.0,1.0,0.0,0.0,0.0
0,1,0,0,0,26.0,3,0,0,0,1.0,0.0,0.0,3.759999990463257,64.76399993896484,0.0,0.0,0.0,0.0,0.0,0.0,0.0,0.0,1.0,0.0,0.0,0.0
0,0,0,0,0,37.0,1,0,0,0,0.0,0.0,1.0,4.130000114440918,94.93699645996094,0.0,0.0,0.0,0.0,1.0,0.0,0.0,0.0,2.0,0.0,0.0,0.0
1,1,0,1,0,25.0,1,1,0,0,1.0,0.0,0.0,2.609999895095825,49.608001708984375,2.0,1.0,0.0,0.0,1.0,0.0,0.0,2.0,1.0,1.0,0.0,0.0
1,0,0,0,0,21.0,1,0,0,0,1.0,0.0,0.0,3.8499999046325684,77.23699951171875,0.0,0.0,0.0,0.0,1.0,0.0,0.0,0.0,0.0,0.0,0.0,0.0
0,0,0,0,0,30.0,1,0,0,0,1.0,0.0,0.0,2.509999990463257,92.34100341796875,0.0,0.0,0.0,0.0,1.0,0.0,0.0,0.0,2.0,0.0,0.0,0.0
0,1,0,0,0,32.0,1,0,0,0,1.0,0.0,0.0,2.509999990463257,93.79000091552734,0.0,0.0,0.0,0.0,0.0,0.0,0.0,1.0,1.0,1.0,0.0,0.0
1,0,0,0,0,22.0,2,0,1,0,1.0,0.0,0.0,2.6700000762939453,21.344999313354492,1.0,0.0,1.0,1.0,1.0,1.0,0.0,3.0,0.0,1.0,0.0,1.0
1,1,1,0,0,25.0,2,1,0,0,0.0,1.0,0.0,0.7200000286102295,45.52899932861328,3.0,0.0,0.0,0.0,0.0,1.0,2.0,2.0,3.0,3.0,1.0,0.0
0,0,1,0,0,18.0,1,1,0,0,0.0,0.0,0.0,3.5299999713897705,22.53700065612793,0.0,0.0,0.0,0.0,1.0,0.0,0.0,0.0,0.0,0.0,0.0,0.0
0,0,1,0,0,21.0,1,1,0,0,1.0,0.0,0.0,3.4600000381469727,24.3700008392334,0.0,0.0,0.0,0.0,2.0,0.0,0.0,0.0,0.0,0.0,0.0,0.0
1,0,1,0,0,19.0,1,1,0,0,0.0,1.0,0.0,1.0,13.781999588012695,0.0,0.0,0.0,0.0,1.0,0.0,0.0,2.0,1.0,1.0,0.0,1.0
1,1,0,0,1,36.0,1,0,0,0,0.0,0.0,1.0,16.270000457763672,73.60399627685547,0.0,0.0,0.0,0.0,0.0,0.0,0.0,3.0,3.0,0.0,0.0,0.0
0,1,0,0,0,25.0,2,0,1,0,0.0,0.0,1.0,3.4700000286102295,46.24599838256836,0.0,0.0,0.0,0.0,0.0,0.0,0.0,0.0,0.0,0.0,0.0,0.0
1,0,0,0,0,29.0,1,0,0,0,0.0,0.0,1.0,6.25,82.54900360107422,0.0,1.0,0.0,0.0,0.0,0.0,0.0,2.0,2.0,0.0,0.0,1.0
1,0,0,0,0,32.0,1,0,0,0,0.0,0.0,1.0,16.270000457763672,39.20100021362305,3.0,1.0,0.0,1.0,0.0,0.0,0.0,0.0,3.0,1.0,1.0,0.0
0,0,0,0,0,40.0,1,0,0,0,0.0,0.0,1.0,16.270000457763672,86.22000122070312,0.0,0.0,0.0,0.0,0.0,0.0,0.0,0.0,1.0,0.0,0.0,0.0
1,0,0,0,0,28.0,1,0,0,0,0.0,0.0,1.0,5.25,93.4800033569336,2.0,1.0,0.0,0.0,1.0,0.0,0.0,0.0,2.0,0.0,0.0,0.0
0,0,0,0,0,29.0,2,0,0,0,0.0,0.0,1.0,4.460000038146973,92.6240005493164,1.0,2.0,0.0,1.0,0.0,0.0,0.0,0.0,0.0,0.0,0.0,0.0
0,0,0,0,0,28.0,0,0,0,0,0.0,0.0,1.0,9.210000038146973,44.270999908447266,0.0,1.0,0.0,0.0,0.0,0.0,0.0,0.0,1.0,0.0,0.0,0.0
0,0,0,0,0,25.0,1,0,0,0,0.0,0.0,1.0,16.270000457763672,98.47899627685547,0.0,0.0,0.0,0.0,0.0,0.0,0.0,1.0,2.0,1.0,0.0,0.0
0,0,0,0,0,31.0,1,0,0,0,0.0,0.0,1.0,5.809999942779541,49.81100082397461,2.0,0.0,0.0,0.0,0.0,0.0,0.0,2.0,2.0,0.0,0.0,0.0
0,1,0,0,0,25.0,1,0,0,0,0.0,1.0,0.0,16.270000457763672,88.00199890136719,0.0,0.0,0.0,0.0,0.0,0.0,0.0,1.0,1.0,1.0,0.0,0.0
0,0,0,0,0,30.0,5,0,0,0,0.0,0.0,1.0,1.7200000286102295,100.0,0.0,0.0,0.0,0.0,0.0,0.0,0.0,0.0,0.0,0.0,0.0,0.0
0,1,0,0,0,32.0,5,0,0,0,0.0,0.0,1.0,1.7200000286102295,74.0270004272461,0.0,0.0,0.0,0.0,0.0,0.0,0.0,0.0,0.0,0.0,0.0,0.0
0,1,0,0,0,25.0,1,0,0,0,0.0,0.0,1.0,16.270000457763672,37.43299865722656,0.0,0.0,0.0,0.0,1.0,0.0,0.0,2.0,1.0,0.0,0.0,0.0
1,0,0,0,0,27.0,1,0,0,0,0.0,0.0,1.0,16.270000457763672,73.35099792480469,1.0,0.0,0.0,0.0,1.0,0.0,0.0,1.0,2.0,1.0,0.0,0.0
0,0,0,0,0,32.0,1,0,0,0,0.0,0.0,1.0,3.5399999618530273,87.68599700927734,0.0,0.0,0.0,0.0,0.0,0.0,0.0,0.0,0.0,0.0,0.0,0.0
1,0,0,1,0,35.0,0,0,0,1,0.0,0.0,1.0,3.5399999618530273,74.94000244140625,2.0,1.0,2.0,0.0,1.0,0.0,1.0,0.0,2.0,0.0,0.0,0.0
0,1,0,0,0,32.0,1,0,0,0,0.0,0.0,1.0,3.1500000953674316,63.28499984741211,0.0,0.0,0.0,0.0,0.0,0.0,0.0,0.0,0.0,0.0,0.0,0.0
1,1,0,0,0,20.0,1,0,1,0,1.0,0.0,0.0,4.090000152587891,10.04800033569336,2.0,2.0,1.0,1.0,1.0,0.0,0.0,4.0,4.0,4.0,1.0,0.0
0,1,0,0,0,17.0,1,1,0,0,0.0,1.0,0.0,2.8499999046325684,20.099000930786133,0.0,3.0,0.0,0.0,1.0,0.0,1.0,3.0,2.0,1.0,0.0,0.0
1,0,0,0,0,19.0,1,1,0,0,0.0,1.0,0.0,2.8499999046325684,13.215999603271484,1.0,1.0,0.0,1.0,1.0,0.0,0.0,0.0,1.0,0.0,0.0,0.0
0,0,0,0,0,19.0,3,0,0,0,0.0,1.0,0.0,3.0999999046325684,13.241000175476074,0.0,0.0,0.0,0.0,2.0,2.0,0.0,0.0,0.0,0.0,0.0,0.0
0,0,0,0,0,22.0,3,0,0,0,0.0,1.0,0.0,3.0999999046325684,20.881000518798828,1.0,0.0,0.0,0.0,0.0,0.0,0.0,0.0,0.0,0.0,0.0,0.0
0,0,0,0,0,24.0,1,0,0,0,1.0,0.0,0.0,2.5199999809265137,21.211000442504883,0.0,0.0,0.0,0.0,0.0,0.0,0.0,4.0,3.0,1.0,0.0,0.0
1,0,0,0,0,26.0,1,0,0,0,0.0,0.0,1.0,16.270000457763672,98.1449966430664,1.0,0.0,0.0,0.0,0.0,0.0,0.0,1.0,1.0,1.0,1.0,0.0
1,1,0,0,0,27.0,1,1,0,0,0.0,1.0,0.0,2.690000057220459,84.81199645996094,0.0,0.0,0.0,0.0,0.0,0.0,0.0,2.0,1.0,0.0,0.0,0.0
0,0,0,0,0,24.0,1,0,0,0,0.0,0.0,1.0,3.799999952316284,80.05000305175781,1.0,0.0,0.0,0.0,1.0,0.0,0.0,1.0,1.0,0.0,0.0,0.0
0,0,0,0,0,26.0,2,0,0,0,0.0,1.0,0.0,3.7200000286102295,89.93299865722656,0.0,0.0,0.0,0.0,1.0,0.0,0.0,0.0,0.0,0.0,0.0,0.0
0,0,0,0,0,26.0,2,0,0,0,0.0,1.0,0.0,3.7200000286102295,83.17400360107422,1.0,0.0,0.0,0.0,0.0,0.0,0.0,0.0,0.0,0.0,0.0,0.0
0,0,0,1,0,28.0,1,0,0,0,0.0,0.0,0.0,2.7300000190734863,58.832000732421875,0.0,0.0,0.0,0.0,1.0,0.0,0.0,1.0,0.0,0.0,0.0,0.0
0,0,0,0,0,22.0,2,0,0,0,0.0,1.0,0.0,3.359999895095825,87.09200286865234,0.0,0.0,0.0,0.0,0.0,0.0,0.0,2.0,3.0,2.0,0.0,0.0
0,1,0,0,0,28.0,1,1,0,0,1.0,0.0,0.0,6.010000228881836,93.86799621582031,0.0,0.0,0.0,0.0,0.0,0.0,0.0,0.0,0.0,0.0,0.0,0.0
1,0,0,0,0,30.0,1,1,0,0,1.0,0.0,0.0,6.010000228881836,84.85299682617188,0.0,0.0,0.0,0.0,0.0,0.0,0.0,0.0,0.0,0.0,0.0,0.0
0,0,0,0,0,31.0,0,1,0,0,0.0,0.0,0.0,1.2699999809265137,59.198001861572266,0.0,0.0,1.0,0.0,0.0,0.0,0.0,0.0,0.0,0.0,0.0,0.0
0,0,0,0,0,27.0,0,1,0,0,0.0,0.0,1.0,6.510000228881836,89.64700317382812,0.0,0.0,0.0,0.0,0.0,0.0,0.0,0.0,0.0,0.0,0.0,0.0
0,1,0,0,0,33.0,1,0,0,0,0.0,1.0,0.0,6.570000171661377,32.74399948120117,1.0,2.0,1.0,0.0,0.0,0.0,0.0,3.0,1.0,1.0,0.0,0.0
1,0,0,0,0,26.0,0,0,1,0,0.0,0.0,1.0,5.03000020980835,77.91400146484375,0.0,0.0,0.0,0.0,1.0,1.0,0.0,1.0,0.0,0.0,0.0,0.0
0,0,0,0,0,32.0,1,0,0,0,0.0,0.0,1.0,16.270000457763672,58.63999938964844,1.0,0.0,0.0,0.0,0.0,0.0,0.0,0.0,3.0,0.0,0.0,0.0
0,0,0,0,0,39.0,3,0,0,0,0.0,0.0,1.0,0.9399999976158142,22.868999481201172,0.0,0.0,0.0,0.0,0.0,0.0,0.0,0.0,0.0,0.0,0.0,0.0
1,0,0,0,0,41.0,3,0,0,0,0.0,0.0,1.0,0.9399999976158142,73.9020004272461,0.0,0.0,0.0,0.0,0.0,0.0,0.0,0.0,1.0,0.0,0.0,0.0
0,0,0,0,0,29.0,1,0,0,0,0.0,1.0,0.0,2.4700000286102295,33.16899871826172,0.0,1.0,0.0,0.0,0.0,0.0,0.0,0.0,3.0,0.0,0.0,0.0
0,0,0,0,0,27.0,1,1,0,0,0.0,0.0,1.0,3.890000104904175,93.12300109863281,0.0,0.0,0.0,0.0,2.0,1.0,0.0,1.0,1.0,0.0,0.0,0.0
0,1,0,0,0,27.0,1,1,0,0,0.0,1.0,0.0,5.170000076293945,75.07099914550781,0.0,0.0,0.0,0.0,1.0,0.0,0.0,0.0,1.0,0.0,0.0,0.0
0,1,0,0,0,30.0,1,1,0,0,0.0,1.0,0.0,5.170000076293945,50.49800109863281,0.0,0.0,0.0,0.0,2.0,0.0,0.0,0.0,2.0,0.0,0.0,0.0
1,1,0,0,0,28.0,2,0,0,0,0.0,0.0,1.0,2.759999990463257,94.9010009765625,0.0,0.0,0.0,0.0,0.0,0.0,0.0,0.0,0.0,0.0,0.0,0.0
1,1,0,0,0,35.0,3,0,0,0,0.0,1.0,0.0,3.2100000381469727,85.18000030517578,0.0,1.0,0.0,0.0,0.0,0.0,0.0,0.0,3.0,1.0,0.0,0.0
0,1,0,0,0,21.0,0,1,0,0,0.0,0.0,1.0,4.369999885559082,69.37699890136719,0.0,0.0,0.0,0.0,0.0,0.0,0.0,0.0,2.0,0.0,0.0,0.0
0,1,0,0,0,30.0,2,0,1,0,1.0,0.0,0.0,3.4700000286102295,37.356998443603516,0.0,0.0,1.0,0.0,0.0,0.0,0.0,1.0,2.0,0.0,0.0,0.0
0,1,0,0,0,30.0,1,0,0,0,1.0,0.0,0.0,3.5899999141693115,35.72100067138672,0.0,0.0,0.0,0.0,0.0,0.0,0.0,0.0,2.0,0.0,0.0,0.0
0,0,0,0,0,23.0,1,0,0,0,1.0,0.0,0.0,2.1500000953674316,3.2709999084472656,0.0,0.0,0.0,0.0,0.0,0.0,0.0,2.0,2.0,0.0,0.0,0.0
0,1,0,0,0,19.0,1,0,0,0,1.0,0.0,0.0,1.7599999904632568,50.49399948120117,0.0,0.0,0.0,0.0,0.0,0.0,0.0,4.0,3.0,2.0,0.0,0.0
0,0,0,0,0,32.0,3,0,0,0,0.0,1.0,0.0,2.6700000762939453,23.246999740600586,1.0,0.0,0.0,0.0,0.0,0.0,0.0,3.0,2.0,1.0,1.0,0.0
0,1,0,0,0,25.0,1,0,0,0,0.0,0.0,1.0,3.119999885559082,95.32099914550781,0.0,0.0,0.0,0.0,0.0,0.0,0.0,2.0,1.0,0.0,0.0,0.0
0,0,0,1,0,33.0,3,0,0,0,0.0,1.0,0.0,3.680000066757202,94.02100372314453,0.0,0.0,0.0,0.0,0.0,0.0,0.0,0.0,0.0,0.0,0.0,0.0
0,1,1,0,0,27.0,0,1,0,0,0.0,0.0,1.0,3.700000047683716,83.21499633789062,0.0,0.0,0.0,0.0,1.0,0.0,0.0,0.0,2.0,0.0,0.0,0.0
1,0,0,0,0,22.0,0,0,1,0,1.0,0.0,0.0,2.5299999713897705,33.715999603271484,0.0,1.0,0.0,0.0,1.0,0.0,1.0,1.0,2.0,0.0,0.0,0.0
0,1,0,0,0,31.0,1,0,0,0,0.0,0.0,1.0,10.210000038146973,96.35399627685547,0.0,0.0,0.0,0.0,0.0,0.0,0.0,2.0,1.0,0.0,0.0,0.0
0,0,0,0,0,33.0,2,0,0,0,0.0,0.0,1.0,16.270000457763672,79.56300354003906,0.0,0.0,0.0,0.0,0.0,0.0,0.0,2.0,3.0,0.0,0.0,0.0
0,1,0,0,0,27.0,1,0,0,0,0.0,0.0,1.0,9.899999618530273,88.99299621582031,0.0,0.0,0.0,0.0,1.0,0.0,0.0,0.0,1.0,0.0,0.0,0.0
0,1,0,0,0,24.0,1,0,0,0,0.0,0.0,1.0,5.78000020980835,41.099998474121094,0.0,1.0,0.0,1.0,0.0,0.0,1.0,3.0,2.0,2.0,0.0,0.0
0,1,0,0,0,23.0,1,0,0,0,0.0,1.0,0.0,4.53000020980835,98.30699920654297,0.0,0.0,0.0,0.0,0.0,0.0,0.0,0.0,3.0,0.0,0.0,0.0
0,0,0,0,0,25.0,1,0,0,0,0.0,0.0,1.0,2.7300000190734863,74.55699920654297,0.0,0.0,0.0,0.0,0.0,2.0,0.0,0.0,0.0,0.0,0.0,0.0
0,0,0,0,0,32.0,2,1,0,0,0.0,0.0,1.0,3.180000066757202,37.57400131225586,0.0,0.0,0.0,0.0,1.0,0.0,0.0,2.0,1.0,0.0,0.0,0.0
0,1,0,1,0,19.0,1,0,0,0,0.0,0.0,0.0,1.0099999904632568,9.072999954223633,0.0,0.0,0.0,0.0,0.0,0.0,2.0,1.0,2.0,1.0,0.0,1.0
0,0,0,1,0,28.0,2,0,0,0,0.0,0.0,0.0,0.0,18.43600082397461,0.0,0.0,0.0,0.0,0.0,0.0,0.0,0.0,0.0,0.0,0.0,0.0
0,0,0,1,0,30.0,2,0,0,0,0.0,0.0,0.0,0.0,4.203999996185303,0.0,0.0,0.0,0.0,1.0,0.0,0.0,0.0,0.0,0.0,0.0,0.0
0,0,0,1,0,31.0,2,0,0,0,0.0,0.0,0.0,0.0,14.175999641418457,0.0,0.0,0.0,0.0,0.0,0.0,0.0,0.0,0.0,0.0,0.0,0.0
0,0,0,1,0,32.0,1,0,0,0,0.0,0.0,1.0,6.519999980926514,87.68499755859375,1.0,1.0,1.0,0.0,1.0,0.0,0.0,2.0,1.0,0.0,0.0,1.0
0,0,0,0,0,33.0,1,0,0,0,0.0,0.0,1.0,6.519999980926514,95.76100158691406,2.0,0.0,0.0,0.0,1.0,0.0,0.0,1.0,2.0,2.0,0.0,0.0
1,0,0,0,0,26.0,1,0,0,0,0.0,1.0,0.0,3.240000009536743,93.92900085449219,2.0,2.0,0.0,0.0,0.0,0.0,0.0,0.0,1.0,0.0,0.0,0.0
0,1,0,1,0,27.0,2,0,0,0,1.0,0.0,0.0,2.190000057220459,20.468000411987305,1.0,0.0,0.0,1.0,0.0,0.0,0.0,0.0,2.0,0.0,0.0,0.0
1,0,0,0,0,24.0,1,0,0,0,0.0,0.0,1.0,4.75,96.33399963378906,1.0,0.0,0.0,0.0,1.0,0.0,0.0,1.0,2.0,1.0,0.0,0.0
0,0,0,0,0,23.0,1,0,0,0,1.0,0.0,0.0,2.2300000190734863,0.6800000071525574,0.0,1.0,0.0,0.0,0.0,0.0,0.0,1.0,2.0,0.0,0.0,0.0
1,0,0,0,0,26.0,1,0,0,0,0.0,0.0,1.0,4.75,77.23500061035156,3.0,3.0,2.0,3.0,1.0,0.0,1.0,3.0,3.0,3.0,2.0,1.0
1,0,1,0,0,27.0,1,0,0,0,1.0,0.0,0.0,2.640000104904175,5.6479997634887695,3.0,1.0,2.0,1.0,3.0,3.0,0.0,1.0,1.0,2.0,0.0,1.0
1,0,1,0,0,24.0,4,0,1,0,1.0,0.0,0.0,0.9599999785423279,43.999000549316406,0.0,1.0,0.0,0.0,2.0,0.0,0.0,0.0,3.0,0.0,0.0,0.0
0,0,0,0,0,30.0,1,0,0,0,1.0,0.0,0.0,8.859999656677246,82.1510009765625,0.0,0.0,0.0,0.0,0.0,0.0,0.0,0.0,0.0,0.0,0.0,0.0
1,0,0,0,0,29.0,1,0,0,0,0.0,0.0,1.0,5.849999904632568,44.2130012512207,0.0,0.0,0.0,0.0,0.0,0.0,0.0,0.0,0.0,0.0,0.0,0.0
0,1,0,0,0,29.0,1,0,0,0,0.0,0.0,1.0,6.119999885559082,84.4229965209961,0.0,0.0,0.0,0.0,0.0,0.0,0.0,1.0,2.0,1.0,0.0,0.0
1,0,0,0,0,16.0,3,1,0,0,1.0,0.0,0.0,0.75,25.902000427246094,1.0,1.0,1.0,1.0,0.0,0.0,0.0,0.0,1.0,0.0,0.0,0.0
0,1,0,0,0,34.0,1,1,0,0,1.0,0.0,0.0,0.5799999833106995,2.7899999618530273,0.0,0.0,0.0,0.0,0.0,1.0,1.0,1.0,1.0,0.0,0.0,0.0
1,1,0,0,0,34.0,1,1,0,0,1.0,0.0,0.0,0.5799999833106995,47.39699935913086,0.0,0.0,0.0,0.0,0.0,0.0,0.0,1.0,0.0,1.0,0.0,1.0
1,0,0,0,0,34.0,1,0,0,0,0.0,0.0,1.0,7.019999980926514,96.14700317382812,0.0,0.0,0.0,0.0,1.0,0.0,0.0,0.0,0.0,0.0,0.0,0.0
0,1,0,0,0,25.0,1,0,0,0,0.0,0.0,1.0,9.800000190734863,65.84300231933594,0.0,0.0,0.0,0.0,0.0,0.0,0.0,0.0,2.0,2.0,0.0,0.0
0,1,0,0,0,25.0,2,0,0,0,0.0,0.0,1.0,5.409999847412109,58.124000549316406,1.0,1.0,0.0,0.0,1.0,0.0,0.0,0.0,0.0,0.0,0.0,0.0
0,1,0,0,0,27.0,2,0,0,0,0.0,0.0,1.0,5.409999847412109,77.55899810791016,0.0,0.0,0.0,0.0,0.0,0.0,0.0,0.0,0.0,0.0,0.0,0.0
0,0,0,0,0,23.0,2,0,1,0,0.0,1.0,0.0,3.930000066757202,31.243000030517578,0.0,0.0,0.0,0.0,1.0,1.0,1.0,2.0,2.0,0.0,0.0,0.0
1,1,0,0,0,24.0,2,0,1,0,0.0,1.0,0.0,3.930000066757202,24.1560001373291,0.0,0.0,0.0,0.0,0.0,0.0,2.0,4.0,4.0,4.0,3.0,1.0
0,1,0,0,0,23.0,1,0,0,0,0.0,0.0,1.0,4.010000228881836,87.052001953125,0.0,0.0,0.0,0.0,1.0,0.0,0.0,0.0,0.0,0.0,0.0,0.0
1,0,0,0,0,30.0,0,1,0,0,0.0,1.0,0.0,5.949999809265137,8.991999626159668,1.0,1.0,1.0,0.0,2.0,0.0,0.0,4.0,3.0,3.0,1.0,0.0
0,1,0,0,0,24.0,0,0,0,0,0.0,0.0,1.0,4.449999809265137,74.3270034790039,0.0,0.0,0.0,0.0,0.0,0.0,0.0,0.0,0.0,0.0,0.0,0.0
0,1,0,0,0,23.0,2,0,0,0,1.0,0.0,0.0,3.0999999046325684,55.702999114990234,0.0,1.0,1.0,0.0,0.0,0.0,0.0,2.0,1.0,1.0,0.0,0.0
0,0,0,0,0,24.0,2,0,0,0,1.0,0.0,0.0,3.0999999046325684,38.481998443603516,0.0,0.0,0.0,0.0,0.0,0.0,1.0,4.0,3.0,3.0,0.0,0.0
0,1,0,0,0,26.0,1,0,0,0,0.0,0.0,1.0,6.539999961853027,62.84400177001953,0.0,0.0,0.0,0.0,0.0,0.0,0.0,1.0,0.0,0.0,0.0,0.0
0,1,0,0,0,24.0,2,0,0,0,0.0,0.0,1.0,3.1500000953674316,93.4520034790039,0.0,0.0,0.0,0.0,1.0,0.0,0.0,0.0,1.0,2.0,0.0,0.0
0,0,0,0,0,27.0,2,0,0,0,0.0,0.0,1.0,3.1500000953674316,49.54199981689453,3.0,0.0,0.0,0.0,0.0,0.0,0.0,0.0,0.0,0.0,0.0,0.0
1,0,0,0,0,28.0,1,0,0,0,0.0,0.0,1.0,6.170000076293945,77.99099731445312,4.0,2.0,3.0,3.0,0.0,0.0,1.0,2.0,3.0,2.0,1.0,1.0
0,1,0,0,0,34.0,0,0,0,0,0.0,0.0,1.0,16.270000457763672,100.0,0.0,0.0,0.0,0.0,0.0,0.0,0.0,0.0,0.0,0.0,0.0,0.0
0,0,0,1,0,24.0,1,0,0,0,0.0,0.0,1.0,2.809999942779541,55.64899826049805,1.0,1.0,0.0,0.0,0.0,0.0,0.0,2.0,3.0,3.0,0.0,1.0
0,1,0,0,0,27.0,1,0,0,0,0.0,0.0,1.0,8.229999542236328,97.52799987792969,0.0,0.0,0.0,0.0,1.0,0.0,0.0,0.0,1.0,0.0,0.0,0.0
0,1,0,0,0,25.0,1,0,0,0,0.0,0.0,1.0,16.270000457763672,98.51200103759766,0.0,0.0,0.0,0.0,1.0,0.0,0.0,0.0,0.0,0.0,0.0,0.0
0,0,0,0,0,28.0,1,0,0,0,0.0,0.0,1.0,16.270000457763672,96.26899719238281,0.0,0.0,0.0,0.0,0.0,0.0,0.0,0.0,2.0,0.0,0.0,0.0
0,0,0,0,0,26.0,1,0,0,0,0.0,0.0,1.0,5.849999904632568,98.99600219726562,0.0,0.0,0.0,0.0,0.0,0.0,0.0,0.0,2.0,0.0,0.0,0.0
0,0,0,0,0,28.0,4,0,0,0,0.0,0.0,1.0,3.200000047683716,98.5979995727539,0.0,0.0,0.0,0.0,0.0,0.0,0.0,0.0,0.0,0.0,0.0,0.0
0,1,0,0,0,28.0,2,0,0,0,0.0,0.0,1.0,4.789999961853027,53.49800109863281,0.0,0.0,0.0,0.0,2.0,0.0,0.0,0.0,3.0,0.0,0.0,0.0
1,0,1,0,0,29.0,1,0,1,0,0.0,0.0,1.0,3.2699999809265137,62.8489990234375,0.0,0.0,0.0,0.0,3.0,2.0,2.0,4.0,3.0,4.0,0.0,1.0
1,0,1,0,0,28.0,1,1,0,0,1.0,0.0,0.0,1.5800000429153442,53.755001068115234,1.0,1.0,1.0,0.0,1.0,0.0,0.0,0.0,1.0,0.0,0.0,0.0
1,0,1,0,0,27.0,2,1,0,0,1.0,0.0,0.0,1.6200000047683716,13.07800006866455,0.0,2.0,2.0,0.0,1.0,0.0,0.0,0.0,0.0,0.0,0.0,1.0
0,0,1,0,0,34.0,3,1,0,0,0.0,0.0,1.0,2.4000000953674316,73.8740005493164,0.0,0.0,0.0,0.0,1.0,0.0,0.0,0.0,0.0,0.0,0.0,0.0
0,1,1,0,0,24.0,3,0,0,0,0.0,1.0,0.0,6.239999771118164,42.196998596191406,0.0,0.0,0.0,0.0,0.0,0.0,0.0,0.0,0.0,0.0,0.0,0.0
1,1,1,0,0,27.0,3,0,0,0,0.0,1.0,0.0,6.239999771118164,34.832000732421875,1.0,1.0,0.0,0.0,0.0,0.0,0.0,0.0,3.0,0.0,0.0,0.0
0,1,1,0,0,26.0,2,1,0,0,1.0,0.0,0.0,3.2300000190734863,3.5369999408721924,0.0,1.0,1.0,0.0,2.0,0.0,0.0,0.0,2.0,1.0,0.0,0.0
1,0,1,0,0,26.0,1,1,0,0,1.0,0.0,0.0,0.7699999809265137,42.12699890136719,0.0,0.0,0.0,0.0,2.0,2.0,0.0,1.0,0.0,1.0,0.0,0.0
1,0,0,0,0,26.0,1,0,0,0,0.0,1.0,0.0,4.71999979019165,49.125,0.0,1.0,1.0,0.0,0.0,1.0,0.0,2.0,2.0,1.0,0.0,1.0
0,0,0,0,0,33.0,1,0,0,0,0.0,0.0,1.0,5.400000095367432,53.83300018310547,1.0,0.0,0.0,0.0,0.0,1.0,0.0,0.0,1.0,0.0,0.0,0.0
0,1,0,0,0,30.0,2,0,0,0,0.0,0.0,1.0,4.900000095367432,88.47899627685547,0.0,0.0,0.0,0.0,0.0,0.0,0.0,2.0,1.0,1.0,0.0,0.0
0,1,0,0,0,30.0,1,0,0,0,0.0,0.0,1.0,8.529999732971191,45.81999969482422,0.0,0.0,0.0,0.0,1.0,0.0,0.0,2.0,1.0,2.0,1.0,0.0
1,0,0,0,0,30.0,1,0,0,0,0.0,1.0,0.0,3.8399999141693115,95.15599822998047,1.0,2.0,0.0,0.0,0.0,0.0,1.0,3.0,2.0,0.0,1.0,0.0
0,1,0,0,0,31.0,0,0,0,0,0.0,0.0,1.0,16.270000457763672,84.03900146484375,0.0,0.0,0.0,0.0,0.0,0.0,0.0,1.0,2.0,0.0,0.0,0.0
0,0,0,0,0,26.0,3,0,0,0,0.0,0.0,1.0,3.3499999046325684,94.93699645996094,2.0,0.0,0.0,0.0,0.0,0.0,0.0,4.0,0.0,0.0,0.0,0.0
0,1,0,0,0,27.0,2,0,0,0,0.0,0.0,1.0,6.75,96.58899688720703,0.0,0.0,0.0,0.0,0.0,0.0,0.0,1.0,1.0,1.0,0.0,0.0
0,1,1,0,0,22.0,2,0,0,0,0.0,1.0,0.0,3.2799999713897705,38.0890007019043,0.0,1.0,0.0,0.0,1.0,0.0,0.0,0.0,0.0,0.0,0.0,0.0
0,1,1,0,0,35.0,1,0,0,0,1.0,0.0,0.0,4.860000133514404,14.105999946594238,0.0,0.0,0.0,0.0,2.0,1.0,2.0,1.0,0.0,0.0,0.0,0.0
0,1,0,0,0,25.0,1,1,0,0,0.0,1.0,0.0,5.070000171661377,59.316001892089844,1.0,2.0,1.0,1.0,1.0,0.0,1.0,3.0,3.0,3.0,1.0,0.0
0,1,0,0,0,26.0,5,1,0,0,1.0,0.0,0.0,1.8799999952316284,57.61899948120117,0.0,1.0,0.0,0.0,1.0,0.0,0.0,3.0,2.0,2.0,0.0,0.0
1,1,0,0,0,29.0,5,1,0,0,1.0,0.0,0.0,1.8799999952316284,7.927999973297119,2.0,0.0,0.0,0.0,2.0,1.0,0.0,4.0,3.0,3.0,1.0,1.0
1,1,0,0,0,29.0,5,1,0,0,1.0,0.0,0.0,1.8799999952316284,29.257999420166016,1.0,0.0,0.0,0.0,2.0,0.0,0.0,3.0,4.0,2.0,1.0,0.0
0,1,0,0,0,34.0,1,0,0,0,0.0,0.0,1.0,9.380000114440918,71.0250015258789,0.0,0.0,0.0,0.0,0.0,0.0,0.0,0.0,3.0,0.0,0.0,0.0
1,0,0,0,0,23.0,1,1,0,0,1.0,0.0,0.0,1.600000023841858,22.468000411987305,0.0,2.0,1.0,1.0,0.0,0.0,0.0,3.0,1.0,1.0,0.0,1.0
0,1,0,0,0,25.0,2,0,0,0,1.0,0.0,0.0,3.5,45.24700164794922,0.0,2.0,0.0,0.0,2.0,0.0,0.0,2.0,2.0,0.0,0.0,0.0
0,1,0,0,0,24.0,3,0,0,0,0.0,0.0,0.0,1.8700000047683716,24.136999130249023,0.0,0.0,0.0,0.0,0.0,0.0,0.0,3.0,3.0,0.0,0.0,0.0
1,1,0,0,0,27.0,0,0,1,0,1.0,0.0,0.0,5.449999809265137,83.1449966430664,1.0,3.0,0.0,0.0,2.0,0.0,1.0,3.0,4.0,2.0,2.0,0.0
0,1,0,0,0,22.0,1,0,0,0,0.0,0.0,1.0,3.430000066757202,81.8270034790039,0.0,0.0,0.0,0.0,1.0,0.0,0.0,0.0,0.0,0.0,0.0,0.0
0,1,0,0,0,24.0,1,0,0,0,0.0,0.0,1.0,3.430000066757202,87.53399658203125,0.0,0.0,0.0,0.0,1.0,0.0,0.0,0.0,1.0,0.0,0.0,0.0
0,0,0,0,0,29.0,1,0,0,0,1.0,0.0,0.0,3.3299999237060547,75.34700012207031,0.0,0.0,0.0,0.0,1.0,0.0,0.0,0.0,0.0,0.0,0.0,0.0
0,1,0,0,0,30.0,1,0,0,0,1.0,0.0,0.0,3.3299999237060547,90.4530029296875,0.0,0.0,0.0,0.0,2.0,1.0,1.0,1.0,2.0,1.0,0.0,0.0
1,0,0,1,0,28.0,3,0,0,0,0.0,1.0,0.0,2.240000009536743,52.81700134277344,0.0,1.0,0.0,1.0,1.0,0.0,1.0,1.0,0.0,0.0,0.0,0.0
1,0,0,1,0,30.0,3,0,0,0,0.0,1.0,0.0,2.240000009536743,59.39099884033203,1.0,0.0,0.0,0.0,1.0,0.0,0.0,1.0,2.0,0.0,0.0,0.0
0,0,0,1,0,31.0,3,0,0,0,0.0,1.0,0.0,2.240000009536743,95.01000213623047,0.0,0.0,0.0,0.0,1.0,0.0,0.0,0.0,2.0,0.0,0.0,0.0
0,0,0,0,0,27.0,2,0,0,0,0.0,1.0,0.0,4.800000190734863,64.10600280761719,0.0,0.0,0.0,0.0,0.0,0.0,0.0,1.0,0.0,0.0,0.0,0.0
0,1,1,0,0,31.0,1,0,0,0,0.0,0.0,1.0,4.360000133514404,63.525001525878906,0.0,0.0,0.0,0.0,0.0,0.0,0.0,0.0,0.0,0.0,0.0,0.0
1,0,0,0,0,24.0,2,0,0,0,1.0,0.0,0.0,2.140000104904175,27.378000259399414,1.0,2.0,2.0,1.0,2.0,1.0,0.0,0.0,0.0,0.0,0.0,1.0
1,0,0,1,0,22.0,1,1,0,0,0.0,0.0,0.0,2.7300000190734863,50.20100021362305,0.0,0.0,0.0,0.0,2.0,0.0,0.0,1.0,2.0,0.0,0.0,0.0
1,0,1,0,0,19.0,1,0,1,0,0.0,1.0,0.0,2.940000057220459,32.801998138427734,0.0,0.0,0.0,0.0,2.0,1.0,0.0,3.0,0.0,1.0,0.0,0.0
1,1,1,0,0,26.0,0,1,0,0,0.0,1.0,0.0,2.740000009536743,58.66899871826172,0.0,0.0,0.0,0.0,0.0,0.0,0.0,0.0,0.0,0.0,0.0,0.0
1,1,0,0,0,19.0,1,0,1,0,0.0,0.0,1.0,2.880000114440918,85.96199798583984,0.0,0.0,0.0,0.0,1.0,0.0,1.0,0.0,2.0,0.0,0.0,0.0
1,0,0,1,0,20.0,2,0,0,0,0.0,0.0,1.0,0.9599999785423279,4.666999816894531,1.0,0.0,0.0,0.0,2.0,1.0,0.0,0.0,1.0,0.0,0.0,0.0
1,1,0,0,0,23.0,1,1,0,0,1.0,0.0,0.0,1.7699999809265137,74.73100280761719,1.0,0.0,0.0,0.0,1.0,0.0,0.0,3.0,2.0,2.0,0.0,1.0
0,1,0,0,0,24.0,1,1,0,0,1.0,0.0,0.0,1.7699999809265137,56.2400016784668,1.0,2.0,2.0,0.0,0.0,0.0,1.0,0.0,4.0,3.0,3.0,0.0
0,1,0,0,0,33.0,2,0,0,0,0.0,0.0,1.0,5.610000133514404,91.73999786376953,0.0,1.0,0.0,0.0,0.0,0.0,0.0,1.0,1.0,0.0,0.0,0.0
1,1,1,0,0,29.0,2,0,0,0,0.0,0.0,1.0,2.4100000858306885,80.88099670410156,0.0,1.0,0.0,0.0,1.0,0.0,0.0,2.0,2.0,2.0,0.0,0.0
0,0,0,1,0,20.0,1,0,0,0,1.0,0.0,0.0,1.4500000476837158,10.550000190734863,0.0,0.0,0.0,0.0,1.0,0.0,0.0,0.0,1.0,0.0,0.0,0.0
0,1,0,0,1,34.0,0,1,0,0,0.0,0.0,1.0,6.010000228881836,80.61900329589844,0.0,2.0,0.0,1.0,2.0,3.0,1.0,3.0,3.0,1.0,0.0,0.0
0,0,0,0,0,37.0,1,0,0,0,0.0,0.0,1.0,8.149999618530273,100.0,0.0,0.0,0.0,0.0,0.0,0.0,0.0,0.0,3.0,0.0,0.0,0.0
0,1,0,0,0,31.0,1,0,0,0,0.0,0.0,1.0,16.270000457763672,87.78199768066406,1.0,1.0,0.0,0.0,0.0,0.0,0.0,4.0,3.0,3.0,1.0,0.0
1,0,0,0,0,18.0,1,1,0,0,0.0,0.0,0.0,0.7400000095367432,71.90399932861328,0.0,0.0,1.0,1.0,1.0,0.0,1.0,1.0,2.0,2.0,0.0,1.0
0,0,0,0,0,20.0,1,1,0,0,0.0,0.0,0.0,0.7400000095367432,51.67599868774414,0.0,0.0,0.0,0.0,2.0,0.0,0.0,2.0,3.0,1.0,1.0,0.0
0,1,0,0,0,32.0,0,1,0,0,0.0,0.0,1.0,5.429999828338623,100.0,0.0,0.0,0.0,0.0,0.0,0.0,0.0,2.0,2.0,1.0,2.0,0.0
0,1,0,0,0,38.0,1,0,0,0,1.0,0.0,0.0,2.259999990463257,92.7490005493164,0.0,0.0,0.0,0.0,0.0,0.0,0.0,1.0,1.0,1.0,0.0,0.0
0,0,0,0,0,32.0,2,0,0,0,0.0,1.0,0.0,4.380000114440918,76.5999984741211,0.0,0.0,0.0,0.0,0.0,0.0,0.0,0.0,1.0,0.0,0.0,0.0
0,1,0,0,0,37.0,2,0,0,0,0.0,1.0,0.0,6.230000019073486,83.87999725341797,2.0,1.0,0.0,0.0,0.0,0.0,1.0,3.0,4.0,4.0,1.0,0.0
0,1,0,0,0,24.0,1,0,0,0,1.0,0.0,0.0,4.409999847412109,72.76100158691406,1.0,2.0,0.0,0.0,0.0,0.0,0.0,2.0,2.0,2.0,0.0,0.0
0,0,0,0,0,31.0,2,1,0,0,0.0,1.0,0.0,4.460000038146973,40.83599853515625,1.0,2.0,0.0,0.0,0.0,0.0,1.0,2.0,2.0,2.0,0.0,0.0
0,1,0,0,0,32.0,2,1,0,0,0.0,1.0,0.0,4.460000038146973,11.486000061035156,1.0,1.0,0.0,0.0,0.0,0.0,0.0,3.0,2.0,1.0,0.0,0.0
0,1,0,0,0,35.0,2,0,0,0,0.0,0.0,1.0,16.270000457763672,84.03700256347656,0.0,2.0,0.0,0.0,0.0,0.0,0.0,4.0,3.0,1.0,0.0,0.0
0,0,0,0,0,31.0,0,1,0,0,0.0,1.0,0.0,2.259999990463257,73.43900299072266,2.0,2.0,0.0,0.0,1.0,0.0,0.0,2.0,1.0,1.0,0.0,1.0
0,0,0,0,0,31.0,1,0,0,0,0.0,0.0,1.0,6.989999771118164,81.67400360107422,0.0,0.0,0.0,0.0,0.0,0.0,0.0,1.0,0.0,0.0,0.0,0.0
0,0,0,0,0,28.0,2,0,1,0,0.0,0.0,1.0,5.630000114440918,44.67399978637695,0.0,0.0,0.0,0.0,1.0,0.0,0.0,0.0,2.0,0.0,0.0,0.0
0,1,0,0,0,25.0,2,0,0,0,0.0,1.0,0.0,4.099999904632568,94.43299865722656,0.0,0.0,0.0,0.0,0.0,0.0,0.0,0.0,2.0,0.0,0.0,0.0
1,0,0,0,0,17.0,0,0,1,0,0.0,0.0,0.0,2.4800000190734863,73.51699829101562,1.0,0.0,0.0,0.0,0.0,0.0,1.0,1.0,1.0,1.0,0.0,0.0
1,0,0,0,0,29.0,2,0,0,0,0.0,1.0,0.0,3.490000009536743,52.65700149536133,1.0,1.0,0.0,0.0,0.0,0.0,0.0,0.0,1.0,1.0,0.0,0.0
0,1,0,0,0,22.0,2,0,0,0,0.0,1.0,0.0,3.1500000953674316,81.8290023803711,0.0,0.0,0.0,0.0,0.0,0.0,0.0,0.0,0.0,0.0,0.0,0.0
0,0,0,0,0,28.0,1,0,0,0,0.0,1.0,0.0,5.78000020980835,94.94300079345703,1.0,1.0,0.0,0.0,1.0,0.0,0.0,1.0,1.0,1.0,0.0,0.0
0,0,0,1,0,28.0,1,0,0,0,0.0,1.0,0.0,5.25,30.871999740600586,0.0,0.0,0.0,0.0,1.0,0.0,0.0,1.0,1.0,0.0,0.0,0.0
0,1,0,0,0,34.0,1,0,0,0,0.0,0.0,1.0,4.190000057220459,97.30699920654297,2.0,2.0,1.0,0.0,1.0,0.0,0.0,1.0,1.0,1.0,0.0,0.0
0,1,0,0,0,23.0,1,1,0,0,0.0,0.0,1.0,7.360000133514404,68.52400207519531,0.0,0.0,0.0,0.0,0.0,0.0,0.0,2.0,1.0,0.0,0.0,0.0
0,1,0,0,0,25.0,2,0,0,0,0.0,0.0,1.0,5.179999828338623,95.55699920654297,0.0,0.0,0.0,0.0,1.0,0.0,0.0,1.0,1.0,0.0,0.0,0.0
0,1,0,0,0,28.0,1,0,0,0,0.0,0.0,1.0,16.270000457763672,89.71900177001953,0.0,0.0,0.0,0.0,0.0,0.0,0.0,2.0,2.0,1.0,0.0,0.0
1,0,0,0,0,34.0,0,1,0,0,0.0,1.0,0.0,2.1500000953674316,85.03199768066406,2.0,0.0,0.0,0.0,0.0,0.0,0.0,1.0,1.0,1.0,0.0,0.0
1,1,0,0,0,22.0,2,0,0,0,1.0,0.0,0.0,1.5,43.0369987487793,4.0,2.0,0.0,0.0,2.0,1.0,1.0,4.0,4.0,2.0,3.0,0.0
0,1,0,0,0,31.0,1,1,0,0,1.0,0.0,0.0,5.809999942779541,18.472999572753906,0.0,0.0,0.0,0.0,0.0,0.0,0.0,0.0,0.0,0.0,0.0,0.0
0,1,0,0,0,31.0,1,1,0,0,1.0,0.0,0.0,5.809999942779541,28.509000778198242,0.0,0.0,0.0,0.0,1.0,0.0,0.0,3.0,1.0,1.0,0.0,0.0
0,0,0,0,0,23.0,1,0,0,0,1.0,0.0,0.0,3.7699999809265137,82.1969985961914,0.0,0.0,0.0,0.0,0.0,0.0,0.0,0.0,0.0,0.0,0.0,0.0
1,0,0,0,0,25.0,0,0,1,0,0.0,0.0,1.0,16.270000457763672,57.314998626708984,0.0,0.0,0.0,0.0,0.0,0.0,0.0,1.0,3.0,3.0,0.0,0.0
1,0,0,0,0,24.0,1,0,0,0,1.0,0.0,0.0,3.6500000953674316,53.14799880981445,1.0,1.0,0.0,0.0,2.0,1.0,1.0,1.0,1.0,1.0,0.0,1.0
0,0,0,0,0,34.0,1,0,0,0,1.0,0.0,0.0,1.7300000190734863,67.24299621582031,0.0,0.0,0.0,0.0,1.0,0.0,0.0,1.0,1.0,0.0,0.0,0.0
1,1,0,0,0,17.0,2,1,0,0,0.0,0.0,0.0,0.25,5.572000026702881,2.0,0.0,0.0,0.0,1.0,0.0,1.0,2.0,0.0,0.0,0.0,0.0
1,1,0,0,0,20.0,2,1,0,0,0.0,0.0,0.0,0.25,22.26099967956543,0.0,0.0,0.0,0.0,0.0,0.0,2.0,4.0,3.0,1.0,0.0,1.0
1,0,0,0,0,22.0,3,0,1,0,0.0,1.0,0.0,2.680000066757202,74.73999786376953,3.0,1.0,0.0,1.0,2.0,1.0,0.0,4.0,3.0,3.0,0.0,0.0
0,0,0,0,0,24.0,5,1,0,0,1.0,0.0,0.0,0.8700000047683716,3.247999906539917,1.0,1.0,1.0,0.0,1.0,0.0,0.0,1.0,0.0,0.0,0.0,0.0
0,1,0,0,0,25.0,5,1,0,0,1.0,0.0,0.0,0.8700000047683716,12.375,0.0,0.0,0.0,0.0,1.0,1.0,1.0,1.0,2.0,0.0,0.0,0.0
1,1,0,0,0,28.0,5,1,0,0,1.0,0.0,0.0,0.8700000047683716,17.884000778198242,1.0,0.0,0.0,0.0,0.0,0.0,0.0,0.0,0.0,0.0,0.0,0.0
0,0,0,0,0,21.0,2,0,1,0,1.0,0.0,0.0,1.6399999856948853,7.251999855041504,0.0,0.0,0.0,0.0,1.0,1.0,0.0,0.0,0.0,0.0,0.0,0.0
1,1,0,0,0,22.0,0,0,0,0,0.0,1.0,0.0,4.119999885559082,57.012001037597656,0.0,0.0,0.0,0.0,1.0,0.0,0.0,2.0,1.0,1.0,1.0,0.0
0,1,0,0,0,35.0,2,0,1,0,0.0,1.0,0.0,2.109999895095825,94.26100158691406,0.0,2.0,0.0,0.0,1.0,0.0,1.0,3.0,3.0,3.0,3.0,0.0
0,0,0,0,0,22.0,1,0,1,0,0.0,1.0,0.0,2.380000114440918,32.69900131225586,1.0,0.0,0.0,1.0,1.0,0.0,0.0,0.0,1.0,0.0,0.0,0.0
0,0,0,0,0,22.0,1,0,1,0,0.0,1.0,0.0,2.380000114440918,80.38500213623047,0.0,0.0,0.0,0.0,1.0,1.0,0.0,0.0,0.0,0.0,0.0,0.0
0,1,0,0,0,21.0,1,0,0,0,1.0,0.0,0.0,2.4800000190734863,33.270999908447266,0.0,0.0,0.0,0.0,0.0,0.0,0.0,2.0,1.0,0.0,0.0,0.0
0,0,0,0,0,19.0,2,0,0,0,0.0,1.0,0.0,2.700000047683716,26.270999908447266,1.0,0.0,0.0,1.0,2.0,1.0,0.0,1.0,3.0,1.0,0.0,0.0
0,0,0,0,0,24.0,1,0,0,0,1.0,0.0,0.0,4.400000095367432,11.04699993133545,0.0,0.0,1.0,0.0,1.0,0.0,0.0,1.0,1.0,0.0,0.0,0.0
0,1,0,0,0,37.0,0,0,0,0,0.0,0.0,1.0,16.270000457763672,90.15399932861328,1.0,0.0,0.0,0.0,1.0,0.0,0.0,1.0,2.0,1.0,0.0,0.0
0,0,0,0,0,25.0,1,0,0,0,0.0,0.0,1.0,4.400000095367432,65.2760009765625,0.0,1.0,0.0,0.0,0.0,0.0,0.0,0.0,2.0,0.0,0.0,0.0
0,1,1,0,0,25.0,1,1,0,0,1.0,0.0,0.0,3.4800000190734863,53.3489990234375,0.0,0.0,0.0,0.0,1.0,0.0,0.0,0.0,0.0,0.0,0.0,0.0
0,0,0,1,0,23.0,2,1,0,0,0.0,1.0,0.0,0.9700000286102295,27.184999465942383,0.0,0.0,0.0,0.0,1.0,0.0,0.0,0.0,1.0,1.0,0.0,1.0
0,1,0,0,0,21.0,2,0,0,0,0.0,0.0,1.0,2.6700000762939453,93.80899810791016,0.0,0.0,0.0,0.0,0.0,0.0,0.0,2.0,0.0,0.0,0.0,0.0
0,1,0,0,0,23.0,2,0,0,0,0.0,0.0,1.0,2.6700000762939453,62.018001556396484,0.0,0.0,0.0,0.0,0.0,0.0,0.0,0.0,0.0,0.0,0.0,0.0
0,1,0,0,0,31.0,2,0,0,0,0.0,0.0,1.0,3.7699999809265137,19.1560001373291,0.0,0.0,0.0,0.0,0.0,0.0,0.0,0.0,0.0,0.0,0.0,0.0
0,0,0,0,0,31.0,1,0,0,0,0.0,0.0,1.0,2.2300000190734863,17.409000396728516,1.0,0.0,0.0,0.0,0.0,0.0,0.0,0.0,0.0,0.0,0.0,0.0
1,0,0,0,0,26.0,3,0,0,0,0.0,1.0,0.0,2.069999933242798,49.034000396728516,0.0,0.0,0.0,0.0,0.0,0.0,0.0,4.0,3.0,2.0,1.0,1.0
1,0,0,0,0,28.0,3,0,0,0,0.0,1.0,0.0,2.069999933242798,31.027000427246094,2.0,0.0,0.0,1.0,0.0,1.0,1.0,0.0,4.0,2.0,0.0,0.0
0,1,0,1,0,25.0,1,0,0,0,0.0,0.0,1.0,5.340000152587891,86.56300354003906,0.0,0.0,0.0,0.0,0.0,0.0,0.0,3.0,3.0,1.0,1.0,0.0
0,1,0,0,0,35.0,1,0,0,0,0.0,1.0,0.0,3.2200000286102295,54.2140007019043,0.0,0.0,0.0,0.0,1.0,1.0,0.0,0.0,1.0,0.0,0.0,0.0
0,1,0,0,0,28.0,1,0,0,0,0.0,0.0,1.0,3.3299999237060547,82.94300079345703,0.0,0.0,0.0,0.0,0.0,0.0,0.0,0.0,0.0,0.0,0.0,0.0
1,0,1,0,0,23.0,2,0,0,0,0.0,1.0,0.0,1.9800000190734863,10.631999969482422,0.0,0.0,0.0,0.0,0.0,0.0,1.0,1.0,0.0,0.0,0.0,1.0
1,0,1,0,0,28.0,4,0,0,0,0.0,1.0,0.0,1.0299999713897705,13.282999992370605,0.0,0.0,0.0,0.0,1.0,0.0,0.0,2.0,2.0,0.0,0.0,0.0
1,1,1,0,0,29.0,4,0,0,0,0.0,1.0,0.0,1.0299999713897705,11.463000297546387,0.0,0.0,0.0,0.0,2.0,0.0,1.0,1.0,1.0,2.0,0.0,1.0
1,0,0,0,0,25.0,1,0,0,0,1.0,0.0,0.0,3.0399999618530273,59.59400177001953,0.0,0.0,0.0,0.0,0.0,0.0,0.0,0.0,0.0,0.0,0.0,0.0
0,0,0,0,0,21.0,2,0,0,0,0.0,0.0,1.0,3.0999999046325684,34.65399932861328,0.0,0.0,0.0,0.0,0.0,0.0,0.0,0.0,0.0,0.0,0.0,0.0
1,0,1,0,0,26.0,2,0,1,0,0.0,0.0,1.0,3.200000047683716,49.51100158691406,0.0,1.0,0.0,0.0,0.0,0.0,0.0,0.0,2.0,2.0,0.0,0.0
0,1,0,0,0,25.0,1,0,0,0,1.0,0.0,0.0,3.799999952316284,57.744998931884766,0.0,0.0,0.0,0.0,0.0,0.0,0.0,1.0,1.0,1.0,0.0,0.0
0,0,0,0,0,26.0,3,0,0,0,0.0,0.0,1.0,2.119999885559082,92.4540023803711,0.0,0.0,0.0,0.0,0.0,0.0,0.0,0.0,0.0,0.0,0.0,0.0
0,0,0,0,0,28.0,3,0,0,0,0.0,0.0,1.0,2.119999885559082,64.35800170898438,0.0,0.0,0.0,0.0,0.0,0.0,0.0,0.0,0.0,0.0,0.0,0.0
0,0,0,0,0,29.0,3,0,0,0,0.0,0.0,1.0,2.119999885559082,26.229999542236328,0.0,0.0,0.0,0.0,0.0,0.0,0.0,0.0,0.0,0.0,0.0,0.0
0,1,0,0,0,29.0,1,0,0,0,0.0,0.0,1.0,4.75,78.29299926757812,0.0,0.0,0.0,0.0,0.0,0.0,0.0,0.0,0.0,0.0,0.0,0.0
0,0,0,0,0,20.0,3,0,1,0,0.0,1.0,0.0,2.1700000762939453,26.850000381469727,1.0,0.0,1.0,1.0,0.0,0.0,1.0,0.0,1.0,0.0,0.0,0.0
0,1,0,0,0,22.0,3,0,1,0,0.0,1.0,0.0,2.1700000762939453,13.661999702453613,0.0,1.0,0.0,0.0,0.0,0.0,0.0,4.0,3.0,0.0,0.0,0.0
0,0,0,0,0,29.0,2,0,0,0,0.0,0.0,1.0,2.509999990463257,67.0459976196289,0.0,0.0,0.0,0.0,0.0,0.0,0.0,0.0,0.0,0.0,0.0,0.0
1,0,0,0,0,24.0,1,1,0,0,1.0,0.0,0.0,2.5299999713897705,34.96699905395508,0.0,0.0,1.0,0.0,0.0,0.0,1.0,2.0,1.0,1.0,0.0,1.0
0,0,0,0,0,23.0,1,1,0,0,0.0,0.0,1.0,2.609999895095825,81.11100006103516,0.0,0.0,0.0,0.0,0.0,0.0,0.0,0.0,1.0,0.0,0.0,0.0
1,0,0,0,0,17.0,0,1,0,0,1.0,0.0,0.0,5.170000076293945,51.823001861572266,3.0,4.0,2.0,1.0,0.0,0.0,0.0,3.0,3.0,2.0,0.0,1.0
0,1,0,0,0,26.0,1,0,0,0,0.0,0.0,1.0,4.679999828338623,76.072998046875,0.0,0.0,0.0,0.0,1.0,0.0,0.0,0.0,1.0,0.0,0.0,0.0
1,0,0,0,0,31.0,0,0,0,0,1.0,0.0,0.0,7.71999979019165,70.7239990234375,0.0,0.0,0.0,0.0,1.0,0.0,1.0,1.0,1.0,0.0,0.0,0.0
0,0,0,0,0,32.0,1,0,0,0,0.0,0.0,1.0,3.0199999809265137,85.40899658203125,0.0,0.0,0.0,0.0,0.0,0.0,0.0,0.0,0.0,0.0,0.0,0.0
1,0,0,0,0,32.0,2,0,0,0,0.0,0.0,1.0,5.820000171661377,52.93000030517578,2.0,1.0,0.0,1.0,0.0,0.0,0.0,3.0,2.0,2.0,2.0,1.0
1,0,0,0,0,34.0,2,0,0,0,0.0,0.0,1.0,5.820000171661377,93.18800354003906,2.0,1.0,0.0,1.0,1.0,1.0,0.0,4.0,3.0,1.0,0.0,0.0
0,0,0,0,0,30.0,2,0,1,0,0.0,0.0,1.0,16.270000457763672,56.505001068115234,3.0,3.0,0.0,2.0,0.0,0.0,0.0,3.0,3.0,2.0,0.0,1.0
0,0,0,0,0,35.0,1,0,0,0,0.0,1.0,0.0,6.179999828338623,15.402999877929688,1.0,0.0,1.0,0.0,1.0,1.0,0.0,4.0,3.0,2.0,0.0,0.0
0,1,0,0,0,33.0,0,0,0,0,0.0,0.0,1.0,9.010000228881836,71.06800079345703,0.0,0.0,0.0,0.0,0.0,0.0,0.0,0.0,1.0,0.0,0.0,0.0
1,1,1,0,0,28.0,3,0,0,0,0.0,0.0,1.0,1.7999999523162842,99.65499877929688,0.0,1.0,0.0,0.0,1.0,0.0,2.0,2.0,0.0,2.0,0.0,0.0
0,1,1,0,0,30.0,3,0,0,0,0.0,0.0,1.0,1.7999999523162842,45.64699935913086,0.0,1.0,1.0,0.0,1.0,0.0,1.0,1.0,2.0,1.0,0.0,0.0
0,0,1,0,0,18.0,3,1,0,0,0.0,0.0,0.0,0.44999998807907104,2.003000020980835,0.0,0.0,0.0,0.0,0.0,0.0,0.0,1.0,0.0,1.0,1.0,0.0
0,0,1,0,0,18.0,3,1,0,0,0.0,0.0,0.0,0.5899999737739563,22.993999481201172,0.0,0.0,0.0,0.0,2.0,0.0,0.0,2.0,1.0,2.0,0.0,1.0
1,1,1,0,0,19.0,3,1,0,0,0.0,0.0,0.0,0.5899999737739563,9.100000381469727,1.0,2.0,2.0,0.0,1.0,0.0,0.0,1.0,0.0,0.0,0.0,1.0
0,0,1,0,0,26.0,1,1,0,0,0.0,0.0,1.0,1.9700000286102295,91.50199890136719,0.0,0.0,0.0,0.0,1.0,0.0,0.0,0.0,0.0,0.0,0.0,0.0
1,1,1,0,0,20.0,1,0,0,0,0.0,0.0,1.0,2.140000104904175,64.35900115966797,1.0,0.0,0.0,0.0,1.0,0.0,1.0,1.0,1.0,1.0,0.0,0.0
1,0,1,0,0,22.0,1,0,0,0,0.0,0.0,1.0,3.7699999809265137,22.172000885009766,2.0,0.0,2.0,0.0,1.0,0.0,0.0,1.0,1.0,0.0,0.0,1.0
0,0,1,0,0,25.0,2,0,0,0,0.0,0.0,1.0,3.309999942779541,72.45500183105469,0.0,0.0,0.0,0.0,0.0,0.0,0.0,1.0,0.0,0.0,0.0,0.0
0,1,0,0,0,24.0,1,0,0,0,0.0,0.0,1.0,6.059999942779541,99.697998046875,0.0,0.0,0.0,0.0,1.0,0.0,0.0,0.0,0.0,0.0,0.0,0.0
0,0,0,0,0,26.0,1,0,0,0,0.0,0.0,1.0,6.059999942779541,89.8550033569336,0.0,0.0,0.0,0.0,0.0,0.0,0.0,0.0,0.0,0.0,0.0,0.0
0,1,0,0,0,28.0,2,0,0,0,0.0,0.0,1.0,6.489999771118164,98.73999786376953,0.0,0.0,0.0,0.0,0.0,0.0,0.0,0.0,0.0,0.0,0.0,0.0
0,0,0,0,0,32.0,0,0,0,0,0.0,0.0,1.0,6.21999979019165,60.012001037597656,0.0,1.0,0.0,1.0,1.0,0.0,0.0,2.0,1.0,1.0,0.0,0.0
0,0,0,0,0,25.0,1,0,0,0,0.0,1.0,0.0,4.199999809265137,80.37000274658203,0.0,0.0,0.0,0.0,0.0,0.0,0.0,0.0,0.0,0.0,0.0,0.0
1,1,0,0,0,28.0,1,0,0,0,0.0,0.0,1.0,6.099999904632568,83.5260009765625,2.0,1.0,0.0,0.0,1.0,0.0,1.0,2.0,2.0,0.0,0.0,0.0
0,1,0,0,0,17.0,5,0,0,0,1.0,0.0,0.0,2.0,5.093999862670898,0.0,0.0,0.0,0.0,0.0,0.0,0.0,0.0,0.0,0.0,0.0,0.0
0,1,0,0,0,21.0,1,1,0,0,0.0,1.0,0.0,2.799999952316284,36.880001068115234,1.0,2.0,0.0,0.0,1.0,0.0,0.0,3.0,2.0,2.0,0.0,0.0
1,0,0,0,1,18.0,2,0,0,0,0.0,1.0,0.0,1.909999966621399,23.04199981689453,0.0,0.0,1.0,0.0,2.0,1.0,0.0,1.0,1.0,1.0,0.0,0.0
1,0,0,0,1,26.0,3,0,1,0,0.0,1.0,0.0,1.9700000286102295,67.73300170898438,0.0,1.0,0.0,0.0,0.0,0.0,0.0,1.0,2.0,2.0,0.0,0.0
1,0,0,1,0,20.0,2,1,0,0,0.0,1.0,0.0,0.800000011920929,12.041999816894531,2.0,2.0,1.0,0.0,1.0,1.0,0.0,2.0,0.0,0.0,0.0,1.0
0,1,0,0,0,23.0,3,0,0,0,1.0,0.0,0.0,3.0799999237060547,57.321998596191406,0.0,0.0,0.0,0.0,1.0,0.0,0.0,1.0,2.0,0.0,0.0,0.0
0,0,0,0,0,23.0,2,0,0,1,0.0,1.0,0.0,3.180000066757202,12.847000122070312,0.0,0.0,0.0,0.0,1.0,0.0,0.0,2.0,0.0,1.0,0.0,0.0
0,1,0,0,0,35.0,1,1,0,0,1.0,0.0,0.0,2.7699999809265137,72.1969985961914,1.0,1.0,0.0,0.0,0.0,0.0,0.0,3.0,2.0,2.0,0.0,0.0
0,0,0,0,0,24.0,1,0,0,0,0.0,0.0,1.0,3.5899999141693115,85.93499755859375,0.0,1.0,0.0,0.0,1.0,0.0,0.0,1.0,1.0,1.0,0.0,0.0
0,1,0,0,0,28.0,1,0,0,0,0.0,0.0,1.0,3.5899999141693115,46.58599853515625,0.0,0.0,0.0,0.0,1.0,0.0,0.0,0.0,0.0,0.0,0.0,0.0
0,0,0,0,0,19.0,3,0,0,0,0.0,1.0,0.0,2.130000114440918,47.733001708984375,0.0,0.0,0.0,0.0,1.0,0.0,0.0,4.0,2.0,0.0,0.0,0.0
0,0,0,0,0,33.0,1,0,0,0,0.0,0.0,1.0,16.270000457763672,73.48200225830078,2.0,1.0,0.0,1.0,1.0,1.0,0.0,1.0,1.0,0.0,0.0,0.0
1,0,0,0,0,23.0,2,0,1,0,1.0,0.0,0.0,2.509999990463257,78.90799713134766,0.0,2.0,0.0,0.0,0.0,0.0,0.0,0.0,0.0,0.0,0.0,0.0
0,1,0,0,0,25.0,2,0,0,0,1.0,0.0,0.0,1.1299999952316284,24.025999069213867,0.0,0.0,0.0,0.0,0.0,0.0,0.0,1.0,0.0,0.0,0.0,0.0
0,0,0,0,0,26.0,2,0,0,0,1.0,0.0,0.0,1.1299999952316284,45.125999450683594,0.0,3.0,0.0,0.0,0.0,0.0,0.0,2.0,2.0,1.0,0.0,1.0
1,0,0,0,0,28.0,2,0,0,0,1.0,0.0,0.0,1.1299999952316284,15.538000106811523,1.0,1.0,1.0,0.0,0.0,0.0,1.0,1.0,2.0,0.0,0.0,0.0
0,0,0,0,0,30.0,1,0,0,0,0.0,1.0,0.0,5.039999961853027,29.378000259399414,0.0,1.0,0.0,0.0,0.0,1.0,0.0,1.0,1.0,0.0,0.0,0.0
0,1,0,0,0,23.0,1,0,0,0,1.0,0.0,0.0,3.6500000953674316,65.21499633789062,0.0,0.0,0.0,0.0,1.0,0.0,0.0,0.0,2.0,0.0,0.0,0.0
0,0,0,0,0,29.0,1,0,1,0,0.0,1.0,0.0,2.869999885559082,13.666999816894531,1.0,0.0,0.0,0.0,0.0,0.0,0.0,1.0,2.0,0.0,0.0,0.0
1,0,0,0,0,24.0,0,1,0,0,0.0,1.0,0.0,5.559999942779541,72.63999938964844,2.0,2.0,1.0,0.0,0.0,0.0,0.0,0.0,0.0,0.0,0.0,1.0
0,1,0,0,0,25.0,1,0,0,0,0.0,0.0,1.0,5.25,91.47699737548828,0.0,0.0,0.0,0.0,0.0,0.0,0.0,2.0,1.0,0.0,0.0,0.0
0,1,0,0,0,27.0,1,0,0,0,0.0,0.0,1.0,5.25,79.08399963378906,0.0,0.0,0.0,0.0,0.0,0.0,0.0,4.0,0.0,0.0,0.0,0.0
0,1,0,0,0,20.0,5,0,0,0,1.0,0.0,0.0,1.7000000476837158,70.1969985961914,0.0,0.0,0.0,0.0,1.0,0.0,0.0,1.0,1.0,0.0,0.0,0.0
0,1,0,0,0,21.0,5,0,0,0,1.0,0.0,0.0,1.7000000476837158,64.72100067138672,1.0,0.0,0.0,0.0,0.0,0.0,1.0,0.0,2.0,0.0,0.0,0.0
0,0,0,0,0,32.0,0,0,0,0,0.0,0.0,1.0,4.809999942779541,71.44000244140625,0.0,0.0,0.0,0.0,0.0,0.0,0.0,0.0,1.0,0.0,0.0,0.0
0,0,0,0,0,25.0,0,1,0,0,0.0,0.0,0.0,3.4200000762939453,28.388999938964844,0.0,0.0,0.0,0.0,1.0,0.0,0.0,0.0,3.0,0.0,0.0,0.0
0,0,0,0,0,30.0,1,0,0,0,0.0,1.0,0.0,2.8299999237060547,18.27899932861328,0.0,1.0,0.0,0.0,1.0,0.0,0.0,0.0,1.0,0.0,0.0,0.0
1,1,0,0,0,22.0,0,1,0,0,0.0,1.0,0.0,3.700000047683716,75.00700378417969,0.0,2.0,0.0,0.0,0.0,0.0,0.0,2.0,2.0,2.0,1.0,0.0
1,1,0,0,0,21.0,2,0,1,0,1.0,0.0,0.0,4.570000171661377,74.73200225830078,2.0,2.0,1.0,0.0,0.0,0.0,3.0,4.0,3.0,3.0,3.0,1.0
1,1,0,0,0,29.0,0,1,0,0,0.0,0.0,1.0,0.17000000178813934,40.91299819946289,2.0,2.0,0.0,0.0,1.0,0.0,1.0,3.0,2.0,1.0,2.0,1.0
0,0,0,0,0,24.0,3,0,0,0,0.0,0.0,1.0,2.549999952316284,89.63899993896484,0.0,0.0,0.0,0.0,1.0,2.0,0.0,0.0,0.0,0.0,0.0,0.0
0,0,0,0,0,25.0,3,0,0,0,0.0,0.0,1.0,2.549999952316284,72.83100128173828,0.0,0.0,0.0,0.0,0.0,1.0,0.0,0.0,0.0,0.0,0.0,0.0
1,0,0,0,0,37.0,0,1,0,0,0.0,0.0,1.0,9.279999732971191,16.256999969482422,2.0,3.0,2.0,3.0,0.0,1.0,1.0,3.0,2.0,2.0,0.0,1.0
0,1,0,0,0,26.0,3,1,0,0,0.0,0.0,1.0,0.8399999737739563,91.96900177001953,0.0,1.0,0.0,0.0,0.0,0.0,0.0,0.0,1.0,0.0,0.0,0.0
0,1,0,0,0,22.0,5,0,0,0,0.0,1.0,0.0,2.9200000762939453,80.63700103759766,0.0,0.0,0.0,0.0,0.0,0.0,0.0,0.0,0.0,0.0,0.0,0.0
0,1,0,1,0,30.0,1,1,0,0,1.0,0.0,0.0,1.1399999856948853,25.486000061035156,0.0,0.0,0.0,0.0,1.0,0.0,1.0,1.0,1.0,1.0,1.0,0.0
0,0,0,1,0,32.0,1,1,0,0,1.0,0.0,0.0,1.1399999856948853,36.11899948120117,0.0,0.0,0.0,0.0,3.0,1.0,1.0,3.0,2.0,2.0,0.0,0.0
0,1,0,0,0,28.0,1,0,1,0,0.0,0.0,1.0,7.130000114440918,89.8010025024414,0.0,0.0,0.0,0.0,0.0,0.0,0.0,0.0,1.0,1.0,0.0,0.0
0,0,0,0,0,20.0,0,1,0,0,0.0,1.0,0.0,1.9800000190734863,98.8239974975586,0.0,0.0,0.0,0.0,0.0,0.0,0.0,0.0,0.0,0.0,0.0,0.0
0,0,0,1,0,17.0,1,1,0,0,0.0,1.0,0.0,1.7999999523162842,25.04400062561035,0.0,0.0,0.0,0.0,1.0,0.0,0.0,0.0,0.0,0.0,0.0,0.0
0,1,0,1,0,22.0,2,0,1,0,0.0,0.0,0.0,1.3899999856948853,7.670000076293945,0.0,1.0,0.0,0.0,0.0,0.0,0.0,1.0,0.0,0.0,0.0,0.0
1,0,0,0,0,33.0,1,0,0,0,0.0,0.0,1.0,2.1700000762939453,67.0,1.0,0.0,0.0,2.0,1.0,0.0,0.0,0.0,1.0,1.0,0.0,0.0
0,0,0,0,0,36.0,1,0,0,0,0.0,0.0,1.0,2.1700000762939453,70.21900177001953,2.0,0.0,0.0,0.0,1.0,0.0,0.0,1.0,3.0,4.0,2.0,1.0
0,0,1,0,0,22.0,2,0,1,0,1.0,0.0,0.0,1.909999966621399,13.67199993133545,1.0,0.0,0.0,0.0,1.0,0.0,1.0,1.0,2.0,2.0,1.0,1.0
1,1,1,0,0,13.0,2,0,1,0,1.0,0.0,0.0,1.909999966621399,25.968000411987305,0.0,0.0,1.0,0.0,1.0,0.0,0.0,0.0,1.0,1.0,0.0,0.0
1,0,0,0,0,28.0,0,0,0,0,1.0,0.0,0.0,4.670000076293945,49.26300048828125,0.0,1.0,0.0,0.0,0.0,0.0,0.0,2.0,3.0,1.0,0.0,0.0
1,0,0,1,0,21.0,2,0,1,0,0.0,0.0,1.0,3.0999999046325684,70.69599914550781,1.0,0.0,1.0,0.0,1.0,0.0,0.0,0.0,1.0,0.0,0.0,0.0
0,0,0,1,0,28.0,1,0,1,0,0.0,0.0,1.0,3.619999885559082,12.588000297546387,0.0,0.0,0.0,0.0,0.0,0.0,0.0,2.0,0.0,0.0,0.0,0.0
1,0,0,1,0,24.0,2,0,0,0,0.0,1.0,0.0,2.940000057220459,19.7450008392334,0.0,2.0,1.0,0.0,0.0,1.0,0.0,4.0,3.0,1.0,1.0,0.0
0,1,0,1,0,25.0,2,0,0,0,0.0,1.0,0.0,2.940000057220459,54.08000183105469,0.0,1.0,0.0,0.0,0.0,0.0,0.0,0.0,1.0,0.0,0.0,0.0
0,0,0,0,1,27.0,1,0,0,0,0.0,0.0,1.0,5.03000020980835,95.9469985961914,1.0,1.0,0.0,0.0,1.0,0.0,0.0,2.0,2.0,2.0,0.0,0.0
1,1,1,0,0,22.0,2,0,1,0,0.0,1.0,0.0,3.0399999618530273,31.250999450683594,0.0,0.0,0.0,0.0,0.0,0.0,1.0,0.0,1.0,0.0,0.0,0.0
0,0,0,1,0,18.0,2,0,0,0,1.0,0.0,0.0,2.0,91.21499633789062,0.0,0.0,0.0,0.0,1.0,0.0,0.0,0.0,0.0,0.0,0.0,0.0
0,0,0,1,0,21.0,2,0,0,0,1.0,0.0,0.0,2.0,26.57200050354004,0.0,0.0,0.0,0.0,0.0,1.0,0.0,0.0,1.0,0.0,0.0,0.0
0,1,1,0,0,18.0,2,1,0,0,0.0,1.0,0.0,1.0199999809265137,72.02999877929688,0.0,0.0,0.0,0.0,0.0,0.0,0.0,0.0,0.0,0.0,0.0,0.0
1,0,0,0,0,36.0,1,1,0,0,0.0,1.0,0.0,0.9399999976158142,40.82500076293945,0.0,0.0,0.0,0.0,0.0,0.0,0.0,0.0,4.0,0.0,1.0,0.0
1,0,0,1,0,24.0,2,0,0,0,0.0,0.0,0.0,1.5800000429153442,72.26899719238281,0.0,0.0,0.0,0.0,1.0,0.0,0.0,0.0,0.0,0.0,0.0,0.0
1,1,0,1,0,28.0,1,0,0,0,0.0,1.0,0.0,5.730000019073486,18.68899917602539,0.0,0.0,0.0,0.0,1.0,0.0,0.0,0.0,0.0,0.0,0.0,0.0
1,1,0,0,0,34.0,1,1,0,0,0.0,1.0,0.0,1.7999999523162842,6.960000038146973,0.0,1.0,1.0,0.0,1.0,0.0,0.0,0.0,2.0,2.0,1.0,0.0
0,1,0,1,0,27.0,1,0,0,0,0.0,0.0,1.0,0.4699999988079071,68.47899627685547,0.0,0.0,0.0,0.0,2.0,0.0,0.0,0.0,2.0,0.0,0.0,0.0
1,0,0,0,0,23.0,1,0,0,0,0.0,0.0,1.0,2.7799999713897705,89.77300262451172,0.0,1.0,0.0,0.0,1.0,0.0,0.0,0.0,2.0,0.0,0.0,0.0
0,0,0,0,0,34.0,1,0,0,0,0.0,0.0,1.0,8.930000305175781,87.2249984741211,1.0,0.0,0.0,0.0,2.0,1.0,0.0,0.0,1.0,1.0,0.0,0.0
0,1,0,0,0,19.0,1,0,0,0,0.0,0.0,0.0,0.9399999976158142,42.665000915527344,0.0,0.0,0.0,0.0,0.0,0.0,0.0,0.0,0.0,0.0,0.0,0.0
0,0,0,0,0,39.0,1,1,0,0,1.0,0.0,0.0,2.2300000190734863,94.7969970703125,3.0,2.0,1.0,0.0,1.0,0.0,1.0,0.0,2.0,1.0,1.0,0.0
1,1,0,0,0,29.0,1,0,1,0,1.0,0.0,0.0,1.4199999570846558,12.855999946594238,0.0,0.0,0.0,0.0,1.0,0.0,0.0,2.0,1.0,1.0,0.0,0.0
0,1,0,0,0,30.0,1,0,1,0,1.0,0.0,0.0,1.4199999570846558,3.8940000534057617,1.0,2.0,0.0,0.0,1.0,0.0,0.0,3.0,2.0,1.0,0.0,1.0
1,0,0,0,0,22.0,1,0,1,0,0.0,0.0,0.0,2.630000114440918,3.99399995803833,1.0,1.0,2.0,1.0,1.0,0.0,0.0,2.0,1.0,1.0,0.0,0.0
0,0,0,0,0,24.0,1,0,0,0,0.0,0.0,0.0,2.630000114440918,34.26599884033203,0.0,0.0,0.0,0.0,0.0,0.0,0.0,1.0,3.0,1.0,0.0,0.0
0,1,1,0,0,31.0,1,1,0,0,0.0,0.0,0.0,1.2699999809265137,1.7230000495910645,1.0,0.0,0.0,0.0,0.0,0.0,0.0,2.0,1.0,0.0,0.0,0.0
1,1,1,0,0,31.0,1,1,0,0,0.0,0.0,0.0,1.2699999809265137,10.17199993133545,0.0,0.0,0.0,0.0,0.0,0.0,1.0,0.0,0.0,0.0,0.0,1.0
0,1,1,0,0,25.0,1,1,0,0,1.0,0.0,0.0,1.7599999904632568,71.30500030517578,0.0,0.0,1.0,0.0,0.0,0.0,0.0,2.0,1.0,0.0,0.0,1.0
1,1,1,0,0,24.0,2,1,0,0,1.0,0.0,0.0,1.7200000286102295,12.956000328063965,1.0,2.0,1.0,1.0,1.0,0.0,2.0,4.0,3.0,3.0,0.0,0.0
0,1,0,0,0,30.0,2,0,0,0,0.0,0.0,1.0,3.7899999618530273,81.22799682617188,0.0,0.0,0.0,0.0,0.0,0.0,0.0,0.0,0.0,0.0,0.0,0.0
0,1,0,0,0,32.0,2,0,0,0,0.0,0.0,1.0,3.7899999618530273,65.55599975585938,0.0,0.0,0.0,0.0,0.0,0.0,0.0,0.0,0.0,0.0,0.0,0.0
0,1,1,0,0,26.0,1,0,0,0,0.0,1.0,0.0,5.21999979019165,57.97999954223633,0.0,0.0,0.0,0.0,0.0,0.0,0.0,0.0,1.0,0.0,0.0,0.0
1,1,1,0,0,24.0,2,0,0,0,1.0,0.0,0.0,1.940000057220459,33.29100036621094,0.0,1.0,0.0,0.0,0.0,0.0,0.0,0.0,0.0,0.0,0.0,0.0
0,1,0,0,0,28.0,1,0,0,0,0.0,1.0,0.0,1.2300000190734863,86.92400360107422,2.0,2.0,0.0,0.0,0.0,0.0,0.0,1.0,4.0,2.0,0.0,0.0
1,0,0,0,0,27.0,2,0,0,0,0.0,0.0,1.0,5.550000190734863,79.53900146484375,3.0,3.0,1.0,2.0,1.0,0.0,1.0,4.0,3.0,3.0,2.0,1.0
0,0,0,0,0,22.0,1,0,0,0,0.0,0.0,1.0,16.270000457763672,91.12300109863281,0.0,0.0,0.0,0.0,1.0,0.0,0.0,0.0,0.0,0.0,0.0,0.0
0,0,0,0,0,24.0,1,0,0,0,0.0,0.0,1.0,16.270000457763672,82.02300262451172,0.0,0.0,0.0,0.0,1.0,0.0,0.0,0.0,0.0,0.0,0.0,0.0
0,1,0,0,0,25.0,3,0,1,0,0.0,0.0,1.0,3.6600000858306885,60.85499954223633,0.0,0.0,0.0,0.0,0.0,0.0,0.0,2.0,1.0,1.0,0.0,0.0
0,0,0,0,0,29.0,2,0,0,0,0.0,0.0,1.0,4.25,67.2030029296875,0.0,0.0,0.0,0.0,0.0,1.0,0.0,1.0,1.0,0.0,0.0,0.0
1,1,0,0,0,31.0,2,0,0,0,0.0,0.0,1.0,4.25,78.36499786376953,0.0,1.0,0.0,0.0,1.0,0.0,1.0,4.0,3.0,1.0,1.0,0.0
0,0,0,0,0,30.0,2,0,0,0,0.0,0.0,1.0,4.900000095367432,68.9469985961914,0.0,0.0,0.0,0.0,0.0,0.0,0.0,0.0,2.0,1.0,0.0,0.0
1,0,0,0,0,28.0,3,0,0,0,0.0,0.0,1.0,6.460000038146973,64.56300354003906,0.0,1.0,0.0,0.0,0.0,0.0,0.0,0.0,3.0,2.0,0.0,1.0
1,0,0,0,0,32.0,0,0,0,0,0.0,0.0,1.0,9.050000190734863,100.0,0.0,0.0,0.0,0.0,0.0,0.0,0.0,0.0,0.0,0.0,0.0,0.0
0,0,0,0,0,32.0,2,0,0,0,0.0,0.0,1.0,4.03000020980835,33.77399826049805,0.0,0.0,0.0,0.0,0.0,0.0,0.0,2.0,3.0,0.0,0.0,0.0
0,0,0,0,0,35.0,1,1,0,0,0.0,0.0,1.0,4.75,75.91899871826172,0.0,0.0,0.0,0.0,0.0,0.0,0.0,0.0,0.0,0.0,0.0,0.0
0,1,0,0,0,36.0,1,1,0,0,0.0,0.0,1.0,4.75,100.0,1.0,0.0,0.0,0.0,0.0,0.0,0.0,0.0,0.0,0.0,0.0,0.0
0,0,0,0,0,29.0,0,0,1,0,0.0,0.0,1.0,16.270000457763672,88.5770034790039,0.0,0.0,1.0,1.0,1.0,0.0,0.0,1.0,2.0,1.0,0.0,1.0
0,0,0,0,0,29.0,1,0,0,0,0.0,1.0,0.0,3.6700000762939453,60.599998474121094,0.0,0.0,0.0,0.0,0.0,0.0,0.0,0.0,2.0,0.0,0.0,0.0
0,1,0,0,0,33.0,2,0,0,0,0.0,1.0,0.0,3.6500000953674316,76.54900360107422,0.0,0.0,0.0,0.0,0.0,0.0,0.0,1.0,2.0,2.0,0.0,0.0
0,1,0,0,0,27.0,3,1,0,0,1.0,0.0,0.0,0.6800000071525574,90.2040023803711,0.0,2.0,0.0,0.0,0.0,0.0,1.0,3.0,1.0,0.0,0.0,0.0
0,1,0,0,0,37.0,1,0,0,0,0.0,0.0,1.0,5.289999961853027,81.19400024414062,0.0,0.0,0.0,0.0,0.0,0.0,0.0,2.0,0.0,0.0,0.0,0.0
0,1,0,0,0,34.0,1,0,0,0,1.0,0.0,0.0,4.050000190734863,52.49599838256836,0.0,0.0,0.0,0.0,0.0,0.0,0.0,0.0,0.0,0.0,0.0,0.0
0,1,0,0,0,35.0,1,0,0,0,1.0,0.0,0.0,4.050000190734863,94.95800018310547,0.0,0.0,0.0,0.0,0.0,0.0,0.0,1.0,0.0,0.0,0.0,0.0
0,0,0,0,0,23.0,2,0,0,0,0.0,0.0,1.0,1.7400000095367432,84.88700103759766,0.0,0.0,0.0,0.0,0.0,0.0,0.0,0.0,2.0,0.0,0.0,0.0
0,0,0,0,0,29.0,1,0,0,0,0.0,0.0,1.0,6.829999923706055,49.821998596191406,0.0,0.0,0.0,0.0,1.0,0.0,0.0,1.0,2.0,0.0,0.0,0.0
1,1,0,0,0,36.0,1,0,0,0,0.0,0.0,1.0,2.740000009536743,70.55500030517578,1.0,0.0,0.0,0.0,0.0,0.0,1.0,2.0,1.0,1.0,1.0,1.0
0,1,0,0,0,37.0,1,0,0,0,0.0,0.0,1.0,2.740000009536743,72.70700073242188,0.0,1.0,0.0,0.0,0.0,0.0,0.0,3.0,2.0,2.0,0.0,0.0
0,1,0,0,0,29.0,2,0,0,0,0.0,0.0,1.0,3.4200000762939453,92.94200134277344,0.0,0.0,0.0,0.0,0.0,0.0,0.0,0.0,1.0,0.0,0.0,0.0
0,0,0,0,0,32.0,2,0,0,0,0.0,0.0,1.0,3.4200000762939453,97.53800201416016,0.0,0.0,0.0,0.0,0.0,0.0,0.0,0.0,2.0,0.0,0.0,0.0
0,0,0,0,0,24.0,2,0,0,0,0.0,0.0,1.0,6.150000095367432,86.65399932861328,0.0,0.0,0.0,0.0,1.0,0.0,0.0,0.0,0.0,0.0,0.0,0.0
0,1,0,0,0,26.0,2,0,0,0,0.0,0.0,1.0,6.150000095367432,99.24099731445312,0.0,0.0,0.0,0.0,0.0,0.0,0.0,0.0,1.0,0.0,0.0,0.0
1,0,0,0,0,27.0,3,0,0,0,0.0,0.0,1.0,3.119999885559082,85.81999969482422,2.0,2.0,0.0,1.0,0.0,0.0,0.0,2.0,2.0,0.0,0.0,0.0
0,1,0,0,0,27.0,1,0,0,0,0.0,0.0,1.0,3.059999942779541,57.88199996948242,0.0,2.0,0.0,0.0,1.0,0.0,0.0,4.0,3.0,1.0,0.0,0.0
1,0,0,0,0,25.0,1,0,0,0,0.0,1.0,0.0,1.340000033378601,35.91600036621094,1.0,0.0,0.0,0.0,0.0,0.0,0.0,0.0,1.0,0.0,0.0,0.0
0,0,0,0,0,19.0,0,0,1,0,0.0,0.0,1.0,3.7100000381469727,85.52799987792969,0.0,0.0,0.0,0.0,1.0,0.0,0.0,0.0,0.0,1.0,0.0,0.0
1,0,1,0,0,15.0,3,1,0,0,0.0,0.0,0.0,0.47999998927116394,70.83499908447266,0.0,0.0,0.0,0.0,1.0,0.0,1.0,2.0,0.0,0.0,0.0,0.0
1,0,1,0,0,18.0,3,1,0,0,0.0,0.0,0.0,0.47999998927116394,17.68899917602539,0.0,1.0,0.0,0.0,0.0,0.0,0.0,1.0,0.0,0.0,0.0,0.0
0,1,1,0,0,29.0,5,1,0,0,1.0,0.0,0.0,0.7900000214576721,37.47600173950195,0.0,0.0,0.0,0.0,0.0,0.0,0.0,0.0,4.0,1.0,0.0,0.0
0,1,1,0,0,18.0,1,1,0,0,1.0,0.0,0.0,1.0700000524520874,35.737998962402344,0.0,1.0,0.0,0.0,1.0,0.0,1.0,0.0,1.0,0.0,0.0,0.0
1,1,0,0,1,29.0,0,0,0,0,0.0,0.0,1.0,4.429999828338623,27.770999908447266,2.0,1.0,0.0,0.0,1.0,0.0,1.0,1.0,1.0,1.0,0.0,1.0
0,1,1,0,0,17.0,1,1,0,0,0.0,1.0,0.0,1.190000057220459,61.49800109863281,0.0,0.0,0.0,0.0,1.0,0.0,0.0,1.0,0.0,0.0,0.0,0.0
0,0,1,0,0,29.0,1,1,0,0,1.0,0.0,0.0,4.400000095367432,13.61400032043457,1.0,0.0,0.0,0.0,1.0,0.0,0.0,1.0,0.0,0.0,0.0,0.0
0,1,0,0,0,24.0,1,0,0,0,0.0,0.0,1.0,3.430000066757202,98.50199890136719,0.0,0.0,0.0,0.0,0.0,0.0,0.0,0.0,1.0,0.0,0.0,0.0
0,0,0,0,0,26.0,1,0,0,0,0.0,0.0,1.0,3.430000066757202,85.17900085449219,0.0,0.0,0.0,0.0,0.0,0.0,0.0,1.0,1.0,0.0,0.0,0.0
0,1,0,0,0,18.0,2,0,1,0,1.0,0.0,0.0,1.0299999713897705,44.72800064086914,0.0,0.0,0.0,0.0,0.0,0.0,0.0,2.0,1.0,0.0,0.0,0.0
0,0,0,0,0,20.0,2,0,1,0,1.0,0.0,0.0,1.0299999713897705,16.21299934387207,0.0,0.0,0.0,0.0,0.0,0.0,1.0,1.0,2.0,0.0,0.0,0.0
0,0,0,0,0,29.0,1,0,0,0,0.0,0.0,1.0,7.809999942779541,68.69100189208984,0.0,2.0,0.0,0.0,0.0,0.0,0.0,2.0,3.0,1.0,0.0,0.0
0,0,0,0,0,33.0,2,1,0,0,0.0,1.0,0.0,1.940000057220459,43.902000427246094,0.0,0.0,0.0,0.0,0.0,0.0,0.0,0.0,1.0,0.0,0.0,0.0
0,0,0,0,0,34.0,1,0,0,0,0.0,0.0,1.0,5.190000057220459,68.13600158691406,0.0,0.0,0.0,0.0,1.0,0.0,0.0,0.0,1.0,0.0,0.0,0.0
1,1,0,0,0,36.0,1,0,0,0,0.0,0.0,1.0,5.190000057220459,55.643001556396484,2.0,1.0,1.0,0.0,2.0,0.0,1.0,4.0,3.0,3.0,3.0,0.0
0,0,0,0,0,33.0,2,0,0,0,0.0,1.0,0.0,5.159999847412109,27.349000930786133,2.0,1.0,0.0,0.0,0.0,0.0,0.0,2.0,2.0,2.0,0.0,0.0
0,1,1,0,0,16.0,2,0,1,0,1.0,0.0,0.0,0.9100000262260437,22.38800048828125,2.0,0.0,0.0,0.0,0.0,0.0,1.0,0.0,1.0,1.0,0.0,0.0
0,0,0,0,0,22.0,3,1,0,0,0.0,0.0,1.0,0.8799999952316284,36.48400115966797,0.0,0.0,0.0,0.0,1.0,0.0,0.0,2.0,2.0,0.0,0.0,1.0
0,0,0,0,0,31.0,0,0,1,0,0.0,1.0,0.0,3.259999990463257,49.108001708984375,0.0,0.0,0.0,0.0,1.0,0.0,0.0,1.0,1.0,1.0,0.0,0.0
1,0,0,0,0,23.0,1,1,0,0,1.0,0.0,0.0,3.7300000190734863,53.137001037597656,0.0,0.0,0.0,0.0,0.0,0.0,0.0,1.0,4.0,2.0,0.0,0.0
0,1,0,0,0,23.0,2,0,0,0,1.0,0.0,0.0,2.8299999237060547,57.03099822998047,0.0,0.0,0.0,0.0,0.0,0.0,0.0,0.0,0.0,0.0,0.0,0.0
0,1,0,0,0,25.0,2,0,0,0,1.0,0.0,0.0,2.8299999237060547,40.698001861572266,0.0,0.0,0.0,0.0,0.0,0.0,1.0,1.0,0.0,0.0,0.0,0.0
1,0,0,0,0,27.0,2,0,1,0,0.0,0.0,1.0,1.7699999809265137,34.28099822998047,1.0,1.0,0.0,0.0,0.0,0.0,0.0,1.0,0.0,0.0,0.0,0.0
0,1,0,0,0,32.0,1,0,0,0,0.0,0.0,1.0,16.270000457763672,94.70800018310547,0.0,0.0,0.0,0.0,0.0,0.0,0.0,0.0,2.0,1.0,0.0,0.0
0,0,0,0,0,27.0,1,0,0,0,0.0,1.0,0.0,3.509999990463257,92.47599792480469,0.0,2.0,1.0,2.0,1.0,0.0,0.0,1.0,1.0,1.0,0.0,0.0
1,0,0,0,0,24.0,2,0,0,0,0.0,1.0,0.0,1.6100000143051147,72.99299621582031,0.0,0.0,0.0,0.0,1.0,0.0,1.0,0.0,1.0,1.0,0.0,0.0
0,1,0,0,0,34.0,1,1,0,0,0.0,1.0,0.0,0.6499999761581421,43.840999603271484,0.0,0.0,1.0,0.0,0.0,0.0,0.0,1.0,2.0,0.0,0.0,0.0
1,1,0,0,0,17.0,2,1,0,0,1.0,0.0,0.0,0.5099999904632568,65.47200012207031,0.0,0.0,0.0,0.0,1.0,0.0,1.0,2.0,1.0,1.0,1.0,0.0
1,1,0,0,0,24.0,4,0,1,0,0.0,0.0,0.0,0.5299999713897705,37.55799865722656,0.0,1.0,0.0,0.0,1.0,0.0,0.0,2.0,1.0,1.0,1.0,1.0
1,0,0,0,0,25.0,4,0,1,0,0.0,0.0,0.0,0.5299999713897705,1.2829999923706055,3.0,0.0,1.0,1.0,2.0,0.0,1.0,4.0,3.0,2.0,0.0,1.0
0,0,0,0,0,19.0,2,1,0,0,0.0,0.0,0.0,0.5,20.547000885009766,0.0,1.0,0.0,0.0,1.0,0.0,0.0,3.0,0.0,0.0,0.0,0.0
0,1,0,1,0,31.0,0,1,0,0,0.0,1.0,0.0,0.5400000214576721,38.5359992980957,0.0,2.0,1.0,0.0,0.0,0.0,1.0,2.0,2.0,1.0,1.0,0.0
0,0,0,0,0,33.0,1,0,0,0,0.0,0.0,1.0,16.270000457763672,82.79100036621094,0.0,1.0,0.0,0.0,0.0,0.0,0.0,1.0,2.0,2.0,0.0,1.0
0,0,0,0,0,32.0,1,0,0,0,0.0,0.0,1.0,2.8399999141693115,64.88999938964844,0.0,0.0,0.0,0.0,0.0,0.0,0.0,0.0,0.0,0.0,0.0,0.0
1,0,0,0,0,32.0,1,0,0,0,0.0,0.0,1.0,2.0399999618530273,10.258000373840332,1.0,1.0,1.0,1.0,0.0,0.0,0.0,2.0,1.0,0.0,0.0,0.0
0,0,0,0,0,34.0,1,0,0,0,0.0,0.0,1.0,2.0399999618530273,75.94200134277344,1.0,0.0,0.0,0.0,0.0,0.0,0.0,0.0,1.0,0.0,0.0,0.0
0,1,0,0,0,26.0,0,0,0,0,0.0,0.0,1.0,4.510000228881836,76.39800262451172,0.0,1.0,0.0,0.0,0.0,0.0,0.0,0.0,2.0,0.0,0.0,0.0
0,1,0,1,0,30.0,0,0,0,0,0.0,1.0,0.0,2.799999952316284,10.75,0.0,0.0,0.0,0.0,0.0,0.0,0.0,0.0,0.0,0.0,0.0,0.0
0,1,0,0,0,19.0,2,1,0,0,0.0,0.0,1.0,0.8600000143051147,82.74800109863281,0.0,0.0,0.0,0.0,0.0,0.0,0.0,0.0,2.0,0.0,0.0,0.0
1,0,0,0,0,27.0,1,0,0,0,0.0,1.0,0.0,2.1600000858306885,43.19300079345703,1.0,0.0,1.0,0.0,0.0,0.0,0.0,2.0,1.0,1.0,0.0,0.0
1,1,0,0,0,23.0,1,1,0,0,1.0,0.0,0.0,4.480000019073486,49.92599868774414,2.0,1.0,1.0,0.0,0.0,0.0,1.0,2.0,1.0,0.0,0.0,1.0
0,1,0,0,0,25.0,1,0,0,0,1.0,0.0,0.0,3.4100000858306885,96.57499694824219,0.0,0.0,0.0,0.0,0.0,0.0,0.0,0.0,0.0,0.0,0.0,0.0
0,1,0,0,0,22.0,1,0,0,0,1.0,0.0,0.0,2.7200000286102295,29.951000213623047,0.0,1.0,0.0,0.0,0.0,0.0,1.0,0.0,1.0,0.0,0.0,0.0
0,0,0,0,0,33.0,1,0,0,0,0.0,1.0,0.0,4.46999979019165,33.797000885009766,0.0,0.0,0.0,0.0,0.0,0.0,0.0,0.0,0.0,0.0,0.0,0.0
0,0,0,0,0,29.0,1,0,0,0,1.0,0.0,0.0,5.760000228881836,80.14299774169922,0.0,0.0,0.0,0.0,0.0,0.0,0.0,2.0,2.0,0.0,0.0,0.0
0,1,0,0,0,41.0,0,0,1,0,0.0,0.0,1.0,8.699999809265137,90.91799926757812,1.0,1.0,0.0,0.0,0.0,0.0,0.0,3.0,2.0,2.0,1.0,0.0
0,0,0,0,0,24.0,2,0,0,0,1.0,0.0,0.0,1.0399999618530273,5.428999900817871,1.0,0.0,0.0,0.0,0.0,0.0,0.0,1.0,1.0,1.0,0.0,0.0
0,1,0,0,0,18.0,1,0,0,0,1.0,0.0,0.0,3.2100000381469727,4.638000011444092,0.0,0.0,0.0,0.0,0.0,0.0,0.0,0.0,0.0,0.0,0.0,0.0
0,1,0,0,0,26.0,2,0,0,0,0.0,0.0,1.0,3.5999999046325684,71.15799713134766,0.0,0.0,0.0,0.0,0.0,0.0,0.0,0.0,0.0,0.0,0.0,0.0
0,0,0,0,0,28.0,2,0,0,0,0.0,1.0,0.0,1.3899999856948853,35.95399856567383,0.0,1.0,0.0,0.0,0.0,0.0,0.0,3.0,2.0,2.0,0.0,0.0
0,0,0,1,0,36.0,0,0,0,0,0.0,0.0,1.0,16.270000457763672,96.2699966430664,0.0,0.0,0.0,0.0,0.0,0.0,0.0,0.0,1.0,1.0,0.0,0.0
0,1,0,0,0,26.0,2,0,0,0,0.0,0.0,1.0,8.170000076293945,83.36699676513672,0.0,0.0,0.0,0.0,0.0,0.0,0.0,0.0,0.0,0.0,0.0,0.0
1,0,0,0,0,23.0,0,0,0,0,0.0,1.0,0.0,4.590000152587891,56.85300064086914,1.0,0.0,0.0,1.0,0.0,0.0,0.0,2.0,1.0,1.0,0.0,0.0
0,0,0,0,0,33.0,1,0,0,0,0.0,0.0,1.0,4.269999980926514,82.01499938964844,0.0,1.0,0.0,0.0,0.0,0.0,0.0,0.0,1.0,0.0,0.0,0.0
0,0,0,0,0,24.0,1,1,0,0,0.0,1.0,0.0,3.240000009536743,77.78199768066406,0.0,0.0,0.0,0.0,0.0,0.0,0.0,3.0,2.0,2.0,0.0,0.0
0,0,0,0,0,24.0,2,0,1,0,0.0,1.0,0.0,3.690000057220459,83.36000061035156,0.0,0.0,0.0,0.0,0.0,0.0,0.0,0.0,0.0,0.0,0.0,0.0
0,0,0,0,0,34.0,1,0,0,0,0.0,0.0,1.0,5.820000171661377,21.847000122070312,1.0,0.0,0.0,1.0,1.0,0.0,0.0,2.0,1.0,1.0,0.0,0.0
0,0,0,0,0,28.0,1,0,0,0,1.0,0.0,0.0,3.049999952316284,57.518001556396484,1.0,1.0,0.0,0.0,2.0,1.0,0.0,0.0,2.0,1.0,0.0,0.0
1,0,0,0,0,31.0,0,0,0,0,0.0,1.0,0.0,5.960000038146973,86.72100067138672,1.0,4.0,0.0,2.0,1.0,0.0,0.0,3.0,3.0,3.0,2.0,1.0
1,0,0,0,0,28.0,2,0,0,0,1.0,0.0,0.0,1.8700000047683716,2.1549999713897705,1.0,0.0,0.0,0.0,0.0,1.0,0.0,1.0,1.0,0.0,0.0,0.0
0,0,0,0,0,25.0,2,0,1,0,1.0,0.0,0.0,3.3299999237060547,18.368000030517578,0.0,0.0,0.0,0.0,0.0,0.0,0.0,4.0,1.0,2.0,0.0,0.0
1,0,0,0,0,25.0,2,0,1,0,1.0,0.0,0.0,3.3299999237060547,27.80500030517578,0.0,0.0,0.0,0.0,0.0,0.0,0.0,2.0,2.0,1.0,0.0,0.0
0,1,0,0,0,17.0,1,0,1,0,0.0,1.0,0.0,7.75,70.93599700927734,1.0,1.0,1.0,0.0,0.0,0.0,1.0,2.0,1.0,1.0,0.0,0.0
0,0,0,0,0,32.0,3,0,1,0,0.0,0.0,1.0,4.53000020980835,65.38300323486328,0.0,0.0,1.0,0.0,0.0,0.0,0.0,0.0,3.0,1.0,0.0,1.0
1,0,0,0,0,25.0,1,0,0,0,0.0,1.0,0.0,3.700000047683716,63.2140007019043,1.0,1.0,0.0,0.0,1.0,0.0,0.0,1.0,1.0,0.0,0.0,0.0
0,0,0,0,0,19.0,2,0,1,0,0.0,1.0,0.0,1.350000023841858,44.91699981689453,0.0,1.0,0.0,0.0,0.0,0.0,0.0,0.0,0.0,0.0,0.0,0.0
0,1,0,0,0,27.0,2,0,0,0,0.0,0.0,1.0,2.7100000381469727,88.29000091552734,0.0,0.0,0.0,0.0,1.0,0.0,0.0,2.0,1.0,1.0,0.0,0.0
1,0,0,0,0,27.0,0,0,0,0,0.0,0.0,1.0,6.650000095367432,53.071998596191406,1.0,1.0,0.0,1.0,1.0,0.0,0.0,0.0,2.0,0.0,0.0,0.0
1,1,0,1,0,27.0,1,0,0,0,0.0,0.0,0.0,2.3299999237060547,9.854000091552734,2.0,0.0,0.0,0.0,0.0,0.0,1.0,3.0,1.0,0.0,0.0,0.0
1,0,0,0,0,21.0,1,1,0,0,1.0,0.0,0.0,2.809999942779541,90.18000030517578,0.0,0.0,0.0,0.0,0.0,0.0,0.0,2.0,1.0,1.0,0.0,0.0
1,0,0,0,0,23.0,1,1,0,0,1.0,0.0,0.0,2.809999942779541,62.720001220703125,1.0,2.0,0.0,2.0,0.0,0.0,0.0,2.0,2.0,2.0,2.0,1.0
0,0,0,0,0,27.0,1,1,0,0,0.0,1.0,0.0,3.8399999141693115,100.0,1.0,0.0,0.0,0.0,0.0,0.0,0.0,0.0,0.0,0.0,0.0,0.0
0,0,0,0,0,28.0,1,1,0,0,0.0,1.0,0.0,3.8399999141693115,96.77999877929688,1.0,0.0,0.0,0.0,0.0,0.0,0.0,0.0,2.0,0.0,0.0,0.0
1,0,0,0,0,29.0,1,0,0,0,1.0,0.0,0.0,4.110000133514404,40.49100112915039,1.0,1.0,0.0,1.0,1.0,1.0,0.0,0.0,0.0,1.0,0.0,1.0
1,0,0,0,0,18.0,3,0,1,0,1.0,0.0,0.0,2.619999885559082,40.849998474121094,0.0,0.0,0.0,0.0,0.0,0.0,0.0,0.0,1.0,0.0,0.0,0.0
0,0,0,0,0,21.0,3,0,1,0,1.0,0.0,0.0,2.619999885559082,38.672000885009766,1.0,1.0,0.0,0.0,0.0,0.0,0.0,4.0,1.0,1.0,0.0,0.0
1,0,0,0,0,26.0,2,0,1,0,0.0,1.0,0.0,1.9800000190734863,41.08100128173828,2.0,1.0,0.0,1.0,0.0,1.0,0.0,4.0,3.0,2.0,1.0,0.0
0,1,0,0,0,22.0,2,1,0,0,1.0,0.0,0.0,1.6100000143051147,19.94499969482422,0.0,0.0,0.0,0.0,0.0,0.0,0.0,2.0,1.0,1.0,0.0,0.0
0,1,0,0,0,20.0,2,1,0,0,1.0,0.0,0.0,0.5699999928474426,17.145000457763672,0.0,1.0,1.0,0.0,0.0,0.0,0.0,0.0,1.0,1.0,0.0,0.0
0,0,0,0,0,22.0,2,1,0,0,1.0,0.0,0.0,0.5699999928474426,80.23799896240234,0.0,0.0,0.0,0.0,0.0,0.0,0.0,0.0,3.0,0.0,0.0,0.0
0,0,0,0,0,22.0,2,0,1,0,0.0,1.0,0.0,1.7599999904632568,50.805999755859375,1.0,0.0,1.0,0.0,1.0,0.0,0.0,1.0,2.0,0.0,0.0,0.0
0,1,0,0,0,31.0,1,0,0,0,0.0,0.0,1.0,7.440000057220459,47.90399932861328,0.0,1.0,0.0,0.0,0.0,0.0,0.0,1.0,1.0,1.0,0.0,0.0
0,0,0,0,0,25.0,0,1,0,0,0.0,0.0,1.0,2.180000066757202,67.9520034790039,1.0,0.0,0.0,0.0,0.0,0.0,0.0,0.0,0.0,0.0,0.0,1.0
1,0,0,0,0,18.0,2,0,1,0,0.0,0.0,0.0,0.6399999856948853,68.10099792480469,0.0,0.0,0.0,0.0,1.0,0.0,0.0,0.0,1.0,0.0,0.0,0.0
1,0,0,1,0,18.0,1,0,1,0,1.0,0.0,0.0,2.0299999713897705,36.97800064086914,1.0,0.0,1.0,1.0,0.0,0.0,0.0,2.0,1.0,1.0,0.0,0.0
0,1,1,0,0,23.0,1,1,0,0,0.0,0.0,0.0,0.4000000059604645,0.0,1.0,0.0,0.0,0.0,1.0,0.0,0.0,1.0,1.0,0.0,0.0,0.0
0,0,0,1,0,28.0,4,0,0,0,1.0,0.0,0.0,0.4300000071525574,19.20800018310547,0.0,0.0,0.0,0.0,1.0,0.0,0.0,0.0,0.0,0.0,0.0,0.0
0,0,0,0,0,31.0,1,0,0,0,0.0,0.0,1.0,3.8499999046325684,94.16300201416016,0.0,0.0,0.0,0.0,1.0,0.0,0.0,2.0,2.0,2.0,0.0,0.0
1,0,0,0,0,28.0,1,1,0,0,0.0,1.0,0.0,1.3700000047683716,32.38199996948242,0.0,0.0,0.0,1.0,0.0,0.0,0.0,2.0,1.0,1.0,1.0,0.0
1,0,0,0,0,27.0,2,0,0,0,1.0,0.0,0.0,2.759999990463257,12.220000267028809,2.0,1.0,2.0,1.0,0.0,0.0,0.0,2.0,1.0,1.0,1.0,0.0
0,1,0,0,0,30.0,2,1,0,0,0.0,0.0,1.0,1.0700000524520874,55.40999984741211,0.0,0.0,0.0,0.0,0.0,0.0,0.0,0.0,0.0,0.0,0.0,0.0
0,1,0,0,0,30.0,2,1,0,0,0.0,0.0,1.0,1.0700000524520874,67.51699829101562,0.0,0.0,0.0,0.0,0.0,0.0,0.0,0.0,0.0,0.0,0.0,0.0
1,0,0,0,0,21.0,1,0,0,0,0.0,0.0,0.0,0.9700000286102295,30.910999298095703,0.0,0.0,1.0,0.0,1.0,0.0,0.0,3.0,2.0,2.0,1.0,1.0
0,0,0,0,0,19.0,1,1,0,0,1.0,0.0,0.0,1.0099999904632568,95.02300262451172,0.0,0.0,0.0,0.0,2.0,0.0,0.0,0.0,1.0,0.0,0.0,0.0
0,0,0,0,0,24.0,1,0,0,0,0.0,1.0,0.0,0.4699999988079071,85.0770034790039,0.0,0.0,0.0,0.0,0.0,0.0,0.0,1.0,0.0,0.0,0.0,0.0
0,1,0,0,0,20.0,2,0,0,0,0.0,0.0,0.0,1.0099999904632568,26.606000900268555,0.0,2.0,0.0,0.0,2.0,0.0,0.0,3.0,3.0,1.0,0.0,0.0
1,0,0,0,0,17.0,3,0,0,0,0.0,0.0,0.0,0.9800000190734863,44.459999084472656,1.0,2.0,0.0,0.0,2.0,2.0,0.0,0.0,1.0,1.0,0.0,0.0
1,0,0,0,0,19.0,3,0,0,0,0.0,0.0,0.0,0.9800000190734863,56.231998443603516,1.0,0.0,0.0,0.0,1.0,0.0,0.0,2.0,2.0,1.0,0.0,1.0
1,0,0,0,0,21.0,3,0,0,0,0.0,0.0,0.0,0.9800000190734863,17.10700035095215,2.0,0.0,0.0,0.0,2.0,0.0,0.0,4.0,3.0,3.0,3.0,0.0
1,0,1,0,0,28.0,6,0,0,0,0.0,0.0,0.0,1.1200000047683716,17.6200008392334,1.0,2.0,1.0,0.0,0.0,1.0,1.0,1.0,1.0,1.0,0.0,0.0
0,1,1,0,0,30.0,6,0,0,0,0.0,0.0,0.0,1.1200000047683716,25.45599937438965,0.0,1.0,1.0,0.0,0.0,0.0,1.0,4.0,4.0,3.0,0.0,1.0
1,0,0,0,0,21.0,1,1,0,0,0.0,0.0,0.0,2.630000114440918,76.42400360107422,0.0,0.0,0.0,0.0,1.0,0.0,0.0,0.0,0.0,0.0,0.0,0.0
0,1,0,0,0,31.0,1,1,0,0,0.0,1.0,0.0,0.5199999809265137,10.265999794006348,0.0,0.0,0.0,0.0,0.0,0.0,0.0,2.0,2.0,2.0,0.0,1.0
0,0,0,0,0,29.0,2,0,0,0,0.0,1.0,0.0,3.2300000190734863,22.038000106811523,0.0,0.0,0.0,0.0,0.0,0.0,0.0,2.0,1.0,0.0,0.0,0.0
1,0,0,0,0,29.0,1,1,0,0,1.0,0.0,0.0,1.9800000190734863,41.604000091552734,2.0,1.0,2.0,2.0,2.0,1.0,1.0,3.0,2.0,2.0,2.0,1.0
0,0,0,0,0,33.0,0,0,0,0,0.0,0.0,1.0,7.170000076293945,99.6510009765625,0.0,0.0,0.0,0.0,0.0,0.0,0.0,0.0,0.0,0.0,0.0,0.0
0,0,0,0,0,32.0,2,0,0,0,0.0,0.0,1.0,6.769999980926514,79.68800354003906,0.0,0.0,0.0,0.0,0.0,0.0,0.0,0.0,0.0,0.0,0.0,0.0
0,0,0,0,0,35.0,2,0,0,0,0.0,0.0,1.0,6.769999980926514,96.84100341796875,0.0,0.0,0.0,0.0,0.0,0.0,0.0,0.0,1.0,0.0,0.0,0.0
0,0,0,0,0,27.0,1,0,0,0,0.0,0.0,1.0,4.96999979019165,83.45800018310547,0.0,0.0,0.0,0.0,0.0,0.0,0.0,0.0,1.0,0.0,0.0,0.0
0,1,0,0,0,29.0,1,0,0,0,0.0,0.0,1.0,4.96999979019165,55.25600051879883,0.0,0.0,0.0,0.0,0.0,0.0,0.0,0.0,1.0,0.0,0.0,0.0
0,0,0,0,0,30.0,1,0,0,0,0.0,1.0,0.0,3.7300000190734863,72.87999725341797,0.0,0.0,0.0,0.0,0.0,1.0,0.0,0.0,1.0,0.0,0.0,0.0
0,1,0,0,0,20.0,2,0,0,0,0.0,0.0,1.0,3.4800000190734863,98.52400207519531,2.0,0.0,0.0,0.0,0.0,0.0,2.0,3.0,2.0,2.0,2.0,0.0
0,0,0,0,0,23.0,2,0,0,0,0.0,0.0,1.0,3.4800000190734863,70.30500030517578,0.0,0.0,0.0,0.0,0.0,0.0,0.0,1.0,4.0,0.0,0.0,0.0
0,1,0,0,0,23.0,3,1,0,0,1.0,0.0,0.0,2.0899999141693115,92.4520034790039,0.0,0.0,0.0,0.0,1.0,0.0,0.0,0.0,1.0,0.0,0.0,0.0
0,0,0,0,0,25.0,3,1,0,0,1.0,0.0,0.0,2.0899999141693115,76.86599731445312,0.0,0.0,0.0,0.0,0.0,0.0,0.0,1.0,2.0,0.0,0.0,0.0
0,0,0,0,0,22.0,2,0,0,0,1.0,0.0,0.0,1.5,76.48100280761719,0.0,0.0,0.0,0.0,0.0,0.0,0.0,1.0,1.0,1.0,1.0,0.0
0,1,0,0,0,35.0,0,0,0,0,0.0,1.0,0.0,5.150000095367432,43.69599914550781,0.0,0.0,0.0,0.0,0.0,0.0,0.0,0.0,1.0,0.0,0.0,0.0
0,0,0,0,0,23.0,1,0,0,0,0.0,0.0,1.0,9.300000190734863,77.77400207519531,0.0,0.0,0.0,0.0,0.0,0.0,0.0,2.0,1.0,0.0,0.0,0.0
0,1,0,0,0,32.0,1,0,0,0,0.0,0.0,1.0,6.110000133514404,100.0,0.0,3.0,0.0,0.0,0.0,0.0,0.0,2.0,3.0,3.0,1.0,0.0
1,1,0,1,0,31.0,1,0,0,0,1.0,0.0,0.0,1.850000023841858,36.38600158691406,0.0,0.0,0.0,0.0,1.0,0.0,2.0,3.0,2.0,1.0,1.0,1.0
1,0,1,0,0,20.0,2,1,0,0,0.0,0.0,0.0,0.1899999976158142,28.259000778198242,0.0,1.0,1.0,0.0,2.0,2.0,1.0,0.0,3.0,3.0,1.0,0.0
0,0,1,0,0,20.0,3,1,0,0,0.0,1.0,0.0,1.2699999809265137,44.637001037597656,0.0,0.0,0.0,1.0,3.0,1.0,0.0,0.0,2.0,1.0,0.0,1.0
1,1,0,1,0,22.0,1,0,0,0,1.0,0.0,0.0,1.2899999618530273,60.189998626708984,1.0,0.0,0.0,0.0,0.0,0.0,1.0,2.0,1.0,1.0,0.0,0.0
0,0,0,0,0,29.0,0,1,0,0,1.0,0.0,0.0,1.7599999904632568,48.97600173950195,1.0,0.0,0.0,0.0,1.0,0.0,0.0,2.0,1.0,0.0,0.0,0.0
0,0,0,0,0,25.0,0,1,0,0,0.0,1.0,0.0,2.9600000381469727,48.31700134277344,2.0,1.0,0.0,0.0,1.0,0.0,1.0,2.0,1.0,1.0,0.0,0.0
0,0,0,0,0,31.0,2,0,0,0,0.0,0.0,1.0,3.2699999809265137,99.6760025024414,0.0,0.0,0.0,0.0,0.0,0.0,0.0,0.0,0.0,0.0,0.0,0.0
0,0,0,0,0,19.0,4,1,0,0,0.0,1.0,0.0,2.9100000858306885,21.698999404907227,0.0,0.0,0.0,0.0,0.0,0.0,0.0,1.0,1.0,0.0,0.0,0.0
1,1,0,0,0,25.0,3,0,0,0,0.0,0.0,1.0,2.7699999809265137,63.130001068115234,0.0,1.0,0.0,0.0,1.0,0.0,0.0,2.0,1.0,0.0,0.0,0.0
0,0,0,1,0,27.0,2,0,0,0,0.0,1.0,0.0,3.5,90.51899719238281,1.0,0.0,0.0,0.0,0.0,0.0,0.0,1.0,1.0,1.0,0.0,0.0
1,0,1,0,0,25.0,1,0,0,0,0.0,1.0,0.0,2.390000104904175,76.95500183105469,0.0,0.0,0.0,0.0,0.0,1.0,0.0,0.0,0.0,1.0,0.0,1.0
0,0,0,0,0,22.0,1,0,0,0,0.0,1.0,0.0,3.5999999046325684,57.612998962402344,0.0,0.0,0.0,0.0,0.0,0.0,0.0,0.0,0.0,0.0,0.0,0.0
0,0,0,0,0,24.0,1,0,0,0,0.0,1.0,0.0,3.5999999046325684,43.5620002746582,0.0,0.0,0.0,0.0,0.0,0.0,0.0,0.0,1.0,0.0,0.0,0.0
0,1,0,0,0,32.0,3,0,0,0,0.0,0.0,1.0,4.28000020980835,62.25,0.0,0.0,0.0,0.0,0.0,0.0,0.0,0.0,1.0,0.0,0.0,0.0
0,0,0,0,0,34.0,3,0,0,0,0.0,0.0,1.0,4.28000020980835,42.428001403808594,1.0,1.0,0.0,0.0,0.0,0.0,0.0,3.0,3.0,1.0,0.0,1.0
0,0,0,0,0,28.0,1,0,0,0,0.0,0.0,1.0,6.980000019073486,68.3499984741211,0.0,0.0,0.0,1.0,0.0,0.0,0.0,0.0,2.0,0.0,0.0,0.0
0,0,0,0,0,24.0,2,0,0,0,0.0,0.0,1.0,1.3200000524520874,78.1520004272461,0.0,0.0,0.0,0.0,0.0,0.0,0.0,0.0,0.0,0.0,0.0,0.0
0,0,0,0,0,26.0,2,0,0,0,0.0,0.0,1.0,1.3200000524520874,43.564998626708984,0.0,0.0,0.0,0.0,0.0,0.0,0.0,0.0,0.0,0.0,0.0,0.0
1,1,0,0,0,29.0,2,0,0,0,0.0,0.0,1.0,3.9000000953674316,35.0,1.0,0.0,0.0,0.0,1.0,0.0,0.0,3.0,1.0,2.0,1.0,0.0
1,1,0,0,0,29.0,2,0,0,0,0.0,0.0,1.0,3.9000000953674316,22.110000610351562,1.0,1.0,0.0,1.0,0.0,0.0,1.0,3.0,2.0,2.0,0.0,0.0
0,1,0,0,0,29.0,2,0,0,0,0.0,0.0,1.0,3.9000000953674316,26.54800033569336,1.0,1.0,0.0,0.0,1.0,0.0,0.0,2.0,2.0,2.0,0.0,0.0
1,0,0,0,0,27.0,1,0,0,0,1.0,0.0,0.0,3.1600000858306885,38.13199996948242,0.0,1.0,0.0,0.0,0.0,0.0,0.0,3.0,2.0,3.0,1.0,0.0
0,0,0,0,0,23.0,3,0,1,0,1.0,0.0,0.0,1.899999976158142,33.66299819946289,0.0,0.0,0.0,0.0,0.0,0.0,0.0,1.0,1.0,1.0,0.0,0.0
0,0,0,0,0,25.0,3,0,1,0,1.0,0.0,0.0,1.899999976158142,37.45399856567383,0.0,1.0,0.0,0.0,0.0,1.0,0.0,0.0,0.0,0.0,0.0,0.0
0,0,0,0,0,30.0,5,0,0,0,0.0,1.0,0.0,1.659999966621399,20.506999969482422,0.0,0.0,0.0,0.0,0.0,0.0,0.0,1.0,1.0,0.0,0.0,1.0
0,1,0,0,0,32.0,1,0,0,0,1.0,0.0,0.0,6.130000114440918,69.0979995727539,0.0,0.0,0.0,0.0,0.0,0.0,0.0,0.0,3.0,0.0,0.0,0.0
0,1,0,0,0,26.0,1,0,0,0,0.0,0.0,1.0,5.03000020980835,21.666000366210938,0.0,0.0,0.0,0.0,0.0,0.0,0.0,0.0,1.0,0.0,0.0,0.0
0,0,0,0,0,26.0,1,0,1,0,1.0,0.0,0.0,2.240000009536743,70.80699920654297,0.0,0.0,0.0,0.0,0.0,0.0,0.0,0.0,1.0,0.0,0.0,0.0
0,1,0,0,0,32.0,1,0,1,0,1.0,0.0,0.0,5.760000228881836,12.336999893188477,0.0,0.0,0.0,0.0,0.0,0.0,0.0,1.0,2.0,0.0,0.0,0.0
1,1,0,0,0,23.0,1,0,0,0,0.0,1.0,0.0,4.78000020980835,71.93699645996094,3.0,0.0,0.0,0.0,0.0,0.0,1.0,3.0,3.0,2.0,2.0,0.0
1,0,1,0,0,27.0,1,0,0,0,0.0,0.0,1.0,3.5299999713897705,27.96500015258789,1.0,0.0,0.0,0.0,0.0,0.0,0.0,0.0,0.0,0.0,0.0,0.0
1,0,0,1,0,19.0,2,0,0,0,0.0,1.0,0.0,2.049999952316284,23.523000717163086,1.0,0.0,1.0,0.0,1.0,2.0,1.0,1.0,0.0,1.0,0.0,0.0
1,1,0,1,0,21.0,2,0,0,0,0.0,1.0,0.0,2.049999952316284,84.572998046875,1.0,2.0,1.0,1.0,1.0,0.0,0.0,4.0,3.0,3.0,1.0,0.0
1,1,1,0,0,22.0,0,0,0,0,0.0,1.0,0.0,3.4000000953674316,36.66299819946289,0.0,1.0,0.0,0.0,1.0,0.0,2.0,2.0,2.0,1.0,1.0,1.0
1,1,0,0,0,26.0,2,1,0,0,0.0,0.0,0.0,0.36000001430511475,27.226999282836914,2.0,0.0,0.0,0.0,0.0,0.0,1.0,3.0,1.0,1.0,0.0,0.0
1,1,0,1,0,20.0,2,1,0,0,1.0,0.0,0.0,0.5600000023841858,32.46699905395508,0.0,0.0,0.0,0.0,0.0,0.0,0.0,3.0,2.0,2.0,0.0,0.0
0,0,0,1,0,22.0,2,1,0,0,1.0,0.0,0.0,0.5600000023841858,2.4519999027252197,0.0,0.0,0.0,0.0,0.0,1.0,0.0,0.0,0.0,0.0,0.0,0.0
1,1,0,0,0,19.0,2,1,0,0,1.0,0.0,0.0,0.3799999952316284,53.96900177001953,0.0,0.0,0.0,0.0,1.0,1.0,2.0,3.0,2.0,1.0,0.0,0.0
0,1,0,0,0,20.0,2,1,0,0,1.0,0.0,0.0,0.3799999952316284,46.65700149536133,0.0,0.0,0.0,0.0,0.0,0.0,0.0,3.0,3.0,1.0,0.0,0.0
0,0,0,0,0,25.0,0,0,0,0,0.0,0.0,1.0,3.2899999618530273,96.2300033569336,0.0,0.0,0.0,0.0,0.0,1.0,0.0,0.0,4.0,0.0,0.0,0.0
0,0,0,0,0,28.0,2,0,0,0,0.0,0.0,1.0,3.8499999046325684,88.93099975585938,0.0,0.0,0.0,0.0,0.0,0.0,0.0,1.0,1.0,0.0,0.0,0.0
0,1,0,0,0,26.0,2,0,0,0,0.0,0.0,1.0,4.96999979019165,33.23099899291992,0.0,0.0,0.0,0.0,0.0,0.0,1.0,2.0,1.0,0.0,0.0,0.0
1,0,0,0,0,29.0,2,0,0,0,0.0,0.0,1.0,4.96999979019165,53.75299835205078,4.0,3.0,1.0,0.0,0.0,0.0,0.0,3.0,4.0,2.0,1.0,0.0
0,1,0,0,0,28.0,3,0,0,0,0.0,1.0,0.0,5.389999866485596,49.13600158691406,0.0,0.0,0.0,0.0,0.0,0.0,0.0,0.0,0.0,0.0,0.0,0.0
0,0,0,0,0,26.0,1,0,0,0,0.0,0.0,1.0,1.600000023841858,92.9209976196289,0.0,0.0,0.0,0.0,0.0,0.0,0.0,0.0,4.0,3.0,0.0,0.0
0,0,0,0,0,26.0,2,0,0,0,0.0,0.0,1.0,3.75,76.00800323486328,0.0,0.0,0.0,0.0,1.0,0.0,0.0,0.0,0.0,0.0,0.0,0.0
0,0,0,0,0,32.0,0,0,0,0,0.0,1.0,0.0,2.809999942779541,96.46199798583984,0.0,0.0,0.0,1.0,0.0,0.0,0.0,0.0,2.0,0.0,0.0,0.0
0,1,0,0,0,19.0,2,0,1,0,1.0,0.0,0.0,2.7799999713897705,54.900001525878906,0.0,2.0,0.0,0.0,1.0,0.0,0.0,1.0,1.0,0.0,0.0,0.0
0,1,0,0,0,20.0,2,0,0,0,1.0,0.0,0.0,2.7799999713897705,26.496000289916992,0.0,0.0,0.0,0.0,0.0,0.0,2.0,3.0,2.0,1.0,0.0,0.0
0,1,0,0,0,27.0,2,0,0,0,0.0,1.0,0.0,5.03000020980835,71.41699981689453,0.0,0.0,0.0,0.0,0.0,0.0,0.0,0.0,1.0,1.0,0.0,0.0
0,0,0,0,0,27.0,1,0,0,0,0.0,1.0,0.0,1.7899999618530273,81.61799621582031,0.0,0.0,0.0,0.0,2.0,0.0,0.0,0.0,0.0,0.0,0.0,0.0
0,0,0,0,0,33.0,0,0,0,0,0.0,0.0,0.0,1.1399999856948853,58.24100112915039,0.0,0.0,0.0,0.0,0.0,0.0,0.0,0.0,0.0,0.0,0.0,0.0
0,1,0,0,0,28.0,2,0,0,0,0.0,1.0,0.0,2.809999942779541,70.44599914550781,0.0,0.0,0.0,0.0,0.0,0.0,0.0,1.0,1.0,1.0,0.0,0.0
0,0,0,0,0,24.0,1,0,1,0,0.0,1.0,0.0,4.900000095367432,75.5250015258789,1.0,1.0,0.0,0.0,0.0,0.0,0.0,3.0,2.0,0.0,0.0,0.0
0,0,0,0,0,24.0,1,0,1,0,0.0,1.0,0.0,4.900000095367432,14.911999702453613,0.0,0.0,0.0,0.0,0.0,0.0,0.0,1.0,3.0,0.0,0.0,0.0
0,1,0,0,0,24.0,2,0,0,0,0.0,1.0,0.0,2.180000066757202,94.72000122070312,0.0,1.0,0.0,0.0,0.0,0.0,2.0,4.0,4.0,4.0,1.0,0.0
0,1,0,0,0,23.0,3,0,0,0,0.0,0.0,1.0,1.0,91.83699798583984,0.0,0.0,0.0,0.0,0.0,0.0,0.0,0.0,1.0,1.0,0.0,0.0
0,1,0,0,0,24.0,3,0,0,0,0.0,0.0,1.0,1.0,47.05500030517578,1.0,0.0,0.0,0.0,0.0,1.0,0.0,3.0,2.0,0.0,0.0,0.0
1,0,0,0,0,22.0,1,1,0,0,0.0,1.0,0.0,3.0299999713897705,70.12899780273438,2.0,3.0,3.0,0.0,0.0,0.0,1.0,4.0,2.0,2.0,0.0,1.0
0,0,0,0,0,22.0,3,0,0,0,0.0,1.0,0.0,1.7200000286102295,32.5359992980957,0.0,0.0,0.0,0.0,0.0,0.0,0.0,1.0,2.0,0.0,0.0,0.0
0,1,0,0,0,32.0,2,0,0,0,0.0,0.0,1.0,2.7100000381469727,86.4000015258789,0.0,0.0,2.0,0.0,0.0,0.0,0.0,0.0,1.0,0.0,0.0,0.0
1,1,0,0,0,24.0,1,0,0,0,1.0,0.0,0.0,2.609999895095825,41.98699951171875,0.0,1.0,0.0,0.0,1.0,0.0,0.0,3.0,2.0,0.0,0.0,0.0
0,0,0,0,0,20.0,1,0,1,0,1.0,0.0,0.0,1.0499999523162842,29.54599952697754,0.0,1.0,0.0,0.0,0.0,0.0,0.0,3.0,3.0,4.0,0.0,0.0
0,0,0,0,0,37.0,0,0,0,0,0.0,0.0,0.0,3.4000000953674316,13.050999641418457,0.0,1.0,1.0,1.0,0.0,0.0,1.0,0.0,3.0,0.0,0.0,0.0
0,1,0,0,0,26.0,2,1,0,0,0.0,1.0,0.0,0.6499999761581421,76.59500122070312,0.0,0.0,0.0,0.0,0.0,0.0,0.0,0.0,2.0,0.0,0.0,0.0
0,0,0,0,0,22.0,2,0,0,0,0.0,1.0,0.0,2.140000104904175,74.55400085449219,0.0,0.0,0.0,0.0,0.0,0.0,0.0,0.0,0.0,0.0,0.0,0.0
0,1,0,0,0,26.0,2,0,1,0,0.0,1.0,0.0,3.2300000190734863,21.04400062561035,0.0,0.0,0.0,0.0,0.0,0.0,0.0,2.0,0.0,0.0,0.0,0.0
1,0,0,0,0,26.0,2,0,1,0,0.0,0.0,1.0,3.2799999713897705,16.461999893188477,0.0,0.0,1.0,1.0,1.0,0.0,0.0,2.0,1.0,1.0,0.0,1.0
0,1,0,0,0,18.0,1,1,0,0,1.0,0.0,0.0,1.25,62.35499954223633,0.0,0.0,0.0,0.0,0.0,0.0,0.0,0.0,0.0,0.0,0.0,0.0
0,0,0,0,0,23.0,1,0,0,0,0.0,0.0,1.0,3.1700000762939453,97.63400268554688,0.0,0.0,0.0,0.0,1.0,0.0,0.0,0.0,0.0,0.0,0.0,0.0
0,0,0,0,0,26.0,1,0,0,0,0.0,0.0,1.0,3.1700000762939453,84.29399871826172,0.0,0.0,0.0,0.0,0.0,0.0,0.0,0.0,0.0,0.0,0.0,0.0
0,0,0,0,0,29.0,1,0,0,0,0.0,1.0,0.0,3.930000066757202,78.87200164794922,0.0,0.0,0.0,0.0,1.0,1.0,0.0,1.0,1.0,0.0,0.0,0.0
0,0,0,0,0,31.0,1,0,0,0,0.0,1.0,0.0,3.930000066757202,59.93899917602539,0.0,1.0,0.0,0.0,1.0,0.0,0.0,0.0,0.0,0.0,0.0,0.0
0,0,0,0,0,19.0,1,0,0,0,0.0,1.0,0.0,2.25,85.56500244140625,0.0,0.0,0.0,0.0,0.0,0.0,0.0,0.0,0.0,0.0,0.0,0.0
0,0,0,0,0,21.0,0,0,1,0,1.0,0.0,0.0,4.699999809265137,97.44499969482422,0.0,0.0,0.0,0.0,0.0,0.0,0.0,0.0,0.0,0.0,0.0,0.0
0,1,0,0,0,29.0,1,0,0,0,1.0,0.0,0.0,4.710000038146973,61.33000183105469,0.0,0.0,0.0,0.0,1.0,0.0,0.0,0.0,0.0,0.0,0.0,0.0
1,1,0,0,0,25.0,0,1,0,0,1.0,0.0,0.0,4.130000114440918,70.38099670410156,0.0,0.0,0.0,0.0,0.0,0.0,0.0,2.0,1.0,1.0,0.0,0.0
1,1,0,0,0,26.0,1,0,0,0,1.0,0.0,0.0,4.400000095367432,63.62099838256836,0.0,0.0,0.0,0.0,1.0,0.0,0.0,3.0,2.0,1.0,0.0,0.0
1,0,0,0,0,26.0,2,0,1,0,1.0,0.0,0.0,2.240000009536743,6.735000133514404,1.0,0.0,0.0,1.0,0.0,0.0,0.0,2.0,1.0,1.0,0.0,1.0
1,0,0,0,0,26.0,2,0,1,0,1.0,0.0,0.0,2.240000009536743,40.24599838256836,1.0,0.0,1.0,0.0,0.0,0.0,0.0,2.0,1.0,1.0,0.0,1.0
1,1,0,0,0,25.0,1,0,0,0,1.0,0.0,0.0,2.0399999618530273,79.72699737548828,1.0,0.0,0.0,0.0,0.0,0.0,0.0,4.0,2.0,1.0,0.0,0.0
0,0,0,0,0,29.0,1,0,0,0,1.0,0.0,0.0,3.4700000286102295,10.623000144958496,0.0,0.0,0.0,0.0,0.0,0.0,0.0,1.0,0.0,0.0,0.0,0.0
0,1,0,0,0,28.0,1,0,0,0,1.0,0.0,0.0,2.5299999713897705,21.349000930786133,0.0,1.0,0.0,0.0,0.0,0.0,0.0,1.0,1.0,0.0,0.0,0.0
0,1,0,0,0,28.0,1,0,0,0,1.0,0.0,0.0,2.5299999713897705,48.308998107910156,0.0,0.0,0.0,0.0,0.0,0.0,0.0,0.0,0.0,0.0,0.0,0.0
1,0,0,0,0,26.0,1,0,1,0,0.0,0.0,1.0,2.109999895095825,92.36799621582031,1.0,0.0,0.0,0.0,2.0,0.0,0.0,2.0,3.0,0.0,0.0,0.0
0,1,0,0,0,26.0,1,0,1,0,1.0,0.0,0.0,6.239999771118164,43.11800003051758,0.0,1.0,0.0,0.0,0.0,0.0,0.0,2.0,1.0,0.0,0.0,0.0
0,1,0,0,0,25.0,1,0,0,0,0.0,1.0,0.0,3.1700000762939453,97.1969985961914,0.0,0.0,0.0,0.0,0.0,0.0,0.0,0.0,1.0,0.0,0.0,0.0
0,0,0,0,0,34.0,0,0,0,0,0.0,0.0,1.0,16.270000457763672,90.66799926757812,1.0,1.0,1.0,0.0,0.0,0.0,0.0,2.0,1.0,1.0,0.0,1.0
1,1,0,0,0,17.0,1,1,0,0,0.0,0.0,0.0,0.7099999785423279,33.974998474121094,0.0,0.0,0.0,0.0,0.0,0.0,1.0,4.0,0.0,0.0,0.0,0.0
1,0,0,0,0,24.0,1,0,0,0,1.0,0.0,0.0,2.859999895095825,80.26200103759766,0.0,3.0,1.0,1.0,0.0,1.0,0.0,3.0,3.0,3.0,1.0,0.0
0,0,0,0,0,21.0,3,0,1,0,0.0,0.0,1.0,4.440000057220459,53.70500183105469,0.0,0.0,0.0,0.0,0.0,0.0,0.0,1.0,0.0,0.0,0.0,0.0
0,0,0,0,0,34.0,1,0,0,0,0.0,0.0,1.0,9.25,74.89800262451172,0.0,0.0,0.0,0.0,0.0,0.0,0.0,0.0,1.0,0.0,1.0,0.0
0,0,0,0,0,29.0,1,1,0,0,1.0,0.0,0.0,1.2999999523162842,79.80599975585938,0.0,0.0,0.0,0.0,0.0,0.0,0.0,0.0,0.0,0.0,0.0,0.0
0,1,0,0,0,26.0,1,0,0,0,1.0,0.0,0.0,3.9600000381469727,32.91999816894531,0.0,0.0,0.0,0.0,1.0,0.0,0.0,0.0,1.0,0.0,0.0,0.0
0,1,0,0,0,29.0,1,0,0,0,1.0,0.0,0.0,3.9600000381469727,31.841999053955078,0.0,0.0,0.0,0.0,0.0,0.0,0.0,1.0,2.0,0.0,0.0,0.0
1,0,0,0,0,29.0,1,0,0,0,0.0,0.0,1.0,7.099999904632568,66.08599853515625,2.0,0.0,0.0,0.0,2.0,1.0,0.0,0.0,2.0,0.0,1.0,0.0
0,0,0,0,0,33.0,1,1,0,0,0.0,0.0,1.0,0.7099999785423279,14.925000190734863,2.0,0.0,0.0,0.0,0.0,0.0,0.0,2.0,0.0,0.0,0.0,0.0
0,1,0,0,0,30.0,1,0,0,0,0.0,0.0,1.0,3.569999933242798,69.85800170898438,0.0,0.0,0.0,0.0,1.0,0.0,0.0,0.0,2.0,0.0,0.0,0.0
0,0,0,0,0,24.0,2,0,0,0,0.0,0.0,1.0,1.8600000143051147,91.15299987792969,0.0,0.0,0.0,0.0,1.0,0.0,0.0,0.0,2.0,1.0,1.0,0.0
0,1,0,0,0,31.0,2,0,0,0,1.0,0.0,0.0,2.5399999618530273,46.702999114990234,0.0,0.0,0.0,0.0,1.0,0.0,0.0,2.0,2.0,0.0,0.0,0.0
0,0,0,0,0,30.0,1,0,0,0,0.0,0.0,1.0,3.2100000381469727,43.084999084472656,0.0,0.0,0.0,0.0,1.0,0.0,0.0,3.0,1.0,0.0,0.0,0.0
1,1,0,0,0,17.0,1,0,1,0,0.0,0.0,0.0,1.8899999856948853,28.718000411987305,1.0,1.0,0.0,0.0,0.0,0.0,2.0,1.0,4.0,1.0,0.0,1.0
0,1,0,0,0,24.0,2,0,0,0,1.0,0.0,0.0,1.9900000095367432,58.553001403808594,0.0,0.0,0.0,0.0,2.0,0.0,0.0,0.0,1.0,0.0,0.0,0.0
0,1,0,0,0,21.0,1,1,0,0,1.0,0.0,0.0,0.8100000023841858,16.48900032043457,0.0,0.0,0.0,0.0,1.0,0.0,0.0,0.0,1.0,0.0,0.0,0.0
0,0,0,0,0,26.0,2,0,0,0,0.0,0.0,1.0,2.1600000858306885,68.4260025024414,0.0,0.0,0.0,0.0,0.0,0.0,0.0,0.0,1.0,1.0,0.0,0.0
0,0,0,0,0,31.0,1,0,0,0,0.0,0.0,1.0,1.9500000476837158,97.5270004272461,0.0,0.0,0.0,0.0,0.0,0.0,0.0,0.0,0.0,0.0,0.0,0.0
0,1,0,0,0,23.0,1,0,0,0,0.0,1.0,0.0,3.0199999809265137,34.13600158691406,0.0,0.0,0.0,0.0,0.0,0.0,0.0,0.0,0.0,0.0,0.0,0.0
0,1,0,0,0,24.0,1,0,0,0,0.0,1.0,0.0,3.0199999809265137,47.770999908447266,0.0,0.0,0.0,0.0,0.0,0.0,0.0,2.0,2.0,0.0,0.0,0.0
0,1,0,0,0,22.0,1,0,1,0,0.0,0.0,1.0,3.0199999809265137,46.48699951171875,0.0,0.0,0.0,0.0,0.0,2.0,0.0,2.0,1.0,1.0,0.0,0.0
0,0,1,0,0,33.0,1,0,0,0,1.0,0.0,0.0,1.7699999809265137,2.6689999103546143,1.0,1.0,0.0,1.0,0.0,0.0,0.0,2.0,2.0,2.0,1.0,1.0
0,0,0,0,0,38.0,1,0,0,0,0.0,0.0,1.0,4.710000038146973,87.65399932861328,2.0,2.0,2.0,0.0,0.0,4.0,0.0,4.0,3.0,3.0,1.0,1.0
0,0,0,0,0,31.0,2,0,0,0,0.0,1.0,0.0,3.509999990463257,24.518999099731445,0.0,1.0,0.0,0.0,0.0,0.0,1.0,2.0,1.0,0.0,0.0,0.0
0,1,0,0,0,25.0,2,0,0,0,1.0,0.0,0.0,2.2100000381469727,63.86800003051758,0.0,0.0,0.0,0.0,0.0,0.0,0.0,1.0,1.0,0.0,0.0,0.0
0,0,0,0,0,28.0,2,0,0,0,1.0,0.0,0.0,2.2100000381469727,47.847999572753906,1.0,0.0,0.0,0.0,1.0,1.0,0.0,2.0,3.0,1.0,0.0,0.0
0,0,0,0,0,34.0,0,0,0,0,1.0,0.0,0.0,3.509999990463257,67.2300033569336,0.0,1.0,0.0,0.0,0.0,0.0,0.0,2.0,1.0,0.0,0.0,0.0
0,0,0,0,0,21.0,3,0,1,0,0.0,1.0,0.0,1.3600000143051147,90.53199768066406,1.0,0.0,0.0,1.0,0.0,0.0,0.0,2.0,3.0,2.0,0.0,0.0
0,0,0,0,0,15.0,5,0,0,0,0.0,1.0,0.0,1.2799999713897705,74.65599822998047,0.0,0.0,0.0,0.0,0.0,0.0,0.0,0.0,1.0,0.0,0.0,0.0
0,1,0,0,0,28.0,1,0,0,0,0.0,0.0,1.0,3.4700000286102295,47.39799880981445,0.0,0.0,0.0,0.0,0.0,0.0,0.0,0.0,4.0,0.0,0.0,0.0
0,0,0,0,0,34.0,2,0,0,0,0.0,0.0,1.0,2.940000057220459,97.65499877929688,0.0,0.0,0.0,0.0,0.0,0.0,0.0,0.0,0.0,0.0,0.0,0.0
0,1,0,0,0,31.0,0,0,0,0,0.0,0.0,1.0,5.070000171661377,66.59400177001953,0.0,2.0,0.0,0.0,0.0,0.0,0.0,4.0,3.0,1.0,0.0,0.0
0,0,0,0,0,22.0,1,0,0,0,0.0,1.0,0.0,2.2300000190734863,46.53499984741211,1.0,0.0,0.0,1.0,1.0,0.0,0.0,1.0,1.0,1.0,0.0,1.0
0,0,0,0,0,26.0,1,0,0,0,0.0,1.0,0.0,2.2300000190734863,32.66999816894531,0.0,0.0,0.0,0.0,0.0,0.0,0.0,3.0,4.0,0.0,0.0,0.0
0,1,0,0,0,20.0,3,0,1,0,0.0,1.0,0.0,1.9800000190734863,72.39900207519531,0.0,0.0,0.0,0.0,0.0,0.0,0.0,0.0,1.0,0.0,0.0,0.0
1,0,0,0,0,25.0,4,1,0,0,1.0,0.0,0.0,0.38999998569488525,28.5049991607666,0.0,0.0,0.0,0.0,0.0,0.0,0.0,0.0,1.0,0.0,0.0,0.0
1,0,0,0,0,25.0,4,1,0,0,1.0,0.0,0.0,0.38999998569488525,14.355999946594238,1.0,0.0,0.0,0.0,0.0,0.0,0.0,1.0,1.0,0.0,0.0,0.0
0,0,0,0,0,27.0,4,1,0,0,1.0,0.0,0.0,0.38999998569488525,47.14699935913086,0.0,1.0,0.0,0.0,0.0,3.0,1.0,4.0,4.0,0.0,0.0,0.0
0,1,0,0,0,19.0,0,0,1,0,0.0,0.0,1.0,2.4800000190734863,87.93299865722656,0.0,0.0,0.0,0.0,1.0,0.0,0.0,1.0,0.0,0.0,0.0,0.0
0,1,0,0,0,33.0,2,0,0,0,0.0,0.0,1.0,5.159999847412109,81.21600341796875,0.0,0.0,0.0,0.0,0.0,0.0,0.0,0.0,3.0,1.0,0.0,0.0
0,1,0,0,0,30.0,1,0,0,0,0.0,0.0,1.0,4.710000038146973,90.58399963378906,0.0,0.0,0.0,0.0,0.0,0.0,0.0,0.0,1.0,0.0,0.0,0.0
0,1,0,0,0,19.0,1,0,1,0,1.0,0.0,0.0,0.699999988079071,63.500999450683594,0.0,0.0,0.0,0.0,1.0,0.0,0.0,3.0,2.0,1.0,0.0,0.0
0,0,0,0,0,19.0,2,0,0,0,0.0,1.0,0.0,0.800000011920929,32.39799880981445,1.0,0.0,0.0,0.0,1.0,0.0,0.0,0.0,0.0,0.0,0.0,0.0
1,1,0,0,1,19.0,1,0,1,0,1.0,0.0,0.0,1.2000000476837158,52.8380012512207,1.0,2.0,1.0,0.0,0.0,0.0,1.0,4.0,3.0,4.0,4.0,1.0
1,0,0,0,0,18.0,0,1,0,0,1.0,0.0,0.0,2.140000104904175,11.875,0.0,0.0,0.0,0.0,0.0,0.0,0.0,2.0,1.0,0.0,0.0,0.0
0,0,0,0,0,18.0,2,1,0,0,0.0,0.0,0.0,0.699999988079071,1.1050000190734863,0.0,2.0,0.0,0.0,0.0,0.0,1.0,1.0,0.0,0.0,0.0,0.0
0,1,0,0,0,24.0,1,1,0,0,0.0,0.0,0.0,2.190000057220459,14.569000244140625,0.0,0.0,0.0,0.0,0.0,0.0,0.0,0.0,1.0,0.0,0.0,0.0
1,0,0,0,0,25.0,0,0,1,0,0.0,1.0,0.0,1.9800000190734863,30.895000457763672,2.0,1.0,0.0,1.0,0.0,1.0,0.0,0.0,1.0,0.0,0.0,0.0
1,0,0,0,0,24.0,1,0,0,0,0.0,0.0,1.0,1.4500000476837158,66.24400329589844,4.0,3.0,2.0,2.0,2.0,1.0,1.0,2.0,3.0,1.0,0.0,0.0
0,1,0,0,0,23.0,2,0,0,0,1.0,0.0,0.0,2.369999885559082,37.459999084472656,0.0,0.0,0.0,0.0,1.0,0.0,0.0,0.0,0.0,0.0,0.0,0.0
1,1,0,0,0,18.0,2,1,0,0,0.0,1.0,0.0,0.28999999165534973,30.231000900268555,0.0,0.0,0.0,0.0,1.0,0.0,0.0,2.0,0.0,0.0,0.0,0.0
1,1,0,0,0,19.0,2,1,0,0,0.0,1.0,0.0,0.28999999165534973,20.999000549316406,1.0,1.0,0.0,0.0,1.0,0.0,0.0,3.0,1.0,1.0,0.0,0.0
0,1,0,0,0,30.0,0,0,0,0,0.0,0.0,1.0,7.210000038146973,77.13200378417969,0.0,0.0,0.0,0.0,1.0,0.0,0.0,0.0,1.0,0.0,0.0,0.0
0,0,0,0,0,29.0,1,0,0,0,0.0,0.0,1.0,6.829999923706055,74.28800201416016,1.0,1.0,0.0,0.0,1.0,0.0,0.0,2.0,0.0,0.0,0.0,0.0
0,1,0,0,0,26.0,1,0,0,0,0.0,0.0,1.0,4.619999885559082,54.941001892089844,0.0,0.0,0.0,0.0,1.0,0.0,0.0,1.0,1.0,0.0,0.0,0.0
0,1,0,0,0,29.0,1,0,0,0,0.0,0.0,1.0,3.2699999809265137,96.94999694824219,0.0,0.0,0.0,0.0,2.0,0.0,0.0,0.0,0.0,0.0,0.0,0.0
0,1,0,0,0,29.0,3,0,0,0,0.0,0.0,1.0,6.809999942779541,55.3390007019043,0.0,0.0,0.0,0.0,1.0,0.0,0.0,2.0,1.0,1.0,0.0,0.0
0,1,0,0,0,26.0,2,0,0,0,0.0,1.0,0.0,2.1600000858306885,97.93599700927734,0.0,0.0,0.0,0.0,0.0,0.0,0.0,1.0,0.0,0.0,0.0,0.0
0,0,0,0,0,26.0,1,0,0,0,0.0,1.0,0.0,6.070000171661377,64.02300262451172,2.0,1.0,0.0,0.0,1.0,0.0,0.0,4.0,3.0,1.0,0.0,0.0
0,1,0,0,0,23.0,1,0,0,0,0.0,1.0,0.0,2.680000066757202,66.56199645996094,0.0,0.0,0.0,0.0,1.0,0.0,0.0,0.0,0.0,0.0,0.0,0.0
0,1,0,0,0,25.0,1,0,0,0,0.0,1.0,0.0,2.680000066757202,41.48400115966797,0.0,0.0,0.0,0.0,1.0,0.0,0.0,0.0,2.0,0.0,0.0,0.0
0,0,0,0,0,23.0,1,0,0,0,0.0,1.0,0.0,4.059999942779541,47.79800033569336,0.0,2.0,0.0,0.0,0.0,0.0,0.0,1.0,2.0,0.0,0.0,0.0
0,0,0,0,0,25.0,1,0,0,0,0.0,1.0,0.0,4.059999942779541,38.689998626708984,0.0,0.0,0.0,0.0,0.0,0.0,0.0,0.0,0.0,0.0,0.0,0.0
0,1,0,0,0,29.0,0,0,0,0,0.0,1.0,0.0,4.949999809265137,99.6969985961914,0.0,0.0,0.0,0.0,0.0,0.0,0.0,1.0,1.0,0.0,0.0,0.0
0,1,0,0,0,21.0,0,0,0,0,0.0,0.0,1.0,1.899999976158142,98.4209976196289,0.0,0.0,0.0,0.0,1.0,0.0,0.0,0.0,0.0,0.0,0.0,0.0
1,0,1,0,0,27.0,2,1,0,0,0.0,0.0,1.0,1.8799999952316284,74.23899841308594,0.0,1.0,0.0,0.0,1.0,0.0,0.0,0.0,2.0,0.0,0.0,0.0
1,0,1,0,0,27.0,2,1,0,0,0.0,0.0,1.0,1.8799999952316284,26.253000259399414,0.0,0.0,1.0,0.0,2.0,0.0,1.0,1.0,2.0,0.0,0.0,1.0
1,1,0,0,0,20.0,2,0,0,0,0.0,1.0,0.0,1.0700000524520874,22.65999984741211,0.0,0.0,0.0,0.0,1.0,0.0,0.0,1.0,2.0,0.0,0.0,0.0
0,1,0,0,0,22.0,1,1,0,0,1.0,0.0,0.0,2.3299999237060547,60.54100036621094,0.0,1.0,0.0,0.0,1.0,0.0,0.0,4.0,3.0,3.0,1.0,0.0
0,0,0,0,0,19.0,3,0,0,0,0.0,1.0,0.0,2.5899999141693115,47.30799865722656,0.0,0.0,0.0,0.0,0.0,0.0,0.0,1.0,2.0,0.0,0.0,0.0
0,0,0,0,0,21.0,3,0,0,0,0.0,1.0,0.0,2.5899999141693115,6.830999851226807,0.0,0.0,0.0,0.0,1.0,1.0,0.0,2.0,2.0,0.0,0.0,0.0
1,1,0,0,0,19.0,2,1,0,0,0.0,1.0,0.0,0.6800000071525574,22.58799934387207,1.0,2.0,0.0,1.0,0.0,0.0,1.0,2.0,2.0,1.0,0.0,1.0
1,0,0,0,0,21.0,1,1,0,0,1.0,0.0,0.0,0.4399999976158142,49.7239990234375,0.0,0.0,0.0,0.0,0.0,0.0,0.0,2.0,1.0,0.0,0.0,0.0
0,0,0,0,0,24.0,2,1,0,0,0.0,1.0,0.0,1.25,7.757999897003174,0.0,0.0,0.0,1.0,0.0,1.0,0.0,2.0,1.0,1.0,1.0,1.0
1,0,0,0,0,26.0,2,1,0,0,0.0,1.0,0.0,1.25,35.37300109863281,1.0,0.0,1.0,0.0,1.0,0.0,1.0,4.0,3.0,1.0,0.0,1.0
0,1,0,0,0,35.0,1,0,0,0,0.0,0.0,1.0,2.5999999046325684,66.5009994506836,0.0,0.0,0.0,0.0,0.0,0.0,0.0,2.0,1.0,0.0,0.0,0.0
0,1,0,0,0,28.0,1,0,0,0,0.0,1.0,0.0,2.7200000286102295,94.18099975585938,0.0,0.0,0.0,0.0,0.0,0.0,0.0,0.0,0.0,0.0,0.0,0.0
0,0,0,0,0,31.0,1,0,0,0,0.0,1.0,0.0,2.7200000286102295,72.44499969482422,0.0,0.0,0.0,0.0,0.0,0.0,0.0,0.0,0.0,0.0,0.0,0.0
0,0,0,0,0,32.0,2,0,0,0,1.0,0.0,0.0,4.360000133514404,58.60300064086914,0.0,0.0,0.0,0.0,0.0,0.0,0.0,0.0,0.0,0.0,0.0,0.0
1,0,0,0,0,20.0,3,0,0,0,1.0,0.0,0.0,2.6500000953674316,54.03499984741211,2.0,0.0,0.0,0.0,0.0,0.0,0.0,3.0,1.0,1.0,0.0,0.0
0,1,0,0,0,22.0,3,0,0,0,1.0,0.0,0.0,2.6500000953674316,46.709999084472656,0.0,0.0,0.0,0.0,0.0,0.0,0.0,1.0,0.0,0.0,0.0,0.0
1,1,0,0,0,23.0,3,0,0,0,1.0,0.0,0.0,2.6500000953674316,92.65799713134766,0.0,0.0,0.0,0.0,0.0,0.0,1.0,2.0,1.0,0.0,0.0,0.0
0,1,0,0,0,25.0,3,0,0,0,0.0,0.0,1.0,3.1500000953674316,99.23600006103516,0.0,0.0,0.0,0.0,1.0,0.0,0.0,0.0,0.0,0.0,0.0,0.0
0,0,0,0,0,27.0,3,0,0,0,0.0,0.0,1.0,3.1500000953674316,100.0,0.0,0.0,0.0,0.0,0.0,0.0,0.0,0.0,0.0,0.0,0.0,0.0
0,0,0,0,0,22.0,1,0,0,0,0.0,0.0,0.0,4.010000228881836,97.69000244140625,1.0,0.0,0.0,0.0,0.0,0.0,0.0,0.0,1.0,0.0,0.0,0.0
0,1,0,0,0,16.0,1,0,1,0,0.0,0.0,0.0,1.7599999904632568,4.156000137329102,0.0,0.0,0.0,0.0,1.0,0.0,0.0,0.0,0.0,0.0,0.0,0.0
1,0,0,0,0,18.0,1,0,0,0,0.0,0.0,0.0,1.7599999904632568,6.085999965667725,0.0,0.0,0.0,0.0,1.0,0.0,0.0,3.0,1.0,0.0,0.0,0.0
1,0,0,0,0,23.0,2,1,0,0,1.0,0.0,0.0,0.8199999928474426,99.01200103759766,0.0,2.0,0.0,0.0,1.0,0.0,1.0,1.0,2.0,1.0,0.0,0.0
0,0,0,0,0,20.0,1,1,0,0,0.0,0.0,0.0,1.5700000524520874,6.446000099182129,0.0,0.0,0.0,0.0,0.0,0.0,0.0,2.0,0.0,0.0,0.0,0.0
1,0,1,0,0,22.0,0,1,0,0,0.0,0.0,1.0,2.190000057220459,80.12100219726562,1.0,0.0,0.0,0.0,0.0,0.0,0.0,0.0,2.0,0.0,0.0,0.0
0,1,1,0,0,22.0,3,1,0,0,0.0,0.0,0.0,0.6800000071525574,8.859000205993652,0.0,0.0,0.0,0.0,2.0,0.0,0.0,0.0,2.0,1.0,0.0,0.0
1,0,1,0,0,23.0,3,1,0,0,0.0,0.0,0.0,0.6800000071525574,11.434000015258789,0.0,0.0,0.0,0.0,1.0,0.0,1.0,0.0,2.0,3.0,0.0,0.0
1,0,1,0,0,21.0,3,1,0,0,0.0,0.0,0.0,0.41999998688697815,9.222999572753906,1.0,0.0,0.0,0.0,1.0,1.0,0.0,2.0,1.0,2.0,0.0,0.0
1,1,1,0,0,24.0,2,1,0,0,1.0,0.0,0.0,0.0,13.0600004196167,0.0,0.0,0.0,0.0,3.0,1.0,0.0,4.0,2.0,1.0,0.0,0.0
1,1,1,0,0,24.0,1,1,0,0,0.0,1.0,0.0,3.009999990463257,13.75,0.0,0.0,0.0,0.0,1.0,0.0,1.0,1.0,1.0,1.0,1.0,0.0
0,0,0,1,0,23.0,1,0,0,0,0.0,0.0,1.0,5.46999979019165,66.81199645996094,1.0,0.0,1.0,0.0,0.0,1.0,0.0,0.0,0.0,1.0,0.0,0.0
0,0,0,0,0,19.0,2,0,0,0,0.0,0.0,1.0,3.2300000190734863,97.43299865722656,0.0,0.0,0.0,0.0,1.0,1.0,0.0,0.0,0.0,0.0,0.0,0.0
0,0,0,0,0,28.0,1,0,0,0,0.0,1.0,0.0,4.119999885559082,70.40699768066406,0.0,0.0,0.0,0.0,0.0,0.0,0.0,1.0,3.0,1.0,0.0,1.0
0,0,0,0,0,25.0,2,0,0,0,0.0,1.0,0.0,3.2300000190734863,79.49400329589844,0.0,0.0,0.0,0.0,0.0,0.0,0.0,0.0,1.0,0.0,0.0,0.0
0,0,0,0,0,27.0,2,0,0,0,0.0,1.0,0.0,3.2300000190734863,77.09200286865234,0.0,0.0,0.0,0.0,0.0,0.0,0.0,0.0,0.0,0.0,0.0,0.0
0,0,0,0,0,51.0,1,0,0,0,0.0,0.0,1.0,1.2899999618530273,51.88199996948242,1.0,1.0,0.0,0.0,1.0,0.0,0.0,0.0,0.0,0.0,0.0,0.0
0,0,0,0,0,51.0,1,0,0,0,0.0,0.0,1.0,1.2899999618530273,30.54400062561035,0.0,0.0,0.0,0.0,1.0,0.0,0.0,0.0,0.0,0.0,0.0,0.0
1,1,0,1,0,22.0,2,1,0,0,0.0,1.0,0.0,1.5,56.257999420166016,3.0,1.0,0.0,0.0,1.0,0.0,1.0,4.0,3.0,3.0,0.0,0.0
0,1,0,0,0,23.0,2,0,1,0,1.0,0.0,0.0,4.110000133514404,54.29600143432617,1.0,0.0,0.0,0.0,1.0,0.0,0.0,2.0,1.0,0.0,0.0,0.0
0,0,0,0,0,24.0,1,1,0,0,0.0,1.0,0.0,1.2899999618530273,28.708999633789062,0.0,0.0,0.0,0.0,1.0,0.0,0.0,2.0,1.0,1.0,0.0,0.0
0,0,0,0,0,25.0,1,1,0,0,0.0,1.0,0.0,1.2899999618530273,48.46500015258789,0.0,0.0,0.0,0.0,0.0,1.0,0.0,2.0,1.0,1.0,0.0,0.0
0,1,0,0,0,31.0,1,1,0,0,0.0,0.0,1.0,3.880000114440918,94.89700317382812,0.0,0.0,0.0,0.0,1.0,0.0,0.0,0.0,3.0,0.0,0.0,0.0
0,0,0,0,0,22.0,1,0,0,1,0.0,0.0,0.0,1.2000000476837158,19.597000122070312,0.0,0.0,0.0,0.0,0.0,0.0,0.0,0.0,1.0,0.0,0.0,0.0
1,1,0,0,0,27.0,1,0,0,0,0.0,0.0,0.0,1.2799999713897705,11.20199966430664,1.0,1.0,1.0,1.0,1.0,0.0,0.0,1.0,1.0,0.0,0.0,0.0
1,0,0,0,0,27.0,0,0,0,0,1.0,0.0,0.0,4.75,61.233001708984375,1.0,1.0,0.0,2.0,1.0,0.0,1.0,1.0,1.0,1.0,0.0,0.0
1,0,0,0,0,23.0,1,0,0,0,0.0,0.0,1.0,4.78000020980835,68.39700317382812,1.0,1.0,0.0,2.0,2.0,1.0,0.0,2.0,1.0,1.0,1.0,0.0
0,1,0,0,0,22.0,1,0,0,0,1.0,0.0,0.0,1.4500000476837158,42.99599838256836,0.0,1.0,1.0,1.0,1.0,0.0,0.0,2.0,3.0,2.0,0.0,0.0
0,0,0,0,0,30.0,0,1,0,0,0.0,0.0,1.0,3.509999990463257,67.58000183105469,0.0,0.0,0.0,0.0,1.0,1.0,0.0,0.0,0.0,0.0,0.0,0.0
1,0,0,0,0,20.0,1,0,1,0,0.0,0.0,1.0,16.270000457763672,11.802000045776367,2.0,1.0,1.0,1.0,3.0,2.0,2.0,4.0,1.0,3.0,0.0,1.0
0,1,0,0,0,31.0,0,0,0,0,0.0,1.0,0.0,5.070000171661377,45.17300033569336,0.0,0.0,0.0,0.0,1.0,0.0,0.0,1.0,1.0,0.0,0.0,0.0
0,1,0,0,0,27.0,1,0,0,0,1.0,0.0,0.0,4.630000114440918,81.4749984741211,0.0,0.0,0.0,0.0,0.0,0.0,0.0,0.0,0.0,0.0,0.0,0.0
0,0,0,0,0,31.0,3,0,0,0,0.0,1.0,0.0,3.75,85.58000183105469,1.0,0.0,0.0,0.0,0.0,0.0,0.0,1.0,1.0,0.0,0.0,0.0
0,0,0,0,0,33.0,3,0,0,0,0.0,1.0,0.0,3.75,68.7040023803711,0.0,0.0,0.0,0.0,0.0,0.0,0.0,0.0,0.0,0.0,0.0,0.0
0,1,0,0,0,24.0,2,0,0,0,0.0,0.0,1.0,4.190000057220459,75.5530014038086,0.0,0.0,0.0,0.0,0.0,0.0,0.0,2.0,0.0,0.0,0.0,0.0
0,0,0,0,0,25.0,2,0,0,0,0.0,0.0,1.0,4.190000057220459,97.0719985961914,1.0,0.0,0.0,1.0,0.0,1.0,0.0,3.0,3.0,0.0,0.0,0.0
0,0,0,0,0,25.0,1,0,1,0,0.0,1.0,0.0,2.5999999046325684,93.51599884033203,0.0,1.0,0.0,0.0,0.0,0.0,0.0,0.0,0.0,0.0,0.0,0.0
0,1,0,0,0,38.0,1,0,1,0,0.0,0.0,1.0,4.21999979019165,36.595001220703125,0.0,0.0,0.0,0.0,0.0,0.0,0.0,3.0,0.0,0.0,0.0,0.0
0,1,0,0,0,22.0,1,0,0,0,0.0,1.0,0.0,6.119999885559082,97.20800018310547,0.0,0.0,0.0,0.0,0.0,0.0,0.0,0.0,1.0,0.0,0.0,0.0
0,0,0,0,0,25.0,1,0,0,0,0.0,1.0,0.0,6.119999885559082,86.88500213623047,0.0,0.0,0.0,0.0,0.0,0.0,0.0,1.0,1.0,0.0,0.0,0.0
0,0,0,0,0,28.0,2,0,0,0,0.0,1.0,0.0,2.1600000858306885,85.45099639892578,0.0,1.0,0.0,0.0,1.0,2.0,0.0,1.0,0.0,0.0,0.0,0.0
0,1,0,0,0,33.0,0,0,0,0,0.0,0.0,1.0,9.779999732971191,96.14199829101562,0.0,0.0,0.0,0.0,1.0,0.0,0.0,3.0,3.0,1.0,0.0,0.0
1,0,1,0,0,20.0,1,0,0,1,0.0,0.0,1.0,1.7300000190734863,23.131999969482422,1.0,1.0,1.0,0.0,1.0,0.0,0.0,1.0,0.0,1.0,0.0,1.0
0,1,0,0,0,31.0,1,0,0,0,0.0,0.0,1.0,6.659999847412109,87.99800109863281,1.0,0.0,0.0,0.0,0.0,0.0,1.0,3.0,2.0,1.0,1.0,0.0
0,1,0,0,0,28.0,2,0,0,0,0.0,1.0,0.0,3.2300000190734863,50.43600082397461,0.0,0.0,0.0,0.0,0.0,0.0,0.0,0.0,0.0,0.0,0.0,0.0
0,1,0,0,0,26.0,1,0,0,0,0.0,0.0,1.0,6.599999904632568,43.479000091552734,0.0,0.0,0.0,0.0,0.0,0.0,0.0,0.0,0.0,0.0,0.0,0.0
0,1,0,0,0,20.0,0,1,0,0,0.0,1.0,0.0,2.9800000190734863,60.566001892089844,0.0,1.0,0.0,0.0,0.0,0.0,0.0,0.0,1.0,0.0,0.0,0.0
1,1,0,0,0,26.0,2,0,0,0,0.0,0.0,1.0,3.9700000286102295,85.13400268554688,0.0,0.0,0.0,0.0,1.0,0.0,0.0,2.0,2.0,0.0,0.0,0.0
1,0,0,0,0,28.0,2,0,0,0,0.0,0.0,1.0,3.9700000286102295,67.5739974975586,1.0,0.0,0.0,0.0,0.0,0.0,0.0,0.0,0.0,0.0,0.0,0.0
0,1,0,0,0,24.0,0,0,0,0,0.0,1.0,0.0,3.069999933242798,66.8489990234375,1.0,0.0,0.0,0.0,1.0,0.0,0.0,0.0,1.0,0.0,0.0,0.0
0,1,0,0,0,41.0,0,0,0,0,1.0,0.0,0.0,4.389999866485596,54.18899917602539,0.0,1.0,0.0,0.0,1.0,0.0,0.0,2.0,2.0,2.0,0.0,0.0
0,1,0,0,0,22.0,3,0,0,0,0.0,0.0,1.0,1.649999976158142,94.59400177001953,0.0,0.0,0.0,0.0,0.0,0.0,0.0,0.0,0.0,0.0,0.0,0.0
1,0,1,0,0,22.0,2,1,0,0,0.0,1.0,0.0,1.7000000476837158,37.7599983215332,0.0,0.0,1.0,0.0,1.0,1.0,0.0,2.0,1.0,1.0,0.0,1.0
0,1,1,0,0,24.0,2,1,0,0,0.0,1.0,0.0,1.7000000476837158,80.73799896240234,0.0,0.0,0.0,0.0,1.0,0.0,0.0,1.0,1.0,1.0,0.0,0.0
0,1,1,0,0,20.0,0,0,0,0,1.0,0.0,0.0,3.9600000381469727,1.5230000019073486,0.0,0.0,0.0,0.0,1.0,0.0,0.0,2.0,1.0,0.0,0.0,0.0
1,1,1,0,0,26.0,1,1,0,0,0.0,0.0,1.0,1.8200000524520874,48.78900146484375,0.0,1.0,1.0,0.0,1.0,1.0,0.0,0.0,2.0,0.0,0.0,0.0
0,0,0,0,0,30.0,2,0,0,0,0.0,0.0,1.0,4.53000020980835,87.06999969482422,0.0,0.0,0.0,0.0,0.0,0.0,0.0,0.0,0.0,0.0,0.0,0.0
1,0,0,0,0,32.0,1,1,0,0,1.0,0.0,0.0,2.2300000190734863,52.18899917602539,0.0,0.0,1.0,0.0,1.0,0.0,0.0,2.0,1.0,1.0,0.0,1.0
1,1,0,0,0,34.0,0,0,0,0,0.0,0.0,1.0,8.90999984741211,64.78800201416016,1.0,0.0,0.0,0.0,1.0,0.0,0.0,2.0,1.0,1.0,0.0,0.0
0,1,0,0,0,32.0,2,1,0,0,0.0,1.0,0.0,0.5699999928474426,64.1500015258789,0.0,0.0,0.0,0.0,1.0,0.0,0.0,0.0,1.0,0.0,0.0,0.0
0,1,0,0,0,31.0,1,1,0,0,0.0,1.0,0.0,3.2699999809265137,69.91899871826172,0.0,0.0,0.0,0.0,0.0,0.0,0.0,2.0,2.0,3.0,1.0,0.0
1,0,0,0,0,25.0,1,0,0,0,1.0,0.0,0.0,3.069999933242798,53.03300094604492,0.0,1.0,1.0,1.0,0.0,0.0,2.0,3.0,2.0,3.0,0.0,1.0
1,0,0,0,0,28.0,1,0,0,0,1.0,0.0,0.0,4.860000133514404,52.85499954223633,2.0,2.0,1.0,1.0,0.0,0.0,0.0,3.0,3.0,2.0,1.0,1.0
0,0,0,0,0,22.0,0,1,0,0,0.0,0.0,0.0,3.259999990463257,70.02400207519531,1.0,0.0,0.0,0.0,0.0,0.0,0.0,0.0,0.0,0.0,0.0,0.0
1,1,0,0,0,24.0,2,0,0,0,1.0,0.0,0.0,1.9800000190734863,34.73400115966797,2.0,3.0,0.0,1.0,0.0,0.0,1.0,4.0,4.0,4.0,0.0,1.0
0,0,0,0,0,26.0,1,0,1,0,0.0,0.0,0.0,1.4800000190734863,39.41400146484375,0.0,0.0,0.0,0.0,1.0,0.0,0.0,0.0,0.0,0.0,0.0,0.0
0,0,0,0,0,30.0,1,0,1,0,0.0,0.0,0.0,1.4800000190734863,2.2130000591278076,1.0,0.0,0.0,1.0,2.0,0.0,0.0,0.0,0.0,0.0,0.0,0.0
0,0,0,0,0,30.0,2,0,0,0,0.0,0.0,1.0,16.270000457763672,55.38999938964844,0.0,0.0,0.0,0.0,0.0,0.0,0.0,1.0,1.0,0.0,0.0,0.0
0,0,0,0,0,31.0,2,0,0,0,0.0,0.0,1.0,16.270000457763672,31.60099983215332,0.0,0.0,0.0,0.0,0.0,0.0,0.0,1.0,1.0,0.0,0.0,0.0
0,1,0,0,0,23.0,3,1,0,0,1.0,0.0,0.0,3.200000047683716,82.49199676513672,0.0,0.0,0.0,0.0,0.0,0.0,0.0,0.0,0.0,0.0,0.0,0.0
0,0,0,0,0,26.0,3,1,0,0,1.0,0.0,0.0,3.200000047683716,55.59700012207031,0.0,0.0,0.0,0.0,0.0,0.0,0.0,0.0,0.0,0.0,0.0,0.0
0,0,0,0,0,29.0,0,0,0,0,0.0,1.0,0.0,7.320000171661377,95.9520034790039,0.0,0.0,0.0,0.0,1.0,0.0,0.0,1.0,1.0,0.0,0.0,1.0
0,0,0,0,0,31.0,0,1,0,0,0.0,1.0,0.0,0.7400000095367432,57.112998962402344,0.0,1.0,0.0,0.0,1.0,0.0,0.0,0.0,3.0,1.0,0.0,0.0
1,1,0,0,0,27.0,1,1,0,0,0.0,0.0,1.0,3.7699999809265137,30.229000091552734,0.0,2.0,0.0,0.0,1.0,0.0,0.0,2.0,1.0,0.0,0.0,1.0
1,0,1,0,0,25.0,0,1,0,0,0.0,0.0,1.0,5.090000152587891,48.06800079345703,1.0,0.0,0.0,0.0,0.0,0.0,0.0,0.0,2.0,0.0,0.0,0.0
0,1,1,0,0,24.0,3,1,0,0,0.0,0.0,1.0,3.25,44.724998474121094,0.0,0.0,0.0,0.0,0.0,0.0,0.0,1.0,0.0,0.0,0.0,0.0
0,0,0,0,0,29.0,1,0,0,0,0.0,1.0,0.0,3.7100000381469727,91.73100280761719,0.0,1.0,1.0,0.0,0.0,0.0,0.0,1.0,2.0,1.0,1.0,0.0
0,0,0,0,0,33.0,1,0,0,0,0.0,0.0,1.0,4.679999828338623,85.18900299072266,0.0,0.0,0.0,0.0,0.0,0.0,0.0,0.0,0.0,0.0,0.0,0.0
0,0,0,0,0,24.0,0,0,0,0,0.0,0.0,1.0,16.270000457763672,26.322999954223633,0.0,1.0,0.0,1.0,0.0,0.0,0.0,2.0,1.0,0.0,0.0,0.0
1,0,0,0,0,34.0,2,1,0,0,0.0,1.0,0.0,2.5199999809265137,62.43299865722656,1.0,0.0,0.0,0.0,2.0,0.0,0.0,0.0,1.0,0.0,0.0,0.0
0,1,0,0,0,15.0,3,0,1,0,1.0,0.0,0.0,0.0,27.452999114990234,1.0,0.0,0.0,0.0,1.0,0.0,0.0,2.0,1.0,1.0,0.0,1.0
0,1,0,0,0,21.0,2,1,0,0,1.0,0.0,0.0,3.130000114440918,38.83399963378906,0.0,3.0,1.0,0.0,0.0,0.0,2.0,4.0,0.0,1.0,0.0,0.0
0,1,0,0,0,21.0,2,1,0,0,1.0,0.0,0.0,3.130000114440918,40.80500030517578,3.0,3.0,2.0,0.0,1.0,0.0,0.0,1.0,2.0,2.0,0.0,0.0
0,1,0,0,0,30.0,1,0,0,0,0.0,0.0,1.0,3.7100000381469727,44.78099822998047,0.0,1.0,0.0,0.0,1.0,0.0,0.0,2.0,1.0,0.0,0.0,0.0
0,0,0,0,0,32.0,0,0,1,0,1.0,0.0,0.0,2.930000066757202,72.09100341796875,0.0,0.0,0.0,0.0,0.0,0.0,0.0,1.0,1.0,0.0,0.0,0.0
1,0,0,0,0,25.0,1,0,0,0,0.0,1.0,0.0,3.7300000190734863,69.04499816894531,1.0,2.0,0.0,0.0,0.0,0.0,0.0,2.0,2.0,1.0,0.0,0.0
0,0,0,0,0,21.0,3,0,0,0,1.0,0.0,0.0,3.4800000190734863,91.78900146484375,0.0,1.0,0.0,0.0,0.0,0.0,0.0,0.0,0.0,0.0,0.0,0.0
0,0,0,0,0,23.0,3,0,0,0,1.0,0.0,0.0,3.4800000190734863,57.72999954223633,0.0,0.0,0.0,0.0,0.0,0.0,0.0,0.0,0.0,0.0,0.0,0.0
0,0,0,0,0,19.0,1,0,0,0,0.0,1.0,0.0,3.2100000381469727,17.05900001525879,0.0,0.0,0.0,0.0,0.0,0.0,1.0,2.0,3.0,2.0,1.0,0.0
1,0,0,0,0,19.0,0,0,0,0,0.0,1.0,0.0,4.900000095367432,62.01599884033203,1.0,1.0,1.0,0.0,1.0,1.0,0.0,3.0,1.0,0.0,0.0,0.0
0,1,0,0,0,27.0,0,0,1,0,1.0,0.0,0.0,8.220000267028809,13.293000221252441,0.0,0.0,1.0,0.0,1.0,0.0,0.0,3.0,1.0,1.0,0.0,0.0
0,1,0,0,0,18.0,5,0,0,0,0.0,1.0,0.0,2.25,61.12900161743164,0.0,0.0,0.0,0.0,0.0,0.0,0.0,0.0,0.0,0.0,0.0,0.0
1,0,0,0,0,20.0,5,0,0,0,0.0,1.0,0.0,2.25,49.97999954223633,1.0,0.0,0.0,0.0,0.0,1.0,0.0,0.0,1.0,1.0,0.0,0.0
0,1,0,0,0,21.0,2,0,0,0,0.0,1.0,0.0,4.21999979019165,46.67900085449219,0.0,0.0,0.0,0.0,0.0,0.0,0.0,0.0,1.0,0.0,0.0,0.0
0,1,0,0,0,22.0,2,0,0,0,0.0,1.0,0.0,4.21999979019165,55.882999420166016,0.0,0.0,0.0,0.0,0.0,0.0,0.0,0.0,1.0,0.0,0.0,0.0
0,1,0,0,0,16.0,1,0,0,0,0.0,0.0,0.0,4.96999979019165,10.161999702453613,0.0,0.0,0.0,0.0,1.0,0.0,0.0,2.0,1.0,0.0,0.0,0.0
0,0,0,0,0,32.0,2,0,0,0,0.0,0.0,1.0,16.270000457763672,76.61799621582031,0.0,0.0,0.0,0.0,0.0,0.0,0.0,0.0,0.0,0.0,0.0,0.0
0,1,0,0,0,35.0,4,1,0,0,0.0,0.0,1.0,0.03999999910593033,78.51499938964844,0.0,0.0,0.0,0.0,0.0,0.0,0.0,0.0,1.0,0.0,0.0,0.0
0,1,0,0,0,22.0,1,0,0,0,0.0,0.0,1.0,16.270000457763672,76.96099853515625,0.0,0.0,0.0,0.0,0.0,0.0,0.0,0.0,1.0,0.0,0.0,0.0
1,0,0,0,0,20.0,1,0,1,0,0.0,0.0,0.0,0.6299999952316284,17.5310001373291,0.0,0.0,0.0,0.0,2.0,0.0,0.0,2.0,2.0,1.0,0.0,0.0
1,1,0,0,0,26.0,1,1,0,0,0.0,1.0,0.0,3.5799999237060547,38.180999755859375,1.0,1.0,1.0,1.0,1.0,0.0,1.0,4.0,3.0,3.0,3.0,1.0
0,0,0,0,0,24.0,2,0,0,0,0.0,0.0,1.0,1.4700000286102295,79.76100158691406,1.0,0.0,0.0,0.0,1.0,0.0,0.0,2.0,0.0,0.0,0.0,0.0
0,0,0,0,0,27.0,2,0,0,0,0.0,0.0,1.0,1.4700000286102295,71.56500244140625,0.0,1.0,0.0,0.0,1.0,0.0,0.0,2.0,1.0,0.0,0.0,0.0
0,1,0,0,0,29.0,2,0,0,0,0.0,1.0,0.0,3.369999885559082,87.99400329589844,0.0,0.0,0.0,0.0,1.0,0.0,0.0,0.0,0.0,0.0,0.0,0.0
1,0,0,0,0,23.0,2,0,0,0,1.0,0.0,0.0,3.180000066757202,8.168999671936035,0.0,0.0,1.0,0.0,1.0,1.0,0.0,4.0,3.0,1.0,0.0,1.0
0,0,0,0,0,34.0,2,0,0,0,0.0,0.0,1.0,6.25,76.16899871826172,0.0,0.0,0.0,0.0,0.0,0.0,0.0,0.0,1.0,0.0,0.0,0.0
0,1,0,0,0,26.0,0,1,0,0,1.0,0.0,0.0,2.309999942779541,44.54399871826172,0.0,0.0,0.0,0.0,1.0,0.0,0.0,1.0,1.0,0.0,0.0,0.0
1,0,0,0,0,18.0,1,0,1,0,1.0,0.0,0.0,0.1599999964237213,36.430999755859375,0.0,0.0,0.0,0.0,0.0,0.0,0.0,2.0,2.0,1.0,0.0,0.0
1,0,0,0,0,25.0,1,1,0,0,1.0,0.0,0.0,1.6299999952316284,69.27200317382812,0.0,0.0,0.0,0.0,2.0,0.0,0.0,1.0,0.0,0.0,0.0,0.0
0,1,0,1,0,19.0,2,0,0,0,1.0,0.0,0.0,0.9399999976158142,1.784000039100647,0.0,0.0,0.0,0.0,0.0,0.0,0.0,0.0,0.0,0.0,0.0,0.0
1,0,0,0,0,21.0,1,0,1,0,0.0,0.0,0.0,0.6000000238418579,26.368000030517578,0.0,1.0,0.0,0.0,0.0,0.0,0.0,0.0,2.0,0.0,0.0,0.0
1,1,0,0,0,22.0,1,0,1,0,0.0,1.0,0.0,2.240000009536743,78.32499694824219,2.0,2.0,2.0,1.0,1.0,1.0,1.0,3.0,2.0,2.0,1.0,1.0
1,0,0,0,0,23.0,1,1,0,0,1.0,0.0,0.0,2.440000057220459,23.729000091552734,1.0,1.0,1.0,1.0,1.0,0.0,0.0,3.0,1.0,2.0,1.0,1.0
0,0,0,0,0,34.0,0,0,0,0,1.0,0.0,0.0,6.369999885559082,69.40899658203125,1.0,0.0,0.0,0.0,1.0,0.0,0.0,2.0,1.0,1.0,0.0,0.0
0,0,0,0,0,20.0,0,1,0,0,0.0,0.0,1.0,3.140000104904175,69.35299682617188,0.0,0.0,0.0,0.0,0.0,0.0,0.0,0.0,0.0,0.0,0.0,0.0
0,0,0,0,0,27.0,1,1,0,0,1.0,0.0,0.0,0.3700000047683716,46.28200149536133,0.0,0.0,0.0,0.0,1.0,0.0,0.0,0.0,0.0,0.0,0.0,0.0
0,0,0,0,0,28.0,0,0,1,0,1.0,0.0,0.0,4.96999979019165,39.676998138427734,0.0,0.0,0.0,0.0,0.0,0.0,0.0,0.0,0.0,0.0,0.0,0.0
0,0,0,0,0,23.0,1,0,0,0,0.0,0.0,1.0,4.539999961853027,99.51499938964844,0.0,0.0,0.0,0.0,0.0,0.0,0.0,1.0,2.0,0.0,0.0,0.0
0,1,0,0,0,25.0,2,1,0,0,0.0,1.0,0.0,2.3499999046325684,86.69100189208984,1.0,0.0,0.0,0.0,1.0,0.0,0.0,3.0,2.0,1.0,0.0,0.0
1,0,0,0,0,24.0,3,0,0,0,0.0,0.0,1.0,3.059999942779541,42.45100021362305,2.0,1.0,1.0,2.0,2.0,1.0,0.0,0.0,1.0,0.0,0.0,0.0
0,1,0,0,0,25.0,3,0,0,0,0.0,0.0,1.0,3.059999942779541,80.56900024414062,1.0,0.0,0.0,0.0,0.0,0.0,0.0,1.0,2.0,1.0,0.0,0.0
0,1,0,0,0,24.0,0,0,1,0,0.0,0.0,1.0,8.760000228881836,89.75800323486328,0.0,0.0,0.0,0.0,1.0,0.0,0.0,2.0,1.0,1.0,0.0,0.0
0,1,0,0,0,29.0,1,0,0,0,0.0,0.0,1.0,5.820000171661377,83.08699798583984,0.0,0.0,0.0,0.0,0.0,0.0,0.0,3.0,3.0,3.0,0.0,0.0
0,0,0,0,0,19.0,1,0,0,0,1.0,0.0,0.0,3.930000066757202,77.46299743652344,1.0,2.0,0.0,1.0,2.0,0.0,0.0,4.0,3.0,3.0,2.0,1.0
0,1,0,0,0,31.0,1,0,0,0,0.0,0.0,1.0,6.929999828338623,53.79999923706055,1.0,1.0,0.0,0.0,1.0,0.0,0.0,4.0,3.0,0.0,0.0,0.0
0,1,0,0,0,26.0,1,1,0,0,0.0,1.0,0.0,2.2200000286102295,51.696998596191406,0.0,0.0,0.0,0.0,1.0,0.0,1.0,2.0,0.0,0.0,0.0,0.0
0,0,0,0,0,26.0,2,1,0,0,0.0,0.0,1.0,0.7599999904632568,97.78700256347656,2.0,1.0,1.0,0.0,0.0,0.0,0.0,1.0,2.0,2.0,0.0,0.0
0,0,0,0,0,31.0,2,0,0,0,0.0,0.0,1.0,5.840000152587891,90.47899627685547,0.0,0.0,0.0,0.0,0.0,0.0,0.0,0.0,1.0,0.0,0.0,0.0
0,1,0,0,0,30.0,1,1,0,0,0.0,1.0,0.0,2.1600000858306885,39.35599899291992,0.0,0.0,0.0,0.0,0.0,0.0,1.0,0.0,1.0,0.0,0.0,0.0
1,0,0,0,0,39.0,0,1,0,0,0.0,1.0,0.0,4.070000171661377,69.74700164794922,0.0,2.0,0.0,0.0,0.0,0.0,0.0,2.0,2.0,1.0,0.0,1.0
0,0,0,0,0,26.0,2,1,0,0,0.0,0.0,1.0,5.570000171661377,85.23999786376953,0.0,0.0,0.0,0.0,0.0,0.0,0.0,0.0,0.0,0.0,0.0,0.0
0,1,0,0,0,28.0,2,1,0,0,0.0,0.0,1.0,5.570000171661377,71.08300018310547,0.0,0.0,0.0,0.0,0.0,0.0,0.0,0.0,1.0,0.0,0.0,0.0
0,0,0,1,0,24.0,0,0,0,0,1.0,0.0,0.0,5.050000190734863,12.069999694824219,0.0,0.0,0.0,0.0,0.0,0.0,0.0,0.0,0.0,0.0,0.0,0.0
0,1,0,0,0,21.0,2,0,0,0,1.0,0.0,0.0,2.940000057220459,76.47599792480469,0.0,0.0,0.0,0.0,1.0,0.0,0.0,1.0,1.0,0.0,0.0,0.0
0,1,0,0,0,25.0,1,0,0,0,1.0,0.0,0.0,10.020000457763672,44.04399871826172,0.0,0.0,0.0,0.0,1.0,0.0,0.0,2.0,1.0,0.0,0.0,0.0
0,0,0,0,0,31.0,1,0,0,0,0.0,0.0,1.0,4.659999847412109,63.571998596191406,2.0,1.0,0.0,0.0,0.0,1.0,0.0,2.0,3.0,3.0,0.0,0.0
0,1,0,0,0,28.0,2,1,0,0,1.0,0.0,0.0,2.380000114440918,62.07699966430664,0.0,0.0,0.0,0.0,0.0,0.0,0.0,0.0,0.0,0.0,0.0,0.0
0,1,0,0,0,23.0,2,0,0,0,0.0,1.0,0.0,3.5399999618530273,7.705999851226807,0.0,0.0,0.0,0.0,0.0,0.0,0.0,0.0,0.0,0.0,0.0,0.0
0,0,0,0,0,30.0,3,0,0,0,0.0,1.0,0.0,4.389999866485596,87.38200378417969,0.0,0.0,0.0,0.0,0.0,0.0,0.0,1.0,0.0,0.0,0.0,0.0
0,0,0,0,0,31.0,3,0,0,0,0.0,1.0,0.0,4.389999866485596,18.90399932861328,0.0,0.0,0.0,0.0,0.0,0.0,0.0,0.0,0.0,0.0,0.0,0.0
0,1,0,0,0,26.0,2,0,0,0,0.0,0.0,1.0,3.5999999046325684,97.42400360107422,0.0,0.0,0.0,0.0,0.0,0.0,0.0,0.0,1.0,0.0,0.0,0.0
0,0,0,0,0,31.0,2,0,0,0,1.0,0.0,0.0,6.460000038146973,22.288999557495117,0.0,1.0,1.0,0.0,1.0,0.0,0.0,0.0,1.0,1.0,0.0,0.0
0,0,0,0,0,34.0,0,0,0,0,1.0,0.0,0.0,7.389999866485596,80.3499984741211,0.0,0.0,0.0,0.0,0.0,0.0,0.0,0.0,4.0,0.0,0.0,0.0
1,1,0,0,0,34.0,1,0,0,0,0.0,1.0,0.0,4.260000228881836,11.128000259399414,2.0,0.0,0.0,0.0,1.0,0.0,1.0,4.0,1.0,1.0,0.0,0.0
0,1,0,0,0,25.0,3,1,0,0,0.0,1.0,0.0,2.799999952316284,45.69900131225586,1.0,0.0,0.0,0.0,0.0,0.0,0.0,0.0,0.0,0.0,0.0,0.0
0,1,0,0,0,22.0,1,0,0,0,0.0,0.0,1.0,3.740000009536743,60.91999816894531,0.0,0.0,0.0,0.0,0.0,0.0,0.0,0.0,1.0,0.0,0.0,0.0
1,0,0,0,0,19.0,1,1,0,0,1.0,0.0,0.0,3.240000009536743,41.9370002746582,2.0,0.0,0.0,0.0,2.0,1.0,1.0,1.0,3.0,1.0,0.0,0.0
0,0,0,0,0,22.0,0,0,0,0,0.0,1.0,0.0,2.680000066757202,31.323999404907227,0.0,0.0,0.0,0.0,0.0,0.0,0.0,0.0,3.0,2.0,0.0,0.0
1,1,0,1,0,21.0,1,0,0,0,1.0,0.0,0.0,1.1200000047683716,38.46500015258789,0.0,0.0,0.0,0.0,0.0,0.0,0.0,0.0,1.0,0.0,0.0,0.0
0,1,0,0,0,23.0,2,0,0,0,0.0,1.0,0.0,2.5899999141693115,68.6989974975586,0.0,0.0,0.0,0.0,0.0,0.0,0.0,3.0,0.0,0.0,0.0,0.0
1,1,0,0,1,25.0,1,1,0,0,0.0,0.0,1.0,1.9600000381469727,79.4520034790039,1.0,0.0,0.0,1.0,1.0,0.0,0.0,0.0,0.0,0.0,0.0,0.0
0,1,0,0,1,26.0,1,1,0,0,0.0,0.0,1.0,1.9600000381469727,56.64400100708008,0.0,1.0,0.0,0.0,0.0,0.0,0.0,1.0,3.0,1.0,0.0,0.0
0,0,0,0,0,19.0,1,0,1,0,0.0,1.0,0.0,4.349999904632568,67.87100219726562,0.0,0.0,0.0,0.0,1.0,0.0,0.0,0.0,2.0,1.0,0.0,0.0
0,1,0,0,0,20.0,3,0,1,0,1.0,0.0,0.0,2.180000066757202,47.41699981689453,0.0,0.0,0.0,0.0,0.0,0.0,0.0,0.0,0.0,0.0,0.0,0.0
0,1,0,0,0,23.0,0,1,0,0,0.0,0.0,1.0,3.059999942779541,94.34700012207031,0.0,0.0,0.0,0.0,0.0,0.0,0.0,2.0,1.0,1.0,0.0,0.0
0,1,0,0,0,28.0,2,0,1,0,0.0,0.0,1.0,6.519999980926514,87.78099822998047,0.0,0.0,0.0,0.0,0.0,0.0,0.0,3.0,2.0,1.0,0.0,0.0
0,1,0,0,0,30.0,2,0,1,0,0.0,0.0,1.0,6.519999980926514,74.36299896240234,0.0,0.0,0.0,0.0,0.0,0.0,0.0,0.0,3.0,0.0,0.0,0.0
0,1,0,0,0,29.0,1,0,0,0,0.0,0.0,1.0,9.5,87.29399871826172,0.0,1.0,0.0,0.0,1.0,0.0,0.0,2.0,3.0,0.0,0.0,0.0
0,0,0,0,0,24.0,1,0,1,0,1.0,0.0,0.0,5.340000152587891,74.42500305175781,1.0,0.0,0.0,0.0,0.0,0.0,0.0,0.0,2.0,0.0,1.0,0.0
1,1,0,0,0,25.0,0,1,0,0,0.0,1.0,0.0,1.940000057220459,9.472999572753906,0.0,0.0,0.0,0.0,1.0,1.0,1.0,0.0,1.0,0.0,0.0,0.0
1,0,0,0,0,19.0,1,0,0,0,1.0,0.0,0.0,3.759999990463257,39.08100128173828,2.0,1.0,0.0,2.0,1.0,0.0,0.0,0.0,1.0,0.0,0.0,0.0
0,0,0,0,0,24.0,2,0,0,0,1.0,0.0,0.0,0.75,43.733001708984375,0.0,0.0,0.0,0.0,0.0,0.0,0.0,2.0,3.0,0.0,0.0,0.0
0,0,0,0,0,27.0,1,1,0,0,0.0,0.0,1.0,4.28000020980835,73.93399810791016,1.0,0.0,0.0,1.0,1.0,1.0,0.0,0.0,2.0,0.0,0.0,0.0
0,0,0,0,0,23.0,2,0,0,0,1.0,0.0,0.0,2.509999990463257,27.695999145507812,0.0,0.0,0.0,0.0,0.0,0.0,0.0,0.0,0.0,0.0,0.0,0.0
0,0,0,0,0,18.0,0,1,0,0,1.0,0.0,0.0,4.159999847412109,24.10700035095215,0.0,0.0,0.0,0.0,0.0,0.0,0.0,0.0,2.0,0.0,0.0,0.0
0,0,0,0,0,19.0,1,1,0,0,0.0,0.0,1.0,3.859999895095825,66.23999786376953,1.0,0.0,0.0,0.0,0.0,0.0,0.0,0.0,3.0,0.0,0.0,0.0
0,0,0,0,0,26.0,2,0,0,0,1.0,0.0,0.0,3.619999885559082,46.8650016784668,0.0,0.0,0.0,0.0,0.0,0.0,0.0,4.0,3.0,2.0,0.0,0.0
0,1,0,0,0,17.0,1,0,1,0,0.0,1.0,0.0,1.2899999618530273,28.54199981689453,0.0,0.0,0.0,0.0,0.0,0.0,0.0,0.0,0.0,0.0,0.0,0.0
1,0,0,0,0,27.0,1,0,1,0,0.0,0.0,1.0,2.640000104904175,90.6050033569336,1.0,0.0,1.0,1.0,1.0,0.0,0.0,0.0,2.0,0.0,0.0,1.0
0,0,0,0,0,28.0,1,0,0,0,0.0,1.0,0.0,4.46999979019165,75.22200012207031,1.0,0.0,0.0,0.0,0.0,0.0,0.0,0.0,0.0,0.0,0.0,0.0
0,0,0,1,0,30.0,0,0,0,0,0.0,1.0,0.0,7.840000152587891,85.5739974975586,0.0,0.0,0.0,0.0,1.0,0.0,0.0,0.0,0.0,0.0,0.0,0.0
1,0,0,0,0,27.0,1,0,0,0,0.0,1.0,0.0,3.4100000858306885,71.14600372314453,0.0,0.0,0.0,0.0,0.0,1.0,0.0,1.0,4.0,1.0,0.0,0.0
0,1,0,0,0,22.0,2,1,0,0,0.0,0.0,1.0,2.5399999618530273,79.94499969482422,1.0,3.0,0.0,0.0,0.0,0.0,0.0,3.0,2.0,0.0,0.0,0.0
1,0,0,0,0,24.0,2,1,0,0,0.0,0.0,1.0,2.5399999618530273,5.798999786376953,1.0,0.0,0.0,0.0,1.0,3.0,0.0,2.0,3.0,0.0,0.0,0.0
1,1,0,0,0,27.0,1,0,1,0,0.0,0.0,1.0,10.130000114440918,58.93600082397461,3.0,3.0,2.0,3.0,2.0,0.0,1.0,3.0,1.0,2.0,2.0,1.0
0,1,0,0,0,27.0,2,0,0,0,0.0,0.0,1.0,4.269999980926514,79.02200317382812,0.0,0.0,0.0,0.0,0.0,0.0,0.0,0.0,2.0,0.0,0.0,0.0
0,1,0,0,0,19.0,1,0,1,0,0.0,0.0,1.0,1.9900000095367432,61.09299850463867,0.0,0.0,0.0,0.0,0.0,0.0,0.0,1.0,0.0,0.0,0.0,0.0
0,1,0,0,0,25.0,0,0,0,0,0.0,0.0,1.0,3.3299999237060547,71.25700378417969,2.0,2.0,0.0,1.0,1.0,0.0,2.0,3.0,2.0,0.0,0.0,0.0
0,0,0,0,0,29.0,2,0,0,0,0.0,1.0,0.0,6.239999771118164,62.720001220703125,0.0,1.0,0.0,0.0,0.0,0.0,0.0,0.0,0.0,0.0,0.0,0.0
0,0,0,0,0,36.0,1,0,0,0,0.0,0.0,1.0,6.03000020980835,68.89800262451172,0.0,0.0,0.0,0.0,0.0,0.0,0.0,1.0,0.0,0.0,0.0,0.0
0,1,0,0,0,31.0,1,0,0,0,1.0,0.0,0.0,4.239999771118164,89.04000091552734,0.0,2.0,0.0,0.0,0.0,0.0,0.0,0.0,0.0,0.0,0.0,0.0
0,0,0,0,0,30.0,4,0,0,0,0.0,0.0,1.0,0.4300000071525574,27.441999435424805,0.0,1.0,0.0,0.0,0.0,1.0,0.0,1.0,0.0,0.0,0.0,0.0
0,0,0,0,0,32.0,4,0,0,0,0.0,0.0,1.0,0.4300000071525574,5.6529998779296875,0.0,0.0,0.0,0.0,0.0,0.0,0.0,1.0,0.0,0.0,0.0,0.0
0,1,0,0,0,24.0,1,0,0,0,0.0,0.0,1.0,6.800000190734863,69.26100158691406,1.0,0.0,0.0,0.0,0.0,0.0,0.0,0.0,0.0,0.0,0.0,0.0
0,0,1,0,0,24.0,1,1,0,0,1.0,0.0,0.0,0.8199999928474426,3.0309998989105225,0.0,0.0,0.0,0.0,0.0,0.0,0.0,2.0,0.0,0.0,0.0,0.0
0,0,0,0,0,28.0,1,0,0,0,0.0,1.0,0.0,1.9500000476837158,45.35300064086914,0.0,0.0,0.0,0.0,0.0,0.0,0.0,1.0,2.0,0.0,0.0,0.0
0,0,0,0,0,20.0,3,0,1,0,0.0,1.0,0.0,1.3799999952316284,27.229999542236328,0.0,0.0,1.0,1.0,0.0,1.0,1.0,0.0,0.0,0.0,0.0,1.0
0,1,0,0,0,21.0,0,0,0,0,1.0,0.0,0.0,2.7699999809265137,45.266998291015625,0.0,0.0,0.0,0.0,0.0,0.0,0.0,0.0,0.0,0.0,0.0,0.0
0,0,1,0,0,21.0,3,1,0,0,0.0,1.0,0.0,0.20999999344348907,30.815000534057617,0.0,1.0,0.0,0.0,0.0,0.0,0.0,0.0,2.0,0.0,0.0,0.0
0,0,0,0,0,20.0,1,0,1,0,0.0,1.0,0.0,1.5499999523162842,60.47100067138672,0.0,0.0,0.0,0.0,1.0,0.0,0.0,3.0,1.0,2.0,0.0,0.0
0,0,0,0,0,27.0,0,0,1,0,0.0,1.0,0.0,1.6299999952316284,87.26799774169922,1.0,1.0,0.0,0.0,0.0,0.0,0.0,1.0,3.0,2.0,0.0,0.0
0,0,0,0,0,17.0,1,0,0,0,1.0,0.0,0.0,2.109999895095825,9.585000038146973,0.0,0.0,0.0,0.0,0.0,0.0,0.0,0.0,0.0,0.0,0.0,0.0
0,1,0,0,0,31.0,1,0,0,0,0.0,1.0,0.0,2.8299999237060547,41.61899948120117,0.0,0.0,0.0,0.0,0.0,0.0,0.0,0.0,0.0,0.0,0.0,0.0
0,1,0,0,0,29.0,2,0,0,0,0.0,1.0,0.0,3.359999895095825,50.04499816894531,0.0,0.0,0.0,0.0,0.0,0.0,0.0,0.0,0.0,0.0,0.0,0.0
1,0,0,0,0,20.0,2,0,1,0,1.0,0.0,0.0,2.119999885559082,29.23200035095215,0.0,0.0,0.0,1.0,0.0,0.0,0.0,4.0,4.0,4.0,2.0,1.0
0,0,0,0,0,30.0,3,0,0,0,1.0,0.0,0.0,3.1600000858306885,28.738000869750977,1.0,0.0,0.0,0.0,0.0,0.0,0.0,3.0,3.0,0.0,0.0,0.0
1,0,0,0,0,27.0,1,0,1,0,0.0,1.0,0.0,2.7799999713897705,56.78900146484375,0.0,0.0,0.0,0.0,1.0,0.0,0.0,1.0,1.0,0.0,0.0,0.0
1,0,0,0,0,28.0,1,0,1,0,0.0,1.0,0.0,2.7799999713897705,62.37200164794922,0.0,0.0,0.0,0.0,1.0,0.0,0.0,3.0,2.0,2.0,0.0,1.0
1,0,0,0,0,26.0,2,0,0,0,0.0,0.0,0.0,3.0199999809265137,58.233001708984375,0.0,1.0,0.0,0.0,2.0,1.0,0.0,1.0,2.0,2.0,1.0,0.0
0,0,0,0,0,20.0,1,0,0,0,1.0,0.0,0.0,4.400000095367432,94.53600311279297,2.0,2.0,2.0,1.0,1.0,1.0,1.0,0.0,1.0,1.0,0.0,0.0
0,0,0,0,0,21.0,1,0,0,0,0.0,0.0,1.0,2.700000047683716,64.01499938964844,1.0,0.0,0.0,0.0,0.0,0.0,0.0,0.0,0.0,0.0,0.0,0.0
0,0,0,0,0,28.0,1,0,0,0,1.0,0.0,0.0,4.909999847412109,89.55599975585938,0.0,0.0,0.0,0.0,1.0,0.0,0.0,1.0,2.0,0.0,0.0,0.0
0,0,0,0,0,29.0,1,0,1,0,0.0,0.0,1.0,2.200000047683716,31.961000442504883,0.0,0.0,0.0,0.0,1.0,0.0,0.0,3.0,2.0,1.0,0.0,1.0
1,1,0,0,0,31.0,1,0,1,0,0.0,0.0,1.0,2.200000047683716,48.26499938964844,1.0,2.0,1.0,1.0,1.0,1.0,0.0,4.0,4.0,2.0,1.0,0.0
0,1,0,0,0,26.0,1,0,0,0,1.0,0.0,0.0,3.4700000286102295,55.15599822998047,0.0,0.0,0.0,0.0,0.0,0.0,0.0,0.0,0.0,0.0,0.0,0.0
0,0,0,0,0,34.0,0,0,0,0,0.0,0.0,1.0,9.5,87.58599853515625,0.0,0.0,0.0,0.0,0.0,0.0,0.0,2.0,2.0,0.0,0.0,0.0
0,1,0,0,0,24.0,3,1,0,0,0.0,0.0,1.0,1.840000033378601,94.49700164794922,0.0,0.0,0.0,0.0,2.0,0.0,0.0,2.0,4.0,3.0,0.0,0.0
1,0,0,0,0,33.0,0,0,0,0,0.0,1.0,0.0,4.239999771118164,68.76599884033203,1.0,0.0,0.0,0.0,1.0,1.0,0.0,1.0,0.0,0.0,0.0,0.0
0,1,0,0,0,18.0,3,1,0,0,0.0,1.0,0.0,1.25,41.90800094604492,0.0,0.0,0.0,0.0,0.0,0.0,0.0,4.0,3.0,2.0,0.0,0.0
0,1,0,0,0,27.0,3,1,0,0,0.0,0.0,1.0,2.009999990463257,88.75599670410156,0.0,0.0,0.0,0.0,0.0,0.0,0.0,2.0,1.0,1.0,0.0,0.0
0,0,0,0,0,17.0,2,1,0,0,0.0,0.0,1.0,0.38999998569488525,77.47200012207031,0.0,0.0,0.0,0.0,1.0,0.0,1.0,2.0,1.0,0.0,0.0,0.0
0,1,0,0,0,19.0,2,1,0,0,0.0,0.0,1.0,0.38999998569488525,45.8849983215332,0.0,1.0,0.0,0.0,0.0,0.0,1.0,4.0,4.0,2.0,0.0,1.0
1,1,0,0,0,22.0,1,1,0,0,0.0,1.0,0.0,1.25,47.8380012512207,1.0,0.0,0.0,0.0,2.0,0.0,0.0,2.0,3.0,1.0,0.0,0.0
0,1,0,0,0,25.0,0,1,0,0,0.0,1.0,0.0,1.0199999809265137,84.13099670410156,0.0,0.0,0.0,0.0,1.0,0.0,0.0,2.0,2.0,2.0,0.0,0.0
0,0,0,0,0,26.0,2,0,1,0,0.0,0.0,1.0,2.180000066757202,93.25399780273438,1.0,0.0,0.0,0.0,1.0,0.0,0.0,0.0,0.0,0.0,0.0,0.0
1,0,0,1,0,22.0,1,1,0,0,0.0,0.0,0.0,1.399999976158142,4.711999893188477,2.0,0.0,1.0,0.0,2.0,0.0,0.0,4.0,1.0,2.0,1.0,0.0
0,0,0,0,0,24.0,2,0,1,0,0.0,1.0,0.0,2.0299999713897705,75.05000305175781,0.0,1.0,0.0,0.0,2.0,0.0,1.0,4.0,4.0,3.0,1.0,1.0
0,1,0,0,0,20.0,2,1,0,0,0.0,1.0,0.0,0.9900000095367432,71.66600036621094,0.0,0.0,0.0,0.0,1.0,0.0,0.0,0.0,0.0,0.0,0.0,0.0
0,0,0,0,0,22.0,2,1,0,0,0.0,1.0,0.0,0.9900000095367432,83.59200286865234,1.0,0.0,0.0,0.0,2.0,0.0,0.0,0.0,2.0,0.0,0.0,0.0
0,1,0,0,0,24.0,2,1,0,0,0.0,1.0,0.0,0.9900000095367432,83.9010009765625,1.0,2.0,0.0,0.0,0.0,0.0,0.0,2.0,3.0,2.0,1.0,0.0
0,1,0,1,0,20.0,3,0,0,0,0.0,1.0,0.0,1.5,18.75,0.0,0.0,0.0,0.0,1.0,0.0,0.0,0.0,1.0,0.0,0.0,0.0
0,1,0,1,0,24.0,3,0,0,0,0.0,1.0,0.0,1.5,30.555999755859375,0.0,0.0,0.0,0.0,0.0,0.0,0.0,1.0,3.0,0.0,0.0,0.0
0,1,0,0,0,28.0,1,0,0,0,0.0,0.0,1.0,3.6500000953674316,67.7760009765625,1.0,0.0,0.0,0.0,2.0,0.0,0.0,1.0,1.0,1.0,0.0,0.0
0,0,0,0,0,25.0,1,0,0,0,0.0,0.0,1.0,6.440000057220459,58.189998626708984,0.0,0.0,0.0,0.0,0.0,0.0,0.0,1.0,1.0,0.0,0.0,0.0
0,1,0,0,0,29.0,3,0,0,0,1.0,0.0,0.0,3.4700000286102295,40.16299819946289,1.0,0.0,0.0,0.0,0.0,0.0,0.0,3.0,2.0,1.0,0.0,0.0
0,0,0,0,0,31.0,2,0,0,0,0.0,0.0,1.0,5.610000133514404,73.08499908447266,0.0,0.0,0.0,0.0,0.0,0.0,0.0,0.0,1.0,0.0,0.0,0.0
0,0,0,0,0,34.0,2,0,0,0,0.0,0.0,1.0,3.1500000953674316,88.322998046875,0.0,0.0,0.0,0.0,0.0,0.0,0.0,0.0,1.0,1.0,0.0,0.0
0,1,0,0,0,29.0,0,0,0,0,0.0,0.0,1.0,6.329999923706055,82.38800048828125,0.0,0.0,0.0,0.0,0.0,0.0,0.0,0.0,1.0,0.0,0.0,0.0
0,0,0,0,0,29.0,3,0,0,0,0.0,0.0,1.0,2.690000057220459,90.79900360107422,1.0,0.0,0.0,0.0,0.0,0.0,0.0,1.0,1.0,1.0,0.0,0.0
0,0,0,0,0,32.0,3,0,0,0,0.0,0.0,1.0,2.690000057220459,91.88899993896484,0.0,0.0,0.0,0.0,0.0,0.0,0.0,0.0,2.0,0.0,0.0,0.0
1,1,0,1,0,18.0,2,1,0,0,0.0,0.0,0.0,0.8999999761581421,47.64400100708008,1.0,0.0,0.0,0.0,1.0,0.0,1.0,3.0,2.0,2.0,1.0,1.0
1,1,0,1,0,19.0,2,1,0,0,0.0,0.0,0.0,0.8999999761581421,14.199000358581543,1.0,2.0,1.0,1.0,0.0,0.0,0.0,4.0,2.0,1.0,0.0,1.0
1,0,0,0,0,18.0,3,0,1,0,0.0,0.0,0.0,1.840000033378601,17.277000427246094,1.0,1.0,1.0,1.0,1.0,0.0,0.0,2.0,2.0,2.0,1.0,0.0
1,1,0,0,0,20.0,2,1,0,0,0.0,1.0,0.0,1.4199999570846558,31.672000885009766,0.0,0.0,0.0,0.0,1.0,0.0,0.0,4.0,1.0,0.0,0.0,0.0
0,1,0,0,0,27.0,1,0,0,0,0.0,0.0,1.0,6.659999847412109,61.45100021362305,1.0,0.0,0.0,0.0,0.0,0.0,0.0,1.0,1.0,1.0,0.0,0.0
1,1,0,0,0,36.0,2,0,0,0,0.0,0.0,1.0,4.929999828338623,52.74800109863281,1.0,2.0,0.0,0.0,1.0,0.0,2.0,1.0,3.0,1.0,0.0,0.0
0,0,0,0,0,35.0,1,0,0,0,0.0,1.0,0.0,3.200000047683716,76.42400360107422,2.0,2.0,0.0,1.0,0.0,1.0,0.0,3.0,4.0,2.0,0.0,0.0
0,1,0,1,0,23.0,3,0,0,0,0.0,1.0,0.0,1.6799999475479126,33.68000030517578,0.0,1.0,0.0,0.0,0.0,0.0,0.0,1.0,1.0,1.0,0.0,0.0
1,0,0,0,0,25.0,1,0,0,0,0.0,0.0,1.0,5.079999923706055,65.03700256347656,1.0,1.0,1.0,0.0,0.0,0.0,0.0,0.0,0.0,0.0,0.0,0.0
1,0,0,0,0,28.0,2,0,0,0,0.0,0.0,1.0,2.680000066757202,89.20700073242188,0.0,0.0,0.0,0.0,0.0,0.0,0.0,0.0,0.0,0.0,0.0,0.0
0,0,0,1,0,38.0,0,0,0,0,1.0,0.0,0.0,6.489999771118164,56.8489990234375,1.0,0.0,0.0,0.0,1.0,0.0,0.0,0.0,0.0,0.0,1.0,0.0
0,0,0,0,0,24.0,1,0,0,0,0.0,0.0,1.0,3.869999885559082,35.51900100708008,1.0,3.0,0.0,0.0,0.0,0.0,0.0,4.0,3.0,2.0,0.0,0.0
0,0,0,0,0,21.0,1,0,0,0,0.0,1.0,0.0,1.1100000143051147,28.893999099731445,1.0,1.0,0.0,0.0,0.0,0.0,0.0,3.0,0.0,1.0,0.0,1.0
0,1,0,0,0,22.0,1,0,0,0,0.0,1.0,0.0,1.1100000143051147,21.891000747680664,1.0,0.0,0.0,0.0,0.0,0.0,0.0,0.0,0.0,1.0,0.0,0.0
0,1,0,0,0,32.0,1,0,0,0,0.0,0.0,1.0,2.4600000381469727,83.48899841308594,0.0,0.0,0.0,0.0,0.0,0.0,0.0,0.0,0.0,0.0,0.0,0.0
0,1,0,0,0,27.0,1,0,0,0,0.0,0.0,1.0,16.270000457763672,91.42900085449219,0.0,0.0,0.0,0.0,0.0,0.0,0.0,0.0,0.0,0.0,0.0,0.0
0,1,0,0,0,29.0,1,0,0,0,0.0,0.0,1.0,16.270000457763672,89.39099884033203,0.0,0.0,0.0,0.0,0.0,0.0,0.0,0.0,0.0,0.0,0.0,0.0
0,1,0,0,0,22.0,2,0,1,0,1.0,0.0,0.0,4.539999961853027,30.507999420166016,1.0,1.0,0.0,0.0,0.0,0.0,1.0,4.0,3.0,3.0,3.0,0.0
0,1,0,0,0,30.0,1,1,0,0,0.0,0.0,1.0,1.6100000143051147,66.35700225830078,0.0,0.0,0.0,0.0,0.0,0.0,0.0,2.0,2.0,1.0,0.0,0.0
0,0,0,0,0,24.0,3,0,1,0,0.0,0.0,1.0,1.190000057220459,99.65599822998047,0.0,0.0,0.0,0.0,0.0,0.0,0.0,0.0,0.0,0.0,0.0,0.0
1,0,0,0,0,30.0,2,0,0,0,0.0,1.0,0.0,3.509999990463257,33.801998138427734,0.0,0.0,0.0,0.0,0.0,0.0,0.0,0.0,0.0,0.0,0.0,0.0
0,1,0,0,0,28.0,1,0,0,0,0.0,0.0,1.0,3.4000000953674316,84.78800201416016,1.0,0.0,0.0,0.0,0.0,0.0,0.0,2.0,1.0,0.0,0.0,0.0
1,1,0,0,0,29.0,0,1,0,0,0.0,0.0,1.0,2.359999895095825,70.26300048828125,2.0,2.0,0.0,1.0,1.0,0.0,0.0,0.0,1.0,1.0,1.0,0.0
0,1,0,1,0,24.0,3,0,1,0,1.0,0.0,0.0,1.9500000476837158,84.13600158691406,0.0,0.0,0.0,0.0,0.0,0.0,0.0,4.0,3.0,3.0,0.0,0.0
0,1,0,1,0,25.0,3,0,1,0,1.0,0.0,0.0,1.9500000476837158,80.98500061035156,0.0,0.0,0.0,0.0,0.0,0.0,0.0,2.0,3.0,0.0,0.0,0.0
1,1,0,0,0,18.0,2,0,0,0,0.0,1.0,0.0,2.299999952316284,61.63399887084961,0.0,0.0,0.0,0.0,0.0,0.0,0.0,2.0,1.0,1.0,0.0,0.0
0,0,0,0,0,21.0,2,0,0,0,0.0,1.0,0.0,2.299999952316284,61.862998962402344,0.0,0.0,0.0,0.0,0.0,0.0,0.0,0.0,0.0,0.0,0.0,0.0
1,0,0,0,0,27.0,1,0,0,0,0.0,1.0,0.0,3.559999942779541,40.23699951171875,0.0,0.0,0.0,0.0,1.0,0.0,1.0,2.0,1.0,1.0,0.0,0.0
1,0,0,0,0,32.0,0,0,1,0,0.0,0.0,1.0,5.949999809265137,2.257999897003174,2.0,2.0,2.0,1.0,1.0,1.0,1.0,2.0,1.0,1.0,1.0,0.0
1,1,0,0,0,33.0,2,0,0,0,0.0,1.0,0.0,3.6700000762939453,43.61899948120117,0.0,1.0,0.0,0.0,1.0,0.0,0.0,2.0,1.0,1.0,0.0,0.0
0,0,0,0,0,30.0,0,0,1,0,0.0,1.0,0.0,3.559999942779541,51.32600021362305,0.0,0.0,0.0,0.0,0.0,0.0,0.0,0.0,1.0,0.0,0.0,0.0
0,1,0,0,0,27.0,0,0,1,0,0.0,0.0,1.0,4.289999961853027,61.840999603271484,0.0,0.0,0.0,0.0,0.0,0.0,0.0,0.0,1.0,0.0,0.0,0.0
1,0,0,0,0,31.0,0,0,0,0,1.0,0.0,0.0,3.9600000381469727,66.66100311279297,1.0,2.0,0.0,1.0,1.0,0.0,0.0,1.0,1.0,0.0,0.0,0.0
0,1,0,0,0,23.0,2,0,1,0,1.0,0.0,0.0,2.259999990463257,82.88600158691406,1.0,0.0,0.0,0.0,0.0,0.0,0.0,0.0,2.0,0.0,0.0,0.0
0,1,0,0,0,23.0,2,1,0,0,0.0,0.0,0.0,1.0800000429153442,21.493000030517578,0.0,0.0,0.0,0.0,1.0,0.0,0.0,0.0,1.0,0.0,0.0,0.0
1,0,0,0,0,25.0,2,1,0,0,0.0,0.0,0.0,1.0800000429153442,0.8920000195503235,1.0,1.0,0.0,1.0,0.0,1.0,0.0,3.0,1.0,1.0,0.0,0.0
1,0,0,0,0,24.0,0,0,0,0,0.0,0.0,1.0,2.609999895095825,40.13600158691406,1.0,1.0,1.0,1.0,1.0,1.0,0.0,2.0,1.0,1.0,0.0,1.0
0,0,0,0,0,20.0,1,0,1,0,0.0,0.0,1.0,1.340000033378601,41.92499923706055,0.0,0.0,0.0,0.0,1.0,0.0,0.0,2.0,1.0,0.0,0.0,0.0
0,1,0,0,0,21.0,1,0,1,0,0.0,0.0,1.0,1.340000033378601,44.606998443603516,0.0,1.0,0.0,0.0,0.0,0.0,0.0,0.0,3.0,3.0,1.0,0.0
1,0,0,0,0,21.0,1,0,0,0,1.0,0.0,0.0,2.0199999809265137,35.380001068115234,0.0,0.0,0.0,0.0,0.0,1.0,0.0,1.0,1.0,0.0,0.0,0.0
0,1,0,0,0,24.0,1,1,0,0,0.0,1.0,0.0,7.519999980926514,46.520999908447266,0.0,0.0,0.0,0.0,0.0,0.0,0.0,0.0,0.0,0.0,0.0,0.0
0,1,0,0,0,26.0,1,1,0,0,0.0,1.0,0.0,7.519999980926514,4.315999984741211,0.0,0.0,0.0,0.0,0.0,0.0,0.0,0.0,0.0,0.0,0.0,0.0
0,1,0,0,0,25.0,1,0,0,0,0.0,0.0,1.0,3.9000000953674316,90.29900360107422,0.0,0.0,0.0,0.0,0.0,0.0,0.0,0.0,0.0,0.0,0.0,0.0
0,1,0,0,0,23.0,1,0,1,0,0.0,1.0,0.0,5.019999980926514,50.2599983215332,0.0,0.0,0.0,0.0,0.0,0.0,0.0,1.0,1.0,1.0,0.0,0.0
0,0,0,0,0,23.0,1,1,0,0,1.0,0.0,0.0,1.5800000429153442,90.81999969482422,0.0,0.0,0.0,0.0,1.0,0.0,0.0,0.0,0.0,0.0,0.0,0.0
0,1,0,0,0,26.0,1,0,0,0,0.0,0.0,1.0,4.21999979019165,25.969999313354492,0.0,0.0,0.0,0.0,0.0,0.0,0.0,2.0,2.0,0.0,0.0,0.0
0,0,0,0,0,29.0,1,0,0,0,0.0,0.0,1.0,3.3299999237060547,74.68800354003906,0.0,0.0,0.0,0.0,0.0,0.0,0.0,0.0,0.0,0.0,0.0,0.0
0,1,0,0,0,31.0,1,0,0,0,1.0,0.0,0.0,2.549999952316284,93.71800231933594,0.0,0.0,0.0,0.0,0.0,0.0,0.0,0.0,0.0,0.0,0.0,0.0
0,0,0,0,0,22.0,2,0,0,0,1.0,0.0,0.0,0.9300000071525574,15.062999725341797,0.0,0.0,0.0,0.0,1.0,0.0,0.0,0.0,0.0,0.0,0.0,0.0
1,0,0,0,0,24.0,1,0,0,0,0.0,0.0,0.0,0.6200000047683716,23.80299949645996,0.0,0.0,0.0,0.0,1.0,1.0,1.0,4.0,0.0,0.0,0.0,0.0
1,1,0,0,0,24.0,1,0,1,0,1.0,0.0,0.0,1.4500000476837158,31.954999923706055,1.0,1.0,1.0,1.0,1.0,1.0,1.0,2.0,2.0,1.0,1.0,1.0
0,0,0,0,0,25.0,0,0,0,0,1.0,0.0,0.0,2.859999895095825,65.74400329589844,0.0,0.0,0.0,0.0,1.0,0.0,0.0,0.0,1.0,0.0,0.0,0.0
1,1,1,0,0,34.0,1,0,0,0,1.0,0.0,0.0,3.140000104904175,36.832000732421875,0.0,0.0,0.0,0.0,0.0,0.0,0.0,0.0,1.0,0.0,0.0,0.0
0,0,1,0,0,25.0,1,0,0,0,0.0,1.0,0.0,2.450000047683716,55.85499954223633,0.0,0.0,0.0,0.0,1.0,0.0,0.0,1.0,2.0,0.0,0.0,0.0
0,1,0,0,0,23.0,1,0,1,0,1.0,0.0,0.0,2.299999952316284,45.88199996948242,0.0,0.0,0.0,0.0,0.0,0.0,0.0,0.0,4.0,0.0,0.0,0.0
1,1,0,0,0,18.0,0,0,0,1,1.0,0.0,0.0,4.610000133514404,30.856000900268555,1.0,1.0,0.0,1.0,1.0,0.0,1.0,3.0,4.0,3.0,0.0,1.0
0,0,1,0,0,19.0,0,1,0,0,1.0,0.0,0.0,1.1100000143051147,12.918999671936035,0.0,0.0,0.0,0.0,0.0,0.0,0.0,0.0,0.0,0.0,0.0,0.0
1,1,0,0,0,27.0,1,0,0,0,1.0,0.0,0.0,2.8299999237060547,55.88600158691406,0.0,0.0,0.0,0.0,1.0,1.0,0.0,2.0,1.0,0.0,0.0,0.0
1,0,0,0,0,27.0,2,0,0,0,0.0,1.0,0.0,3.009999990463257,57.45000076293945,1.0,0.0,0.0,1.0,2.0,2.0,0.0,4.0,2.0,2.0,0.0,1.0
0,1,0,0,0,27.0,1,0,0,0,0.0,0.0,1.0,5.489999771118164,24.59000015258789,0.0,0.0,0.0,0.0,0.0,0.0,0.0,1.0,1.0,0.0,0.0,0.0
0,1,0,0,0,18.0,2,1,0,0,0.0,0.0,0.0,1.75,93.7030029296875,0.0,1.0,0.0,0.0,1.0,0.0,0.0,3.0,1.0,0.0,0.0,0.0
1,1,0,0,0,19.0,2,1,0,0,0.0,0.0,0.0,1.75,43.625,1.0,1.0,0.0,0.0,0.0,1.0,1.0,4.0,2.0,1.0,0.0,0.0
0,1,0,0,0,23.0,0,1,0,0,1.0,0.0,0.0,0.9300000071525574,2.6480000019073486,0.0,0.0,0.0,0.0,1.0,0.0,1.0,2.0,0.0,0.0,0.0,0.0
0,0,0,0,0,24.0,1,0,0,0,0.0,1.0,0.0,4.78000020980835,31.239999771118164,2.0,0.0,0.0,1.0,1.0,0.0,0.0,1.0,1.0,0.0,0.0,0.0
0,1,0,0,0,31.0,0,0,1,0,0.0,0.0,1.0,9.739999771118164,68.552001953125,0.0,0.0,0.0,0.0,1.0,0.0,0.0,1.0,2.0,0.0,0.0,0.0
0,1,0,0,0,20.0,1,0,1,0,0.0,1.0,0.0,5.519999980926514,34.1619987487793,0.0,0.0,0.0,0.0,1.0,0.0,0.0,3.0,3.0,0.0,0.0,0.0
1,0,0,0,0,20.0,2,0,1,0,0.0,1.0,0.0,2.2200000286102295,57.42900085449219,2.0,1.0,0.0,2.0,1.0,1.0,0.0,2.0,2.0,0.0,0.0,0.0
0,1,0,0,0,17.0,1,0,1,0,1.0,0.0,0.0,3.5199999809265137,31.708999633789062,0.0,0.0,0.0,0.0,1.0,0.0,0.0,0.0,2.0,0.0,0.0,0.0
0,1,0,1,0,28.0,1,0,0,0,0.0,0.0,0.0,2.0299999713897705,19.038999557495117,0.0,0.0,0.0,0.0,1.0,0.0,0.0,1.0,2.0,0.0,0.0,0.0
1,0,0,0,0,20.0,2,0,1,0,0.0,1.0,0.0,1.149999976158142,10.958999633789062,2.0,1.0,0.0,0.0,2.0,3.0,1.0,4.0,4.0,4.0,0.0,0.0
0,0,0,0,0,21.0,0,0,1,0,0.0,1.0,0.0,2.4600000381469727,7.474999904632568,0.0,0.0,0.0,0.0,0.0,0.0,0.0,1.0,2.0,0.0,0.0,0.0
0,0,0,0,0,27.0,0,0,1,0,0.0,1.0,0.0,2.4600000381469727,11.319999694824219,1.0,0.0,1.0,1.0,1.0,0.0,0.0,3.0,2.0,1.0,0.0,0.0
0,1,0,1,0,27.0,1,0,0,0,1.0,0.0,0.0,2.2699999809265137,50.606998443603516,0.0,0.0,0.0,0.0,1.0,0.0,0.0,0.0,0.0,0.0,0.0,0.0
0,0,0,0,0,27.0,2,0,0,0,0.0,1.0,0.0,2.140000104904175,94.16899871826172,0.0,0.0,0.0,0.0,0.0,0.0,0.0,0.0,1.0,2.0,0.0,0.0
1,1,0,0,0,28.0,1,1,0,0,0.0,1.0,0.0,0.1899999976158142,75.01499938964844,2.0,2.0,1.0,0.0,0.0,0.0,1.0,0.0,1.0,0.0,0.0,0.0
0,1,0,0,0,30.0,1,1,0,0,0.0,1.0,0.0,0.1899999976158142,96.2750015258789,0.0,0.0,0.0,0.0,1.0,0.0,0.0,0.0,2.0,0.0,0.0,0.0
1,1,0,1,0,27.0,0,1,0,0,0.0,0.0,0.0,0.7400000095367432,7.574999809265137,0.0,0.0,0.0,0.0,1.0,0.0,0.0,1.0,1.0,0.0,0.0,0.0
1,1,0,0,0,24.0,0,0,0,0,1.0,0.0,0.0,5.010000228881836,17.514999389648438,0.0,1.0,1.0,0.0,1.0,0.0,0.0,3.0,2.0,2.0,0.0,1.0
0,1,0,0,0,25.0,2,1,0,0,0.0,1.0,0.0,1.590000033378601,83.85399627685547,0.0,0.0,0.0,0.0,1.0,0.0,0.0,0.0,1.0,0.0,0.0,0.0
0,1,0,0,0,26.0,2,1,0,0,0.0,1.0,0.0,1.590000033378601,83.69100189208984,0.0,0.0,0.0,0.0,0.0,0.0,0.0,0.0,1.0,0.0,0.0,0.0
0,1,0,0,0,24.0,2,0,0,0,1.0,0.0,0.0,1.8200000524520874,13.562999725341797,0.0,0.0,0.0,0.0,2.0,0.0,0.0,0.0,1.0,0.0,0.0,0.0
1,0,0,0,0,36.0,1,0,0,0,1.0,0.0,0.0,2.259999990463257,66.50800323486328,1.0,1.0,0.0,0.0,1.0,1.0,0.0,1.0,2.0,1.0,0.0,0.0
0,1,0,0,0,28.0,1,0,0,0,0.0,0.0,1.0,5.03000020980835,72.93900299072266,0.0,0.0,0.0,0.0,0.0,0.0,0.0,0.0,0.0,0.0,0.0,0.0
0,0,0,0,0,24.0,1,0,0,0,1.0,0.0,0.0,3.1700000762939453,50.72700119018555,0.0,0.0,0.0,0.0,0.0,0.0,0.0,0.0,0.0,0.0,0.0,0.0
0,0,0,0,0,31.0,1,0,0,0,0.0,0.0,1.0,4.400000095367432,55.90700149536133,0.0,0.0,0.0,0.0,1.0,1.0,1.0,2.0,2.0,1.0,0.0,0.0
0,0,0,0,0,33.0,1,0,0,0,0.0,0.0,1.0,4.400000095367432,38.95899963378906,0.0,0.0,0.0,0.0,0.0,0.0,0.0,2.0,0.0,0.0,0.0,0.0
0,1,0,0,0,33.0,1,0,0,0,1.0,0.0,0.0,7.539999961853027,49.10100173950195,0.0,1.0,0.0,0.0,1.0,0.0,0.0,1.0,2.0,0.0,0.0,0.0
1,1,0,0,0,31.0,1,1,0,0,0.0,0.0,1.0,4.03000020980835,92.3010025024414,1.0,1.0,0.0,1.0,1.0,0.0,1.0,3.0,3.0,0.0,0.0,0.0
0,0,0,0,0,25.0,1,0,0,0,0.0,1.0,0.0,3.4600000381469727,74.05000305175781,2.0,2.0,1.0,0.0,0.0,0.0,0.0,0.0,3.0,0.0,0.0,0.0
0,0,0,0,0,25.0,2,0,0,0,0.0,0.0,1.0,3.740000009536743,89.32099914550781,0.0,0.0,0.0,0.0,1.0,0.0,0.0,1.0,2.0,1.0,0.0,0.0
0,1,0,0,0,27.0,2,0,0,0,0.0,0.0,1.0,3.740000009536743,74.1760025024414,0.0,0.0,0.0,0.0,0.0,0.0,0.0,0.0,3.0,0.0,0.0,0.0
1,1,0,0,0,34.0,0,0,1,0,0.0,0.0,1.0,4.039999961853027,63.13399887084961,2.0,2.0,1.0,0.0,1.0,0.0,2.0,0.0,2.0,2.0,2.0,1.0
0,0,0,1,0,36.0,4,0,1,0,0.0,1.0,0.0,0.5099999904632568,2.4860000610351562,0.0,0.0,0.0,0.0,0.0,0.0,0.0,2.0,1.0,1.0,0.0,0.0
1,0,1,0,0,24.0,2,1,0,0,0.0,0.0,0.0,0.4399999976158142,13.75,1.0,1.0,0.0,0.0,2.0,2.0,0.0,4.0,3.0,2.0,1.0,1.0
0,0,0,1,0,27.0,0,0,0,0,0.0,1.0,0.0,1.4299999475479126,25.136999130249023,0.0,0.0,0.0,0.0,0.0,0.0,0.0,2.0,2.0,0.0,0.0,1.0
0,1,1,0,0,26.0,0,0,1,0,0.0,0.0,1.0,5.550000190734863,81.53399658203125,0.0,0.0,0.0,0.0,0.0,0.0,0.0,0.0,0.0,0.0,0.0,0.0
0,1,0,0,0,23.0,2,0,0,0,0.0,1.0,0.0,1.149999976158142,11.559000015258789,0.0,0.0,0.0,0.0,0.0,0.0,0.0,0.0,1.0,0.0,0.0,0.0
0,1,0,0,0,24.0,2,0,0,0,0.0,1.0,0.0,1.149999976158142,8.050999641418457,1.0,0.0,0.0,0.0,0.0,0.0,1.0,1.0,2.0,0.0,1.0,0.0
1,0,0,0,0,31.0,1,0,0,0,0.0,1.0,0.0,3.2699999809265137,11.114999771118164,0.0,0.0,0.0,0.0,1.0,0.0,0.0,1.0,1.0,1.0,1.0,0.0
0,1,0,0,0,36.0,0,0,0,0,0.0,1.0,0.0,3.0399999618530273,87.28500366210938,0.0,0.0,0.0,0.0,0.0,0.0,0.0,0.0,0.0,0.0,0.0,0.0
0,1,0,0,0,35.0,0,0,0,0,1.0,0.0,0.0,7.400000095367432,91.28500366210938,2.0,3.0,1.0,0.0,0.0,0.0,0.0,4.0,3.0,1.0,0.0,1.0
0,1,0,0,0,26.0,0,0,1,0,0.0,0.0,1.0,16.270000457763672,79.63099670410156,1.0,1.0,0.0,0.0,0.0,0.0,0.0,3.0,3.0,2.0,2.0,0.0
0,1,0,0,0,24.0,3,0,0,0,0.0,1.0,0.0,3.2799999713897705,92.13700103759766,1.0,0.0,0.0,0.0,2.0,0.0,0.0,1.0,2.0,0.0,0.0,0.0
0,1,0,0,0,32.0,0,0,0,0,0.0,1.0,0.0,16.270000457763672,69.11599731445312,0.0,0.0,0.0,0.0,1.0,0.0,0.0,2.0,1.0,1.0,0.0,0.0
0,1,0,0,0,31.0,0,0,0,0,0.0,0.0,1.0,16.270000457763672,81.81199645996094,0.0,0.0,0.0,0.0,1.0,1.0,0.0,0.0,0.0,0.0,0.0,0.0
0,0,0,0,0,26.0,1,0,0,0,0.0,0.0,1.0,4.53000020980835,50.37900161743164,0.0,0.0,0.0,0.0,0.0,0.0,0.0,1.0,2.0,1.0,0.0,0.0
0,0,0,0,0,27.0,1,0,0,0,0.0,0.0,1.0,4.53000020980835,44.459999084472656,0.0,0.0,0.0,0.0,0.0,0.0,0.0,1.0,2.0,0.0,0.0,0.0
0,1,0,0,0,30.0,1,0,0,0,0.0,0.0,1.0,4.429999828338623,89.77999877929688,0.0,0.0,0.0,0.0,0.0,0.0,0.0,0.0,0.0,0.0,0.0,0.0
1,1,0,0,0,30.0,1,0,0,0,0.0,0.0,1.0,3.869999885559082,42.48500061035156,0.0,0.0,0.0,0.0,0.0,0.0,1.0,1.0,1.0,1.0,0.0,1.0
1,0,0,0,0,32.0,1,0,0,0,0.0,0.0,1.0,3.869999885559082,14.371999740600586,0.0,0.0,0.0,0.0,2.0,2.0,0.0,3.0,1.0,0.0,0.0,0.0
1,0,0,0,0,18.0,2,1,0,0,1.0,0.0,0.0,0.2199999988079071,35.12799835205078,1.0,1.0,0.0,0.0,2.0,1.0,0.0,2.0,2.0,1.0,0.0,0.0
0,1,0,0,1,20.0,2,1,0,0,0.0,1.0,0.0,3.0299999713897705,71.50499725341797,0.0,0.0,0.0,0.0,0.0,0.0,0.0,0.0,0.0,0.0,0.0,0.0
0,0,0,0,0,25.0,1,0,0,0,0.0,0.0,1.0,3.799999952316284,98.66500091552734,0.0,0.0,0.0,0.0,1.0,0.0,0.0,0.0,2.0,0.0,0.0,0.0
1,0,0,0,0,22.0,0,1,0,0,0.0,0.0,0.0,2.259999990463257,9.031000137329102,1.0,0.0,0.0,0.0,1.0,2.0,1.0,2.0,1.0,1.0,1.0,1.0
0,1,0,0,0,22.0,0,1,0,0,1.0,0.0,0.0,2.5799999237060547,42.191001892089844,0.0,0.0,0.0,0.0,0.0,0.0,0.0,3.0,3.0,0.0,0.0,0.0
1,1,0,0,0,18.0,2,0,0,0,0.0,0.0,0.0,1.7300000190734863,0.5009999871253967,0.0,0.0,0.0,0.0,0.0,0.0,0.0,4.0,0.0,0.0,0.0,0.0
1,0,0,0,0,20.0,2,0,0,0,0.0,0.0,0.0,1.7300000190734863,67.88999938964844,4.0,3.0,2.0,2.0,1.0,1.0,4.0,4.0,4.0,2.0,0.0,1.0
0,0,0,0,0,29.0,2,0,0,0,0.0,1.0,0.0,2.5,2.115000009536743,0.0,0.0,0.0,0.0,0.0,0.0,0.0,0.0,0.0,0.0,0.0,0.0
0,1,0,0,0,29.0,1,0,0,0,0.0,0.0,1.0,6.409999847412109,59.77000045776367,0.0,0.0,0.0,0.0,0.0,0.0,0.0,0.0,1.0,0.0,0.0,0.0
0,1,0,0,0,28.0,1,0,0,0,1.0,0.0,0.0,0.0,88.53500366210938,0.0,0.0,0.0,0.0,0.0,0.0,0.0,0.0,0.0,0.0,0.0,0.0
0,0,0,0,0,29.0,1,0,0,0,0.0,0.0,1.0,7.980000019073486,93.33899688720703,0.0,0.0,0.0,0.0,0.0,0.0,0.0,0.0,1.0,0.0,0.0,0.0
1,1,0,0,0,35.0,2,0,0,0,0.0,0.0,1.0,3.809999942779541,20.760000228881836,1.0,0.0,0.0,1.0,1.0,0.0,0.0,2.0,3.0,3.0,0.0,0.0
0,0,0,0,0,36.0,2,0,0,0,0.0,0.0,1.0,6.320000171661377,88.89199829101562,0.0,0.0,0.0,0.0,1.0,0.0,0.0,0.0,1.0,0.0,0.0,0.0
0,0,0,0,0,36.0,2,0,0,0,0.0,0.0,1.0,6.320000171661377,86.86199951171875,0.0,0.0,0.0,0.0,1.0,1.0,0.0,0.0,2.0,0.0,0.0,0.0
1,0,0,0,0,25.0,1,0,1,0,0.0,0.0,1.0,4.610000133514404,54.167999267578125,3.0,0.0,0.0,0.0,0.0,1.0,1.0,1.0,4.0,2.0,0.0,0.0
0,1,0,0,0,28.0,2,0,0,0,1.0,0.0,0.0,5.260000228881836,59.54199981689453,0.0,0.0,0.0,0.0,1.0,0.0,0.0,0.0,1.0,0.0,0.0,0.0
0,0,0,0,0,28.0,2,0,0,0,1.0,0.0,0.0,5.260000228881836,40.119998931884766,0.0,0.0,0.0,0.0,1.0,0.0,0.0,0.0,0.0,0.0,0.0,0.0
1,0,0,0,0,35.0,1,0,0,0,0.0,0.0,1.0,3.8499999046325684,42.321998596191406,1.0,0.0,1.0,1.0,1.0,1.0,0.0,2.0,1.0,1.0,0.0,0.0
0,0,0,0,0,37.0,0,0,1,0,0.0,0.0,1.0,0.28999999165534973,75.68900299072266,2.0,2.0,0.0,0.0,0.0,1.0,0.0,0.0,2.0,1.0,0.0,0.0
0,0,0,0,0,30.0,1,0,0,0,0.0,0.0,1.0,3.0199999809265137,92.12899780273438,0.0,0.0,0.0,0.0,0.0,0.0,0.0,1.0,2.0,0.0,0.0,0.0
0,1,0,0,0,26.0,1,0,0,0,0.0,1.0,0.0,3.7799999713897705,82.73100280761719,0.0,0.0,0.0,0.0,1.0,0.0,0.0,0.0,0.0,0.0,0.0,0.0
0,0,0,0,0,28.0,1,0,0,0,0.0,1.0,0.0,3.7799999713897705,88.11100006103516,0.0,0.0,0.0,0.0,0.0,0.0,0.0,0.0,0.0,0.0,0.0,0.0
0,0,0,0,0,30.0,1,0,0,0,0.0,0.0,1.0,6.579999923706055,95.69499969482422,0.0,0.0,0.0,0.0,0.0,0.0,0.0,0.0,0.0,0.0,0.0,0.0
1,0,0,0,0,23.0,1,0,0,0,0.0,0.0,1.0,4.449999809265137,8.395999908447266,1.0,0.0,0.0,1.0,0.0,1.0,1.0,3.0,3.0,2.0,0.0,0.0
0,1,0,0,0,31.0,3,0,0,0,0.0,0.0,1.0,3.819999933242798,93.375,0.0,0.0,0.0,0.0,1.0,0.0,0.0,0.0,1.0,0.0,0.0,0.0
0,0,0,0,0,24.0,1,0,0,0,0.0,0.0,1.0,5.090000152587891,82.5979995727539,0.0,1.0,0.0,0.0,0.0,0.0,0.0,2.0,2.0,1.0,0.0,0.0
0,1,0,0,1,25.0,2,0,0,0,1.0,0.0,0.0,4.010000228881836,81.16500091552734,0.0,0.0,0.0,0.0,1.0,0.0,0.0,2.0,1.0,1.0,0.0,0.0
1,0,0,0,0,28.0,2,0,0,0,1.0,0.0,0.0,4.010000228881836,62.88800048828125,0.0,0.0,0.0,0.0,0.0,0.0,0.0,0.0,3.0,0.0,0.0,1.0
0,1,0,0,0,18.0,1,0,1,0,1.0,0.0,0.0,6.480000019073486,50.06100082397461,0.0,0.0,0.0,0.0,0.0,0.0,0.0,0.0,0.0,0.0,0.0,0.0
0,0,0,0,0,19.0,1,0,1,0,1.0,0.0,0.0,6.480000019073486,39.125,1.0,0.0,0.0,0.0,1.0,1.0,0.0,0.0,1.0,0.0,0.0,1.0
0,0,0,0,0,37.0,0,0,0,0,0.0,0.0,1.0,9.979999542236328,72.41699981689453,0.0,0.0,0.0,0.0,0.0,0.0,0.0,0.0,0.0,0.0,0.0,0.0
1,1,0,0,0,20.0,1,1,0,0,0.0,1.0,0.0,1.6799999475479126,24.834999084472656,0.0,0.0,0.0,0.0,1.0,0.0,0.0,2.0,0.0,0.0,0.0,0.0
0,1,1,0,0,27.0,0,1,0,0,1.0,0.0,0.0,0.7200000286102295,84.36699676513672,0.0,0.0,0.0,0.0,0.0,0.0,0.0,0.0,1.0,1.0,0.0,0.0
0,0,1,0,0,30.0,1,1,0,0,0.0,0.0,0.0,1.9800000190734863,13.310999870300293,0.0,1.0,1.0,1.0,1.0,0.0,1.0,2.0,2.0,1.0,0.0,1.0
0,0,1,0,0,25.0,1,1,0,0,1.0,0.0,0.0,1.2599999904632568,27.301000595092773,1.0,0.0,0.0,0.0,0.0,0.0,0.0,0.0,0.0,0.0,0.0,0.0
1,0,1,0,0,22.0,1,1,0,0,0.0,1.0,0.0,1.559999942779541,62.67100143432617,1.0,0.0,0.0,2.0,3.0,3.0,1.0,1.0,2.0,2.0,0.0,1.0
0,1,0,0,0,19.0,1,0,0,0,0.0,0.0,0.0,1.8899999856948853,35.358001708984375,0.0,0.0,0.0,0.0,0.0,0.0,0.0,2.0,2.0,0.0,0.0,0.0
0,1,1,0,0,23.0,2,1,0,0,0.0,0.0,1.0,2.059999942779541,41.86199951171875,0.0,0.0,0.0,0.0,0.0,0.0,0.0,0.0,2.0,0.0,0.0,0.0
1,0,1,0,0,18.0,2,0,1,0,1.0,0.0,0.0,2.4600000381469727,12.616000175476074,1.0,1.0,1.0,0.0,1.0,3.0,1.0,2.0,0.0,1.0,0.0,1.0
1,0,0,0,0,20.0,1,1,0,0,0.0,1.0,0.0,1.25,78.58399963378906,1.0,0.0,0.0,0.0,2.0,0.0,0.0,0.0,0.0,0.0,0.0,0.0
0,0,0,0,0,27.0,3,0,0,0,0.0,0.0,0.0,3.0,57.24399948120117,0.0,0.0,0.0,0.0,1.0,1.0,0.0,0.0,0.0,0.0,0.0,0.0
1,1,0,0,0,21.0,0,1,0,0,0.0,0.0,0.0,1.940000057220459,26.426000595092773,1.0,2.0,0.0,0.0,0.0,0.0,0.0,1.0,1.0,1.0,0.0,0.0
0,1,0,0,0,18.0,1,0,1,0,0.0,1.0,0.0,1.8200000524520874,41.4900016784668,0.0,0.0,0.0,0.0,0.0,0.0,0.0,4.0,2.0,2.0,1.0,0.0
0,1,0,0,0,24.0,1,0,0,0,0.0,0.0,1.0,3.380000114440918,92.94499969482422,1.0,0.0,0.0,0.0,0.0,0.0,0.0,0.0,0.0,0.0,0.0,0.0
1,0,0,0,0,20.0,3,0,1,0,0.0,1.0,0.0,1.7100000381469727,13.008000373840332,2.0,0.0,1.0,0.0,1.0,0.0,0.0,4.0,3.0,1.0,0.0,0.0
1,0,0,0,0,27.0,1,1,0,0,0.0,1.0,0.0,2.6700000762939453,85.21199798583984,1.0,2.0,0.0,0.0,1.0,3.0,0.0,4.0,4.0,3.0,1.0,0.0
1,1,1,0,0,25.0,1,1,0,0,0.0,1.0,0.0,1.190000057220459,0.8399999737739563,2.0,2.0,0.0,1.0,1.0,1.0,0.0,2.0,1.0,1.0,0.0,0.0
1,1,0,0,0,34.0,1,1,0,0,1.0,0.0,0.0,0.0,21.479000091552734,2.0,0.0,0.0,0.0,1.0,0.0,1.0,2.0,0.0,0.0,0.0,1.0
0,1,0,0,0,20.0,1,0,0,0,0.0,1.0,0.0,3.799999952316284,61.108001708984375,0.0,0.0,0.0,0.0,0.0,0.0,0.0,0.0,0.0,0.0,0.0,0.0
0,0,0,0,0,18.0,1,0,0,0,1.0,0.0,0.0,2.7100000381469727,67.57599639892578,0.0,0.0,0.0,0.0,0.0,0.0,0.0,1.0,1.0,0.0,0.0,0.0
0,1,0,0,0,34.0,0,1,0,0,1.0,0.0,0.0,1.5700000524520874,58.84199905395508,0.0,0.0,0.0,0.0,0.0,0.0,0.0,1.0,1.0,0.0,0.0,0.0
0,0,1,0,0,35.0,0,0,0,0,0.0,0.0,0.0,1.8700000047683716,10.864999771118164,1.0,0.0,0.0,0.0,0.0,0.0,0.0,1.0,1.0,0.0,0.0,0.0
0,0,1,0,0,20.0,1,1,0,0,1.0,0.0,0.0,2.25,41.891998291015625,0.0,0.0,0.0,0.0,0.0,0.0,0.0,0.0,1.0,0.0,0.0,0.0
1,0,1,0,0,22.0,1,1,0,0,1.0,0.0,0.0,2.25,42.15599822998047,0.0,0.0,0.0,0.0,0.0,0.0,0.0,0.0,0.0,0.0,0.0,0.0
0,0,0,0,0,29.0,1,1,0,0,0.0,0.0,1.0,2.369999885559082,72.54199981689453,0.0,0.0,0.0,0.0,0.0,0.0,0.0,0.0,0.0,0.0,0.0,0.0
0,1,0,0,0,25.0,1,0,0,0,0.0,1.0,0.0,6.639999866485596,71.29900360107422,0.0,0.0,0.0,0.0,0.0,0.0,0.0,1.0,1.0,0.0,0.0,0.0
0,0,0,0,0,31.0,2,0,0,0,0.0,1.0,0.0,3.0199999809265137,47.071998596191406,0.0,0.0,0.0,0.0,0.0,0.0,0.0,2.0,1.0,0.0,0.0,0.0
0,1,0,0,0,25.0,0,1,0,0,0.0,1.0,0.0,3.259999990463257,32.48699951171875,2.0,0.0,0.0,0.0,0.0,0.0,0.0,3.0,3.0,2.0,0.0,0.0
0,1,0,0,0,27.0,1,0,0,0,0.0,0.0,1.0,3.7200000286102295,42.85900115966797,2.0,2.0,0.0,0.0,0.0,0.0,0.0,3.0,2.0,2.0,1.0,0.0
1,0,0,0,0,28.0,1,0,0,0,0.0,0.0,1.0,3.7200000286102295,62.4010009765625,4.0,4.0,2.0,3.0,2.0,3.0,1.0,4.0,3.0,3.0,0.0,0.0
0,0,0,0,0,39.0,2,0,0,0,0.0,0.0,1.0,1.690000057220459,81.86799621582031,0.0,0.0,0.0,0.0,1.0,0.0,0.0,0.0,0.0,0.0,0.0,0.0
0,0,0,0,0,21.0,1,0,0,0,0.0,1.0,0.0,4.090000152587891,98.5530014038086,0.0,2.0,0.0,0.0,0.0,0.0,0.0,0.0,0.0,0.0,0.0,0.0
0,0,0,0,0,25.0,1,1,0,0,0.0,0.0,1.0,2.5299999713897705,67.1760025024414,0.0,0.0,0.0,0.0,0.0,1.0,0.0,2.0,1.0,0.0,0.0,0.0
0,1,0,0,0,29.0,1,0,0,0,0.0,0.0,1.0,4.880000114440918,94.85900115966797,0.0,0.0,0.0,0.0,0.0,0.0,0.0,1.0,1.0,0.0,0.0,0.0
0,0,0,0,0,25.0,1,1,0,0,1.0,0.0,0.0,2.609999895095825,18.541000366210938,0.0,0.0,0.0,0.0,0.0,0.0,0.0,1.0,0.0,0.0,0.0,0.0
1,0,0,0,0,27.0,1,1,0,0,1.0,0.0,0.0,2.609999895095825,7.808000087738037,0.0,0.0,0.0,0.0,0.0,0.0,0.0,1.0,0.0,0.0,0.0,1.0
0,0,0,0,0,31.0,0,0,0,0,0.0,1.0,0.0,4.760000228881836,49.33300018310547,0.0,0.0,0.0,0.0,0.0,0.0,0.0,3.0,2.0,0.0,0.0,0.0
0,0,0,0,0,20.0,1,1,0,0,1.0,0.0,0.0,3.9600000381469727,26.898000717163086,0.0,1.0,1.0,0.0,0.0,0.0,0.0,0.0,0.0,0.0,0.0,0.0
1,0,0,0,0,22.0,1,1,0,0,1.0,0.0,0.0,3.9600000381469727,9.95199966430664,1.0,0.0,0.0,0.0,0.0,0.0,1.0,4.0,1.0,2.0,1.0,1.0
1,0,0,0,0,27.0,0,1,0,0,0.0,0.0,1.0,3.440000057220459,74.79499816894531,0.0,0.0,0.0,0.0,1.0,1.0,0.0,1.0,1.0,1.0,0.0,0.0
0,1,1,0,0,24.0,2,0,0,0,0.0,0.0,1.0,2.5399999618530273,30.093000411987305,0.0,0.0,0.0,0.0,0.0,0.0,0.0,0.0,0.0,0.0,0.0,0.0
0,1,0,1,0,33.0,3,0,0,0,0.0,0.0,1.0,2.140000104904175,80.03099822998047,0.0,0.0,0.0,0.0,0.0,0.0,0.0,0.0,0.0,0.0,0.0,0.0
0,1,0,0,0,35.0,3,0,0,0,0.0,0.0,1.0,2.140000104904175,98.48600006103516,0.0,0.0,0.0,0.0,0.0,0.0,0.0,0.0,0.0,0.0,0.0,0.0
0,1,0,1,0,26.0,2,0,0,0,0.0,0.0,0.0,3.6700000762939453,54.678001403808594,0.0,0.0,0.0,0.0,0.0,0.0,0.0,2.0,2.0,1.0,0.0,0.0
0,0,0,1,0,27.0,2,0,0,0,0.0,0.0,0.0,3.6700000762939453,65.80799865722656,0.0,0.0,0.0,1.0,0.0,0.0,0.0,0.0,1.0,0.0,0.0,0.0
0,1,1,0,0,26.0,1,0,1,0,1.0,0.0,0.0,2.5,60.37200164794922,0.0,0.0,0.0,0.0,0.0,0.0,0.0,0.0,0.0,0.0,0.0,0.0
1,0,1,0,0,36.0,0,0,0,0,0.0,0.0,1.0,5.940000057220459,69.50599670410156,0.0,0.0,0.0,1.0,0.0,1.0,0.0,2.0,3.0,3.0,0.0,0.0
0,1,1,0,0,28.0,0,1,0,0,1.0,0.0,0.0,6.340000152587891,51.321998596191406,1.0,3.0,0.0,0.0,1.0,0.0,0.0,0.0,2.0,1.0,0.0,0.0
0,0,1,0,0,34.0,0,0,0,0,0.0,1.0,0.0,7.920000076293945,91.66100311279297,0.0,0.0,0.0,0.0,0.0,0.0,0.0,0.0,0.0,0.0,0.0,0.0
0,1,0,0,0,23.0,1,1,0,0,0.0,0.0,1.0,3.0899999141693115,79.56800079345703,0.0,1.0,0.0,0.0,0.0,0.0,1.0,0.0,2.0,0.0,0.0,0.0
0,0,1,0,0,24.0,3,1,0,0,0.0,1.0,0.0,1.0399999618530273,65.13500213623047,0.0,1.0,0.0,0.0,0.0,0.0,0.0,0.0,0.0,0.0,0.0,0.0
0,1,1,0,0,28.0,0,1,0,0,1.0,0.0,0.0,0.0,14.45199966430664,0.0,0.0,0.0,0.0,0.0,0.0,0.0,0.0,1.0,1.0,0.0,0.0
1,0,1,0,0,16.0,0,1,0,0,0.0,1.0,0.0,2.869999885559082,26.135000228881836,0.0,0.0,0.0,0.0,1.0,0.0,0.0,3.0,2.0,1.0,0.0,0.0
1,1,1,0,0,21.0,1,1,0,0,0.0,1.0,0.0,2.7699999809265137,65.50700378417969,0.0,0.0,1.0,0.0,1.0,0.0,0.0,3.0,2.0,2.0,0.0,0.0
1,1,0,0,0,22.0,0,0,1,0,1.0,0.0,0.0,2.359999895095825,4.377999782562256,2.0,1.0,0.0,0.0,1.0,0.0,1.0,3.0,2.0,0.0,0.0,0.0
0,1,1,0,0,30.0,1,0,0,0,0.0,0.0,1.0,6.46999979019165,76.822998046875,0.0,0.0,0.0,0.0,0.0,0.0,0.0,0.0,1.0,0.0,0.0,0.0
1,0,1,0,0,31.0,1,0,0,0,0.0,0.0,1.0,6.46999979019165,84.5260009765625,0.0,0.0,0.0,0.0,1.0,1.0,0.0,1.0,2.0,0.0,0.0,1.0
1,1,1,0,0,34.0,1,0,0,0,0.0,0.0,1.0,4.71999979019165,76.44200134277344,0.0,0.0,0.0,0.0,0.0,0.0,0.0,0.0,0.0,0.0,0.0,0.0
0,0,0,1,0,25.0,1,0,0,0,1.0,0.0,0.0,3.4600000381469727,12.798999786376953,1.0,0.0,0.0,0.0,1.0,0.0,0.0,1.0,0.0,2.0,0.0,0.0
1,1,0,0,0,36.0,0,0,0,0,0.0,1.0,0.0,6.889999866485596,53.19900131225586,0.0,0.0,0.0,1.0,0.0,0.0,1.0,0.0,1.0,0.0,0.0,0.0
0,0,0,0,0,29.0,0,1,0,0,0.0,0.0,1.0,6.409999847412109,71.75900268554688,0.0,0.0,0.0,0.0,1.0,0.0,0.0,2.0,1.0,0.0,0.0,0.0
1,1,0,0,0,27.0,3,1,0,0,0.0,0.0,1.0,1.059999942779541,36.584999084472656,1.0,1.0,1.0,1.0,1.0,0.0,1.0,2.0,1.0,1.0,1.0,1.0
1,0,0,0,0,29.0,3,1,0,0,0.0,0.0,1.0,1.059999942779541,18.691999435424805,4.0,4.0,4.0,4.0,0.0,1.0,2.0,3.0,3.0,3.0,3.0,1.0
0,1,0,0,0,26.0,2,0,0,0,0.0,0.0,1.0,4.099999904632568,62.803001403808594,0.0,0.0,0.0,0.0,0.0,0.0,0.0,1.0,1.0,0.0,0.0,0.0
0,1,0,0,0,25.0,2,0,0,0,0.0,0.0,1.0,5.099999904632568,81.16799926757812,0.0,1.0,0.0,0.0,0.0,0.0,0.0,3.0,0.0,0.0,0.0,0.0
1,0,0,0,0,27.0,2,0,0,0,0.0,0.0,1.0,5.099999904632568,54.39699935913086,3.0,3.0,1.0,2.0,2.0,2.0,1.0,4.0,4.0,4.0,2.0,1.0
0,1,0,0,0,33.0,0,1,0,0,1.0,0.0,0.0,2.049999952316284,82.06700134277344,0.0,0.0,0.0,0.0,0.0,0.0,0.0,4.0,3.0,2.0,1.0,0.0
1,0,0,1,0,24.0,2,0,0,0,1.0,0.0,0.0,2.759999990463257,22.798999786376953,0.0,0.0,0.0,0.0,0.0,0.0,0.0,0.0,0.0,0.0,0.0,0.0
0,0,1,0,0,22.0,0,0,0,0,0.0,1.0,0.0,1.3899999856948853,31.974000930786133,0.0,1.0,0.0,0.0,0.0,0.0,1.0,2.0,1.0,1.0,0.0,0.0
1,1,1,0,0,23.0,1,0,0,0,0.0,1.0,0.0,2.259999990463257,76.7509994506836,0.0,0.0,0.0,0.0,0.0,0.0,0.0,1.0,1.0,1.0,0.0,0.0
0,0,1,0,0,23.0,1,1,0,0,0.0,1.0,0.0,2.380000114440918,95.93199920654297,1.0,0.0,0.0,0.0,2.0,0.0,0.0,0.0,0.0,0.0,0.0,0.0
0,0,1,0,0,23.0,1,0,1,0,0.0,1.0,0.0,2.640000104904175,49.779998779296875,1.0,3.0,2.0,1.0,0.0,0.0,0.0,0.0,1.0,0.0,0.0,0.0
0,1,1,0,0,19.0,1,1,0,0,0.0,1.0,0.0,2.25,80.2490005493164,0.0,1.0,0.0,0.0,1.0,0.0,0.0,0.0,0.0,0.0,0.0,0.0
1,1,1,0,0,21.0,1,1,0,0,0.0,1.0,0.0,2.25,82.62899780273438,2.0,0.0,0.0,0.0,0.0,0.0,0.0,0.0,0.0,0.0,0.0,0.0
0,0,1,0,0,29.0,2,0,0,0,0.0,1.0,0.0,6.769999980926514,64.19000244140625,0.0,0.0,0.0,0.0,1.0,0.0,0.0,0.0,2.0,1.0,0.0,0.0
0,1,1,0,0,33.0,1,1,0,0,0.0,1.0,0.0,4.449999809265137,80.28900146484375,0.0,2.0,2.0,0.0,0.0,0.0,0.0,2.0,0.0,0.0,0.0,1.0
0,1,1,0,0,21.0,0,0,1,0,0.0,1.0,0.0,6.78000020980835,73.12200164794922,0.0,0.0,0.0,0.0,0.0,0.0,0.0,0.0,0.0,0.0,0.0,0.0
0,0,0,0,0,36.0,1,0,0,0,0.0,0.0,1.0,16.270000457763672,75.91000366210938,2.0,0.0,0.0,0.0,0.0,0.0,0.0,0.0,4.0,2.0,0.0,0.0
0,1,1,0,0,21.0,1,1,0,0,0.0,1.0,0.0,2.609999895095825,52.44200134277344,0.0,0.0,0.0,0.0,1.0,0.0,1.0,0.0,0.0,0.0,0.0,0.0
1,0,0,0,0,31.0,1,0,0,0,0.0,1.0,0.0,4.53000020980835,49.82400131225586,1.0,0.0,0.0,1.0,0.0,0.0,0.0,1.0,1.0,1.0,1.0,0.0
0,0,0,0,0,34.0,1,0,0,0,0.0,1.0,0.0,4.53000020980835,85.93099975585938,0.0,0.0,0.0,0.0,0.0,0.0,0.0,0.0,3.0,0.0,0.0,0.0
0,1,0,1,0,22.0,0,0,1,0,0.0,1.0,0.0,4.78000020980835,86.35299682617188,0.0,0.0,0.0,0.0,1.0,0.0,0.0,0.0,0.0,0.0,0.0,0.0
1,0,0,1,0,29.0,0,0,0,0,0.0,0.0,1.0,5.150000095367432,68.89299774169922,1.0,2.0,1.0,1.0,1.0,0.0,0.0,2.0,1.0,1.0,0.0,0.0
0,0,1,0,0,34.0,0,0,0,0,0.0,0.0,1.0,7.28000020980835,57.986000061035156,0.0,0.0,0.0,0.0,1.0,0.0,0.0,0.0,0.0,0.0,0.0,0.0
1,0,0,0,0,27.0,2,0,0,0,0.0,1.0,0.0,3.4200000762939453,76.26200103759766,1.0,1.0,0.0,0.0,0.0,0.0,0.0,2.0,2.0,0.0,0.0,0.0
0,0,1,0,0,22.0,0,0,0,1,1.0,0.0,0.0,1.190000057220459,10.888999938964844,1.0,0.0,0.0,0.0,0.0,0.0,0.0,2.0,0.0,1.0,1.0,0.0
1,0,0,0,0,28.0,1,0,0,0,0.0,1.0,0.0,4.909999847412109,61.612998962402344,1.0,0.0,0.0,0.0,0.0,0.0,0.0,0.0,2.0,0.0,0.0,0.0
0,1,0,0,0,28.0,1,0,0,0,1.0,0.0,0.0,2.509999990463257,43.37200164794922,0.0,0.0,0.0,0.0,1.0,0.0,0.0,2.0,1.0,1.0,1.0,0.0
0,0,0,0,0,30.0,2,0,0,0,0.0,0.0,1.0,4.590000152587891,11.416999816894531,0.0,0.0,0.0,0.0,0.0,0.0,0.0,0.0,2.0,1.0,0.0,0.0
0,1,0,1,0,22.0,0,0,1,0,0.0,0.0,1.0,1.3300000429153442,51.797000885009766,0.0,0.0,0.0,0.0,0.0,0.0,0.0,0.0,0.0,0.0,0.0,0.0
1,0,0,1,0,29.0,3,1,0,0,0.0,1.0,0.0,0.6399999856948853,30.57900047302246,0.0,0.0,1.0,1.0,2.0,1.0,0.0,0.0,1.0,0.0,0.0,1.0
0,1,0,1,0,31.0,3,1,0,0,0.0,1.0,0.0,0.6399999856948853,0.4050000011920929,0.0,1.0,0.0,0.0,0.0,1.0,1.0,1.0,2.0,0.0,0.0,0.0
0,1,0,1,0,29.0,0,0,0,0,0.0,1.0,0.0,0.0,59.770999908447266,0.0,0.0,0.0,0.0,0.0,0.0,0.0,0.0,0.0,0.0,0.0,0.0
0,0,0,0,0,25.0,1,0,0,0,0.0,1.0,0.0,1.899999976158142,17.570999145507812,0.0,0.0,0.0,1.0,1.0,0.0,0.0,0.0,1.0,0.0,0.0,0.0
1,0,0,1,0,26.0,1,0,0,0,0.0,1.0,0.0,1.899999976158142,48.95399856567383,0.0,0.0,0.0,1.0,2.0,0.0,0.0,0.0,2.0,0.0,0.0,0.0
0,0,0,1,0,24.0,1,0,0,0,0.0,0.0,0.0,0.6899999976158142,17.881000518798828,0.0,0.0,0.0,0.0,0.0,0.0,0.0,0.0,0.0,0.0,0.0,0.0
0,1,0,1,0,28.0,1,0,0,0,0.0,0.0,0.0,0.6899999976158142,36.33300018310547,0.0,0.0,0.0,0.0,0.0,0.0,0.0,0.0,0.0,0.0,0.0,0.0
0,1,1,0,0,18.0,1,1,0,0,0.0,0.0,0.0,0.7900000214576721,5.2170000076293945,0.0,0.0,0.0,0.0,0.0,0.0,0.0,0.0,0.0,0.0,0.0,0.0
0,1,0,1,0,25.0,1,0,0,0,0.0,0.0,1.0,0.27000001072883606,8.640999794006348,0.0,0.0,0.0,0.0,2.0,1.0,0.0,0.0,0.0,0.0,0.0,0.0
0,1,0,1,0,33.0,2,1,0,0,1.0,0.0,0.0,0.550000011920929,10.21399974822998,0.0,0.0,0.0,0.0,0.0,0.0,0.0,0.0,2.0,0.0,0.0,0.0
0,1,1,0,0,27.0,1,0,0,0,1.0,0.0,0.0,1.809999942779541,20.90399932861328,0.0,0.0,0.0,0.0,0.0,0.0,0.0,0.0,0.0,0.0,0.0,0.0
0,1,1,0,0,18.0,1,0,1,0,0.0,1.0,0.0,4.409999847412109,26.68400001525879,0.0,0.0,0.0,0.0,1.0,0.0,0.0,0.0,0.0,0.0,0.0,0.0
0,1,0,1,0,19.0,1,1,0,0,0.0,1.0,0.0,0.6499999761581421,11.267000198364258,0.0,0.0,0.0,0.0,0.0,0.0,0.0,1.0,3.0,1.0,0.0,0.0
0,1,0,0,0,20.0,3,0,1,0,0.0,1.0,0.0,1.6799999475479126,48.79999923706055,0.0,0.0,0.0,0.0,0.0,0.0,0.0,0.0,1.0,0.0,0.0,0.0
1,0,0,0,0,21.0,3,0,1,0,0.0,1.0,0.0,1.6799999475479126,75.9229965209961,1.0,0.0,0.0,0.0,2.0,0.0,0.0,1.0,0.0,0.0,0.0,1.0
1,0,0,0,0,23.0,3,0,1,0,0.0,1.0,0.0,1.6799999475479126,0.1379999965429306,3.0,1.0,3.0,1.0,2.0,0.0,1.0,4.0,3.0,3.0,1.0,1.0
0,1,1,0,0,25.0,2,0,0,0,1.0,0.0,0.0,1.9299999475479126,0.3700000047683716,0.0,0.0,1.0,0.0,0.0,0.0,1.0,1.0,1.0,1.0,0.0,0.0
0,1,1,0,0,26.0,2,0,0,0,1.0,0.0,0.0,1.9299999475479126,5.513000011444092,0.0,0.0,0.0,0.0,0.0,0.0,0.0,0.0,1.0,0.0,0.0,0.0
0,1,0,0,0,17.0,0,0,1,0,1.0,0.0,0.0,1.7999999523162842,28.052000045776367,0.0,0.0,0.0,0.0,1.0,0.0,0.0,1.0,1.0,2.0,0.0,0.0
0,0,0,0,0,29.0,1,0,0,0,0.0,1.0,0.0,3.359999895095825,94.50199890136719,0.0,0.0,0.0,0.0,1.0,0.0,0.0,3.0,2.0,0.0,0.0,0.0
0,0,0,0,0,18.0,0,0,0,0,1.0,0.0,0.0,4.329999923706055,60.70600128173828,3.0,3.0,0.0,0.0,0.0,0.0,0.0,3.0,4.0,1.0,1.0,0.0
0,0,0,0,0,29.0,0,0,1,0,0.0,1.0,0.0,3.8499999046325684,95.70700073242188,1.0,1.0,0.0,1.0,1.0,0.0,0.0,0.0,1.0,1.0,0.0,0.0
0,0,1,0,0,21.0,1,1,0,0,0.0,1.0,0.0,2.4200000762939453,12.215999603271484,1.0,1.0,1.0,0.0,0.0,0.0,0.0,1.0,0.0,0.0,0.0,1.0
1,0,1,0,0,23.0,1,0,0,0,1.0,0.0,0.0,4.53000020980835,4.0960001945495605,0.0,0.0,0.0,0.0,0.0,1.0,0.0,0.0,0.0,0.0,0.0,0.0
0,1,0,0,0,30.0,3,0,0,0,1.0,0.0,0.0,2.240000009536743,39.51599884033203,0.0,0.0,0.0,0.0,0.0,0.0,0.0,0.0,0.0,0.0,0.0,0.0
1,1,0,0,0,26.0,2,0,0,0,0.0,0.0,1.0,2.940000057220459,73.55899810791016,0.0,1.0,0.0,0.0,1.0,0.0,0.0,2.0,1.0,1.0,0.0,0.0
0,0,1,0,0,26.0,1,0,0,0,1.0,0.0,0.0,2.9600000381469727,9.220999717712402,0.0,0.0,1.0,0.0,0.0,0.0,0.0,0.0,0.0,1.0,0.0,0.0
0,0,0,1,0,21.0,2,0,0,0,0.0,0.0,1.0,1.8700000047683716,85.71299743652344,0.0,0.0,0.0,0.0,0.0,0.0,0.0,0.0,0.0,0.0,0.0,0.0
1,1,1,0,0,33.0,1,0,0,0,1.0,0.0,0.0,3.140000104904175,69.72200012207031,0.0,1.0,0.0,0.0,0.0,0.0,0.0,2.0,1.0,0.0,0.0,1.0
1,1,1,0,0,36.0,1,0,0,0,1.0,0.0,0.0,3.140000104904175,44.89799880981445,0.0,3.0,0.0,0.0,0.0,1.0,0.0,3.0,2.0,1.0,0.0,1.0
0,1,0,0,0,23.0,0,0,0,0,1.0,0.0,0.0,4.590000152587891,57.79100036621094,0.0,0.0,0.0,0.0,1.0,0.0,0.0,2.0,1.0,0.0,0.0,0.0
0,1,1,0,0,21.0,2,1,0,0,0.0,1.0,0.0,2.740000009536743,48.86399841308594,0.0,0.0,0.0,0.0,0.0,0.0,0.0,0.0,0.0,0.0,0.0,0.0
0,0,1,0,0,31.0,0,1,0,0,1.0,0.0,0.0,2.640000104904175,51.33300018310547,0.0,0.0,1.0,0.0,1.0,0.0,0.0,0.0,1.0,0.0,0.0,1.0
1,1,1,0,0,27.0,1,0,0,0,1.0,0.0,0.0,1.9900000095367432,5.823999881744385,0.0,0.0,1.0,0.0,1.0,0.0,0.0,0.0,0.0,0.0,0.0,0.0
0,0,1,0,0,18.0,0,1,0,0,0.0,0.0,0.0,1.3300000429153442,19.264999389648438,0.0,0.0,0.0,0.0,0.0,0.0,0.0,0.0,0.0,0.0,0.0,0.0
0,1,1,0,0,24.0,3,0,1,0,0.0,1.0,0.0,1.3600000143051147,50.52399826049805,0.0,0.0,0.0,0.0,1.0,1.0,0.0,1.0,1.0,1.0,0.0,0.0
0,1,1,0,0,34.0,0,0,0,0,1.0,0.0,0.0,2.430000066757202,60.68000030517578,0.0,0.0,0.0,0.0,0.0,0.0,0.0,0.0,0.0,0.0,0.0,0.0
1,0,1,0,0,23.0,1,1,0,0,1.0,0.0,0.0,2.630000114440918,17.2549991607666,1.0,1.0,0.0,0.0,0.0,0.0,0.0,0.0,0.0,0.0,0.0,0.0
0,1,1,0,0,26.0,1,1,0,0,1.0,0.0,0.0,2.630000114440918,17.981000900268555,0.0,0.0,0.0,0.0,0.0,0.0,0.0,0.0,0.0,0.0,0.0,0.0
1,1,0,0,0,21.0,0,0,0,0,1.0,0.0,0.0,4.130000114440918,54.165000915527344,1.0,0.0,0.0,1.0,0.0,0.0,0.0,3.0,3.0,1.0,0.0,0.0
0,1,1,0,0,19.0,0,0,0,1,0.0,1.0,0.0,1.5800000429153442,33.393001556396484,0.0,0.0,0.0,0.0,0.0,0.0,0.0,0.0,0.0,0.0,0.0,0.0
1,1,0,0,0,25.0,1,0,0,0,0.0,1.0,0.0,2.8299999237060547,20.27199935913086,1.0,0.0,0.0,0.0,1.0,0.0,0.0,4.0,3.0,1.0,0.0,1.0
1,0,0,0,0,26.0,3,1,0,0,0.0,0.0,1.0,2.359999895095825,85.86000061035156,3.0,3.0,0.0,2.0,2.0,1.0,1.0,3.0,2.0,2.0,0.0,1.0
0,0,0,0,0,28.0,3,1,0,0,0.0,0.0,1.0,2.359999895095825,97.97899627685547,0.0,0.0,0.0,0.0,1.0,0.0,0.0,0.0,1.0,0.0,0.0,0.0
1,1,1,0,0,22.0,1,0,0,0,0.0,1.0,0.0,4.03000020980835,68.64800262451172,2.0,0.0,0.0,1.0,0.0,0.0,1.0,0.0,3.0,0.0,0.0,0.0
0,0,0,0,0,24.0,1,0,0,0,1.0,0.0,0.0,3.9000000953674316,57.19599914550781,0.0,0.0,0.0,0.0,2.0,0.0,0.0,2.0,2.0,0.0,0.0,0.0
1,0,0,0,0,25.0,1,0,0,0,1.0,0.0,0.0,3.9000000953674316,44.3380012512207,0.0,0.0,0.0,0.0,2.0,0.0,0.0,0.0,4.0,0.0,0.0,0.0
0,1,0,0,0,33.0,1,0,0,0,0.0,0.0,1.0,4.289999961853027,66.00299835205078,0.0,0.0,0.0,0.0,0.0,0.0,0.0,0.0,0.0,0.0,0.0,0.0
0,0,0,0,0,24.0,2,0,0,0,0.0,0.0,1.0,3.0399999618530273,94.48899841308594,2.0,2.0,0.0,0.0,0.0,0.0,0.0,2.0,3.0,2.0,0.0,0.0
0,1,1,0,0,22.0,1,1,0,0,0.0,0.0,1.0,1.5,92.11000061035156,0.0,0.0,0.0,0.0,2.0,0.0,0.0,2.0,2.0,0.0,0.0,0.0
1,0,1,0,0,43.0,0,0,0,0,0.0,0.0,0.0,2.8499999046325684,14.769000053405762,0.0,0.0,0.0,0.0,0.0,0.0,0.0,0.0,0.0,0.0,0.0,1.0
1,0,1,0,0,16.0,3,0,0,0,0.0,0.0,0.0,1.8600000143051147,18.018999099731445,1.0,0.0,0.0,0.0,1.0,0.0,2.0,2.0,2.0,1.0,0.0,1.0
1,0,1,0,0,17.0,3,0,0,0,0.0,0.0,0.0,1.8600000143051147,23.836999893188477,1.0,1.0,0.0,0.0,0.0,1.0,0.0,0.0,2.0,2.0,0.0,1.0
1,0,1,0,0,23.0,0,0,0,1,1.0,0.0,0.0,1.9600000381469727,0.6119999885559082,1.0,1.0,0.0,0.0,0.0,0.0,0.0,0.0,0.0,0.0,0.0,0.0
0,1,1,0,0,29.0,0,1,0,0,0.0,0.0,0.0,4.900000095367432,42.529998779296875,0.0,0.0,0.0,0.0,0.0,0.0,0.0,0.0,0.0,0.0,0.0,0.0
1,1,1,0,0,35.0,2,1,0,0,0.0,0.0,0.0,1.0,34.75299835205078,0.0,0.0,0.0,0.0,2.0,0.0,0.0,0.0,0.0,0.0,0.0,0.0
0,0,1,0,0,26.0,4,1,0,0,1.0,0.0,0.0,0.05999999865889549,71.76300048828125,0.0,0.0,0.0,0.0,0.0,0.0,0.0,0.0,1.0,0.0,0.0,0.0
1,1,0,1,0,29.0,1,1,0,0,0.0,0.0,0.0,0.12999999523162842,27.28499984741211,0.0,0.0,0.0,0.0,1.0,0.0,0.0,0.0,0.0,0.0,0.0,0.0
0,0,0,1,0,17.0,0,0,0,1,0.0,0.0,0.0,0.12999999523162842,18.04199981689453,0.0,0.0,0.0,0.0,1.0,0.0,0.0,0.0,0.0,0.0,0.0,0.0
0,0,0,0,0,21.0,1,0,1,0,0.0,0.0,1.0,3.309999942779541,38.48699951171875,1.0,1.0,0.0,0.0,1.0,0.0,0.0,2.0,1.0,0.0,0.0,0.0
0,0,0,0,0,25.0,1,0,1,0,0.0,0.0,1.0,3.309999942779541,89.7490005493164,1.0,0.0,0.0,0.0,0.0,0.0,0.0,0.0,3.0,0.0,0.0,0.0
1,1,0,0,0,27.0,2,0,0,0,1.0,0.0,0.0,2.680000066757202,28.611000061035156,2.0,3.0,0.0,0.0,1.0,0.0,0.0,4.0,2.0,2.0,0.0,0.0
0,1,1,0,0,33.0,0,0,1,0,0.0,1.0,0.0,1.5800000429153442,58.25600051879883,0.0,0.0,0.0,0.0,0.0,0.0,0.0,0.0,3.0,0.0,0.0,0.0
0,1,0,0,0,24.0,0,1,0,0,0.0,0.0,1.0,3.7799999713897705,96.18399810791016,1.0,1.0,0.0,0.0,1.0,0.0,0.0,1.0,2.0,1.0,0.0,0.0
0,1,0,0,1,22.0,1,1,0,0,0.0,1.0,0.0,1.5199999809265137,86.6719970703125,1.0,0.0,0.0,1.0,0.0,0.0,0.0,3.0,3.0,2.0,1.0,0.0
1,0,1,0,0,19.0,2,0,1,0,0.0,1.0,0.0,2.009999990463257,4.788000106811523,0.0,0.0,0.0,0.0,2.0,0.0,0.0,1.0,2.0,3.0,0.0,1.0
0,1,0,0,0,23.0,1,0,1,0,1.0,0.0,0.0,2.680000066757202,17.476999282836914,0.0,0.0,0.0,0.0,1.0,0.0,0.0,2.0,0.0,0.0,0.0,0.0
0,0,0,0,0,27.0,1,0,0,0,0.0,1.0,0.0,3.950000047683716,19.139999389648438,0.0,0.0,0.0,0.0,0.0,0.0,0.0,0.0,0.0,0.0,0.0,0.0
1,0,0,0,0,23.0,2,0,0,0,0.0,1.0,0.0,1.909999966621399,7.831999778747559,0.0,0.0,1.0,1.0,1.0,1.0,0.0,3.0,0.0,0.0,0.0,0.0
0,1,0,0,0,32.0,2,0,0,0,0.0,1.0,0.0,1.4700000286102295,83.91400146484375,1.0,2.0,0.0,0.0,0.0,0.0,0.0,2.0,1.0,1.0,1.0,0.0
0,1,0,0,0,30.0,1,1,0,0,0.0,1.0,0.0,3.9600000381469727,97.26000213623047,0.0,2.0,0.0,0.0,2.0,0.0,0.0,4.0,3.0,3.0,3.0,1.0
1,1,0,0,0,21.0,2,0,1,0,1.0,0.0,0.0,2.4000000953674316,55.196998596191406,2.0,0.0,0.0,1.0,1.0,0.0,0.0,0.0,3.0,0.0,0.0,0.0
0,0,0,0,0,36.0,0,0,1,0,1.0,0.0,0.0,3.1700000762939453,73.45099639892578,0.0,1.0,0.0,1.0,1.0,0.0,0.0,4.0,4.0,3.0,2.0,0.0
1,0,0,0,0,28.0,0,1,0,0,0.0,1.0,0.0,1.659999966621399,64.46499633789062,1.0,1.0,1.0,0.0,1.0,0.0,0.0,3.0,4.0,1.0,0.0,1.0
1,0,0,0,0,28.0,1,0,0,0,1.0,0.0,0.0,6.980000019073486,98.01000213623047,1.0,1.0,0.0,0.0,1.0,0.0,0.0,1.0,1.0,1.0,0.0,0.0
0,0,0,0,0,30.0,1,0,0,0,1.0,0.0,0.0,6.980000019073486,49.926998138427734,1.0,1.0,0.0,0.0,0.0,1.0,0.0,3.0,2.0,0.0,1.0,0.0
1,1,1,0,0,23.0,1,1,0,0,1.0,0.0,0.0,0.18000000715255737,24.540000915527344,0.0,0.0,0.0,0.0,0.0,0.0,0.0,0.0,0.0,0.0,0.0,0.0
1,1,1,0,0,21.0,1,1,0,0,0.0,1.0,0.0,1.7699999809265137,40.154998779296875,0.0,2.0,1.0,0.0,1.0,0.0,0.0,0.0,0.0,0.0,0.0,1.0
0,1,1,0,0,29.0,1,0,0,0,1.0,0.0,0.0,2.440000057220459,7.497000217437744,0.0,0.0,0.0,0.0,1.0,0.0,0.0,1.0,1.0,0.0,0.0,0.0
1,1,1,0,0,23.0,0,1,0,0,0.0,0.0,1.0,3.049999952316284,64.47799682617188,2.0,1.0,0.0,1.0,1.0,0.0,0.0,2.0,1.0,1.0,0.0,0.0
0,0,0,0,0,25.0,2,0,0,0,0.0,1.0,0.0,0.9599999785423279,3.9560000896453857,0.0,0.0,0.0,0.0,0.0,0.0,0.0,0.0,0.0,0.0,0.0,0.0
0,0,0,0,0,19.0,1,0,0,0,1.0,0.0,0.0,1.4600000381469727,11.376999855041504,0.0,1.0,0.0,0.0,1.0,0.0,0.0,3.0,2.0,1.0,1.0,0.0
0,0,1,0,0,34.0,0,1,0,0,0.0,0.0,1.0,9.25,85.2770004272461,1.0,0.0,0.0,0.0,1.0,0.0,0.0,0.0,2.0,1.0,0.0,0.0
0,1,1,0,0,25.0,5,0,0,0,1.0,0.0,0.0,0.6399999856948853,20.57200050354004,0.0,0.0,0.0,0.0,1.0,0.0,0.0,0.0,1.0,0.0,0.0,0.0
1,0,0,0,0,25.0,3,0,1,0,0.0,1.0,0.0,2.069999933242798,45.584999084472656,0.0,1.0,0.0,0.0,1.0,0.0,0.0,1.0,1.0,0.0,0.0,0.0
0,1,0,0,0,24.0,3,0,0,0,0.0,1.0,0.0,2.130000114440918,20.66200065612793,0.0,0.0,0.0,0.0,0.0,0.0,0.0,0.0,0.0,0.0,0.0,0.0
0,1,1,0,0,22.0,1,1,0,0,0.0,1.0,0.0,1.4800000190734863,19.183000564575195,0.0,0.0,0.0,0.0,1.0,0.0,0.0,0.0,1.0,0.0,0.0,0.0
1,0,1,0,0,27.0,1,1,0,0,1.0,0.0,0.0,1.3799999952316284,32.05099868774414,0.0,1.0,1.0,1.0,0.0,1.0,0.0,0.0,2.0,0.0,0.0,0.0
0,1,0,1,0,36.0,0,0,0,0,1.0,0.0,0.0,0.9800000190734863,32.07899856567383,0.0,0.0,0.0,0.0,0.0,0.0,0.0,4.0,4.0,2.0,1.0,0.0
0,1,0,0,0,26.0,2,0,0,0,0.0,0.0,1.0,3.390000104904175,100.0,1.0,0.0,0.0,0.0,0.0,0.0,0.0,0.0,0.0,0.0,0.0,0.0
0,0,0,0,0,30.0,2,0,0,0,0.0,0.0,1.0,4.539999961853027,93.1969985961914,1.0,0.0,0.0,1.0,0.0,0.0,0.0,1.0,1.0,0.0,0.0,0.0
0,0,0,0,0,33.0,2,0,0,0,0.0,0.0,1.0,4.539999961853027,91.16699981689453,1.0,0.0,0.0,0.0,0.0,0.0,0.0,3.0,3.0,2.0,0.0,0.0
0,1,0,0,0,26.0,1,0,0,0,1.0,0.0,0.0,1.5800000429153442,79.23500061035156,0.0,0.0,0.0,0.0,1.0,0.0,0.0,0.0,0.0,0.0,0.0,0.0
0,1,0,0,0,38.0,1,0,0,0,0.0,0.0,0.0,3.0999999046325684,24.565000534057617,0.0,0.0,0.0,0.0,0.0,0.0,0.0,1.0,0.0,0.0,0.0,0.0
0,1,0,0,0,21.0,1,0,0,0,1.0,0.0,0.0,4.400000095367432,70.45500183105469,0.0,0.0,0.0,0.0,0.0,0.0,0.0,2.0,1.0,0.0,0.0,0.0
0,0,0,0,0,28.0,0,0,0,0,1.0,0.0,0.0,1.2400000095367432,28.388999938964844,0.0,0.0,0.0,0.0,0.0,0.0,0.0,0.0,0.0,0.0,0.0,0.0
0,0,0,0,0,22.0,2,0,1,0,1.0,0.0,0.0,2.0199999809265137,80.47799682617188,0.0,0.0,0.0,0.0,0.0,0.0,0.0,0.0,0.0,0.0,0.0,0.0
0,0,0,0,0,27.0,0,0,0,0,0.0,1.0,0.0,1.9800000190734863,39.63999938964844,0.0,0.0,0.0,0.0,0.0,0.0,0.0,1.0,1.0,0.0,0.0,0.0
0,1,0,0,0,26.0,2,0,0,0,0.0,0.0,1.0,1.6100000143051147,84.56800079345703,0.0,0.0,0.0,0.0,0.0,0.0,0.0,0.0,0.0,0.0,0.0,0.0
1,0,0,0,0,30.0,1,0,0,0,1.0,0.0,0.0,2.880000114440918,36.40800094604492,1.0,0.0,0.0,0.0,0.0,0.0,0.0,4.0,3.0,1.0,0.0,0.0
0,1,0,0,0,32.0,2,0,0,0,1.0,0.0,0.0,2.640000104904175,78.20600128173828,3.0,0.0,0.0,0.0,1.0,0.0,0.0,1.0,0.0,0.0,0.0,0.0
1,1,0,0,0,24.0,2,0,1,0,0.0,0.0,1.0,3.7799999713897705,8.274999618530273,1.0,1.0,1.0,1.0,2.0,2.0,0.0,1.0,3.0,1.0,2.0,1.0
0,0,0,0,0,26.0,0,0,1,0,0.0,1.0,0.0,6.889999866485596,34.06100082397461,2.0,0.0,0.0,0.0,0.0,2.0,0.0,0.0,0.0,0.0,0.0,0.0
0,1,0,0,0,27.0,1,1,0,0,0.0,0.0,0.0,1.9500000476837158,95.75399780273438,0.0,0.0,0.0,0.0,1.0,0.0,0.0,0.0,0.0,0.0,0.0,0.0
1,1,1,0,0,19.0,4,1,0,0,1.0,0.0,0.0,1.2200000286102295,4.392000198364258,0.0,1.0,0.0,1.0,1.0,0.0,0.0,3.0,2.0,1.0,0.0,0.0
0,1,1,0,0,26.0,2,0,0,0,0.0,0.0,1.0,1.590000033378601,14.215999603271484,0.0,1.0,0.0,0.0,2.0,0.0,1.0,2.0,2.0,0.0,0.0,0.0
1,0,1,0,0,31.0,1,1,0,0,0.0,1.0,0.0,1.2000000476837158,10.67199993133545,0.0,0.0,0.0,0.0,0.0,0.0,0.0,1.0,0.0,0.0,0.0,0.0
0,1,1,0,0,36.0,0,0,0,0,0.0,0.0,1.0,16.270000457763672,35.803001403808594,0.0,0.0,0.0,0.0,1.0,0.0,0.0,0.0,0.0,0.0,0.0,0.0
1,0,0,0,0,24.0,1,1,0,0,1.0,0.0,0.0,2.2899999618530273,56.97600173950195,0.0,0.0,0.0,0.0,2.0,2.0,0.0,3.0,2.0,2.0,0.0,1.0
1,1,0,0,0,20.0,1,0,1,0,0.0,0.0,1.0,3.0299999713897705,71.84100341796875,0.0,1.0,1.0,0.0,0.0,0.0,0.0,3.0,4.0,2.0,2.0,0.0
0,0,0,0,0,29.0,1,0,0,0,0.0,1.0,0.0,2.890000104904175,99.2959976196289,0.0,0.0,0.0,0.0,0.0,0.0,0.0,0.0,0.0,0.0,0.0,0.0
0,0,0,0,0,32.0,1,0,0,0,1.0,0.0,0.0,2.0899999141693115,4.822999954223633,0.0,0.0,0.0,0.0,1.0,0.0,1.0,1.0,1.0,1.0,0.0,1.0
1,0,1,0,0,22.0,0,0,1,0,0.0,0.0,1.0,5.309999942779541,46.821998596191406,1.0,0.0,1.0,2.0,0.0,0.0,0.0,2.0,3.0,3.0,0.0,1.0
0,0,0,0,0,22.0,2,0,0,0,0.0,1.0,0.0,3.0399999618530273,94.2249984741211,0.0,0.0,0.0,0.0,0.0,1.0,0.0,1.0,0.0,0.0,0.0,0.0
1,0,0,0,0,25.0,2,0,0,0,0.0,1.0,0.0,3.0399999618530273,48.85300064086914,1.0,0.0,1.0,0.0,2.0,0.0,0.0,3.0,2.0,0.0,0.0,0.0
0,1,0,0,0,33.0,1,0,0,0,0.0,0.0,1.0,5.050000190734863,48.611000061035156,0.0,0.0,0.0,0.0,0.0,0.0,0.0,0.0,2.0,0.0,0.0,0.0
0,1,0,0,0,31.0,1,0,0,0,0.0,0.0,1.0,16.270000457763672,83.56300354003906,0.0,0.0,0.0,0.0,0.0,0.0,0.0,0.0,1.0,0.0,0.0,0.0
0,1,0,0,0,30.0,1,0,0,0,0.0,0.0,1.0,16.270000457763672,95.19200134277344,0.0,0.0,0.0,0.0,0.0,0.0,0.0,2.0,2.0,0.0,0.0,0.0
0,1,0,0,0,42.0,2,1,0,0,0.0,1.0,0.0,3.3399999141693115,91.95899963378906,0.0,0.0,0.0,0.0,0.0,0.0,0.0,1.0,1.0,0.0,0.0,0.0
1,1,0,0,0,18.0,1,0,1,0,0.0,0.0,0.0,0.36000001430511475,34.11199951171875,1.0,0.0,0.0,0.0,1.0,0.0,0.0,1.0,0.0,0.0,0.0,0.0
1,1,1,0,0,17.0,1,0,1,0,1.0,0.0,0.0,2.2100000381469727,2.994999885559082,0.0,0.0,0.0,0.0,1.0,0.0,0.0,1.0,0.0,0.0,0.0,0.0
0,0,1,0,0,20.0,1,0,0,0,1.0,0.0,0.0,2.2100000381469727,26.895999908447266,0.0,0.0,0.0,0.0,0.0,0.0,0.0,2.0,1.0,0.0,0.0,0.0
0,1,0,0,0,29.0,0,1,0,0,0.0,0.0,1.0,3.619999885559082,29.481000900268555,0.0,0.0,0.0,0.0,0.0,0.0,0.0,1.0,0.0,0.0,0.0,0.0
1,0,0,0,0,27.0,1,0,0,0,1.0,0.0,0.0,3.180000066757202,78.0979995727539,0.0,2.0,0.0,0.0,1.0,0.0,0.0,2.0,3.0,2.0,0.0,0.0
0,0,0,0,0,31.0,0,0,0,0,0.0,0.0,0.0,2.5199999809265137,30.15999984741211,0.0,0.0,0.0,0.0,1.0,0.0,0.0,2.0,3.0,1.0,0.0,0.0
0,1,0,0,0,29.0,0,0,0,0,0.0,0.0,1.0,2.059999942779541,50.63199996948242,0.0,0.0,0.0,0.0,0.0,0.0,0.0,2.0,1.0,0.0,0.0,0.0
0,1,0,0,0,16.0,1,1,0,0,0.0,0.0,0.0,2.5999999046325684,80.89700317382812,0.0,0.0,0.0,0.0,0.0,0.0,0.0,0.0,0.0,0.0,0.0,0.0
0,1,0,0,0,25.0,1,0,1,0,0.0,1.0,0.0,2.0299999713897705,7.751999855041504,0.0,0.0,0.0,0.0,0.0,0.0,1.0,1.0,2.0,1.0,0.0,1.0
0,1,0,0,0,34.0,0,0,0,0,0.0,1.0,0.0,5.409999847412109,35.34000015258789,0.0,0.0,0.0,0.0,0.0,0.0,0.0,2.0,1.0,0.0,0.0,0.0
0,0,0,0,0,29.0,1,1,0,0,1.0,0.0,0.0,2.450000047683716,31.02199935913086,0.0,2.0,0.0,0.0,0.0,0.0,1.0,3.0,0.0,0.0,0.0,0.0
0,0,0,0,0,26.0,1,0,1,0,0.0,0.0,1.0,3.5899999141693115,82.8949966430664,2.0,1.0,0.0,0.0,1.0,1.0,0.0,3.0,2.0,2.0,0.0,0.0
0,0,0,0,0,24.0,3,0,1,0,1.0,0.0,0.0,1.5700000524520874,9.246000289916992,0.0,0.0,0.0,0.0,0.0,0.0,1.0,1.0,1.0,0.0,0.0,0.0
0,0,0,1,0,28.0,2,0,0,0,0.0,0.0,1.0,3.799999952316284,81.91400146484375,2.0,0.0,0.0,0.0,0.0,0.0,0.0,2.0,0.0,2.0,1.0,0.0
0,0,0,1,0,30.0,2,0,0,0,0.0,1.0,0.0,1.9600000381469727,31.63599967956543,0.0,0.0,0.0,0.0,0.0,0.0,0.0,0.0,2.0,0.0,0.0,0.0
0,0,0,0,0,22.0,1,0,0,0,0.0,1.0,0.0,4.909999847412109,76.71600341796875,0.0,0.0,0.0,0.0,0.0,0.0,0.0,0.0,1.0,0.0,0.0,0.0
0,0,0,0,0,23.0,1,0,0,0,0.0,1.0,0.0,4.130000114440918,97.0999984741211,0.0,0.0,0.0,0.0,0.0,0.0,0.0,0.0,1.0,0.0,0.0,0.0
1,1,0,0,0,24.0,1,0,0,0,0.0,0.0,1.0,2.7699999809265137,48.16999816894531,0.0,1.0,0.0,0.0,0.0,0.0,0.0,1.0,2.0,1.0,0.0,0.0
0,0,0,0,0,26.0,1,0,0,0,0.0,0.0,1.0,2.7699999809265137,82.43900299072266,0.0,0.0,0.0,0.0,0.0,0.0,0.0,0.0,1.0,0.0,0.0,0.0
0,1,0,0,0,19.0,2,0,0,0,0.0,1.0,0.0,1.7899999618530273,50.94499969482422,0.0,0.0,0.0,0.0,0.0,0.0,0.0,1.0,0.0,0.0,0.0,0.0
0,0,0,0,0,18.0,1,1,0,0,1.0,0.0,0.0,1.1200000047683716,84.17900085449219,0.0,0.0,0.0,0.0,0.0,0.0,0.0,1.0,0.0,0.0,0.0,0.0
0,1,0,0,0,21.0,1,1,0,0,1.0,0.0,0.0,1.1200000047683716,86.31199645996094,1.0,2.0,1.0,0.0,0.0,0.0,0.0,4.0,4.0,1.0,0.0,0.0
0,1,0,0,0,17.0,1,0,0,0,1.0,0.0,0.0,2.640000104904175,62.472999572753906,0.0,0.0,0.0,0.0,0.0,0.0,0.0,1.0,1.0,0.0,1.0,0.0
0,1,0,0,0,26.0,2,0,1,0,0.0,1.0,0.0,2.8399999141693115,71.06400299072266,0.0,0.0,0.0,0.0,1.0,0.0,0.0,0.0,0.0,0.0,0.0,0.0
0,1,1,0,0,30.0,1,0,0,0,0.0,1.0,0.0,7.480000019073486,55.551998138427734,2.0,0.0,0.0,0.0,0.0,0.0,0.0,1.0,1.0,0.0,0.0,0.0
1,0,0,0,0,29.0,0,0,0,0,1.0,0.0,0.0,2.059999942779541,30.961999893188477,2.0,1.0,0.0,0.0,1.0,0.0,0.0,2.0,2.0,0.0,0.0,0.0
0,0,0,0,0,29.0,1,0,1,0,0.0,1.0,0.0,3.200000047683716,61.733001708984375,0.0,0.0,0.0,0.0,2.0,1.0,0.0,0.0,1.0,0.0,0.0,0.0
0,0,0,0,0,22.0,1,1,0,0,1.0,0.0,0.0,4.159999847412109,37.42900085449219,0.0,1.0,0.0,0.0,1.0,0.0,0.0,2.0,0.0,0.0,0.0,0.0
1,1,0,0,0,21.0,0,0,0,0,0.0,1.0,0.0,4.300000190734863,76.78500366210938,0.0,0.0,0.0,0.0,1.0,0.0,0.0,2.0,1.0,0.0,0.0,0.0
0,1,0,0,0,18.0,1,0,1,0,1.0,0.0,0.0,1.7799999713897705,17.48200035095215,0.0,0.0,0.0,0.0,0.0,0.0,0.0,0.0,2.0,0.0,0.0,0.0
0,1,0,0,0,20.0,3,0,0,0,1.0,0.0,0.0,3.630000114440918,98.9520034790039,0.0,0.0,0.0,0.0,1.0,0.0,0.0,0.0,2.0,0.0,0.0,0.0
1,0,0,0,0,21.0,3,0,0,0,1.0,0.0,0.0,3.630000114440918,82.35700225830078,0.0,0.0,0.0,0.0,1.0,0.0,0.0,0.0,3.0,0.0,0.0,0.0
0,1,1,0,0,24.0,1,0,1,0,0.0,0.0,1.0,1.8200000524520874,25.527999877929688,0.0,0.0,1.0,0.0,0.0,0.0,0.0,0.0,1.0,1.0,0.0,0.0
0,1,0,0,0,25.0,1,0,0,0,1.0,0.0,0.0,3.4600000381469727,56.61899948120117,0.0,0.0,0.0,0.0,0.0,0.0,0.0,0.0,0.0,0.0,0.0,0.0
0,0,0,1,0,19.0,3,0,1,0,0.0,1.0,0.0,1.409999966621399,38.10499954223633,0.0,0.0,0.0,0.0,0.0,0.0,0.0,1.0,1.0,0.0,0.0,0.0
0,1,0,1,0,20.0,3,0,1,0,0.0,1.0,0.0,1.409999966621399,22.3439998626709,0.0,0.0,0.0,0.0,1.0,0.0,0.0,0.0,0.0,0.0,0.0,0.0
0,0,0,0,0,21.0,2,0,0,0,1.0,0.0,0.0,2.4000000953674316,58.1510009765625,0.0,0.0,0.0,0.0,1.0,0.0,0.0,0.0,0.0,0.0,0.0,0.0
0,1,0,1,0,22.0,2,0,0,0,1.0,0.0,0.0,2.4000000953674316,45.178001403808594,0.0,0.0,0.0,0.0,0.0,0.0,0.0,0.0,0.0,0.0,0.0,0.0
0,0,0,0,0,35.0,0,0,0,0,0.0,0.0,0.0,3.799999952316284,20.201000213623047,0.0,1.0,0.0,0.0,1.0,0.0,0.0,1.0,2.0,0.0,0.0,1.0
0,1,0,0,0,24.0,0,1,0,0,0.0,0.0,0.0,0.5799999833106995,23.440000534057617,0.0,0.0,0.0,0.0,0.0,0.0,0.0,2.0,2.0,1.0,0.0,0.0
0,0,0,0,0,20.0,4,0,0,0,1.0,0.0,0.0,1.1100000143051147,2.6589999198913574,1.0,1.0,2.0,1.0,2.0,1.0,1.0,1.0,1.0,1.0,1.0,1.0
0,1,0,0,0,22.0,4,0,0,0,1.0,0.0,0.0,1.1100000143051147,81.60600280761719,0.0,0.0,0.0,0.0,0.0,0.0,1.0,3.0,3.0,1.0,0.0,0.0
1,1,0,0,0,29.0,2,0,1,0,0.0,1.0,0.0,3.9200000762939453,48.26100158691406,0.0,0.0,0.0,0.0,0.0,0.0,0.0,0.0,2.0,0.0,0.0,0.0
1,0,0,0,0,26.0,0,0,1,0,1.0,0.0,0.0,2.6600000858306885,68.50499725341797,0.0,0.0,0.0,0.0,0.0,0.0,0.0,0.0,1.0,1.0,0.0,0.0
1,0,0,0,0,28.0,1,0,0,0,0.0,1.0,0.0,2.950000047683716,19.288999557495117,1.0,0.0,0.0,0.0,1.0,0.0,1.0,4.0,4.0,1.0,0.0,0.0
0,1,0,0,0,21.0,2,1,0,0,0.0,0.0,0.0,0.5,82.2760009765625,0.0,0.0,0.0,0.0,0.0,0.0,0.0,4.0,2.0,2.0,0.0,0.0
0,1,0,0,0,23.0,2,1,0,0,0.0,0.0,0.0,0.5,39.25699996948242,0.0,0.0,0.0,0.0,0.0,0.0,0.0,4.0,3.0,2.0,1.0,0.0
0,0,0,0,0,22.0,1,1,0,0,1.0,0.0,0.0,2.490000009536743,13.725000381469727,0.0,0.0,0.0,0.0,0.0,0.0,0.0,0.0,1.0,0.0,0.0,0.0
0,1,0,0,0,31.0,1,0,0,0,0.0,0.0,1.0,4.559999942779541,64.50800323486328,0.0,0.0,0.0,0.0,0.0,0.0,0.0,2.0,2.0,0.0,0.0,0.0
1,0,0,1,0,29.0,0,1,0,0,0.0,0.0,0.0,1.4800000190734863,71.45999908447266,0.0,4.0,0.0,0.0,0.0,0.0,1.0,4.0,4.0,4.0,1.0,0.0
1,1,1,0,0,23.0,1,1,0,0,1.0,0.0,0.0,2.009999990463257,13.572999954223633,1.0,1.0,0.0,0.0,2.0,0.0,0.0,0.0,0.0,0.0,0.0,0.0
0,0,0,0,0,26.0,1,0,0,0,0.0,0.0,1.0,5.329999923706055,56.875999450683594,0.0,0.0,0.0,0.0,0.0,0.0,0.0,0.0,0.0,0.0,0.0,0.0
0,1,0,0,0,26.0,1,1,0,0,0.0,0.0,1.0,3.950000047683716,28.18400001525879,2.0,2.0,2.0,0.0,1.0,0.0,0.0,2.0,1.0,1.0,0.0,0.0
0,0,0,0,0,23.0,1,0,0,0,0.0,0.0,1.0,8.300000190734863,1.343000054359436,0.0,1.0,0.0,0.0,0.0,0.0,0.0,0.0,0.0,0.0,0.0,0.0
0,0,0,0,0,31.0,1,0,0,0,0.0,0.0,1.0,7.260000228881836,98.8280029296875,0.0,1.0,0.0,0.0,0.0,0.0,0.0,0.0,2.0,0.0,0.0,0.0
0,1,0,0,0,28.0,0,1,0,0,1.0,0.0,0.0,3.7899999618530273,91.40899658203125,0.0,0.0,0.0,0.0,1.0,0.0,0.0,0.0,0.0,0.0,0.0,0.0
1,0,0,0,0,27.0,2,0,0,0,0.0,0.0,0.0,2.0299999713897705,2.0450000762939453,0.0,0.0,0.0,0.0,0.0,0.0,0.0,2.0,0.0,0.0,0.0,0.0
0,1,0,1,0,22.0,2,1,0,0,1.0,0.0,0.0,1.090000033378601,67.14800262451172,1.0,0.0,0.0,0.0,1.0,0.0,1.0,0.0,2.0,0.0,0.0,0.0
0,0,0,1,0,17.0,6,1,0,0,0.0,0.0,0.0,0.23999999463558197,72.60900115966797,0.0,0.0,0.0,0.0,0.0,0.0,0.0,0.0,1.0,0.0,0.0,0.0
1,0,0,1,0,18.0,6,1,0,0,0.0,0.0,0.0,0.23999999463558197,58.52299880981445,1.0,1.0,1.0,0.0,0.0,0.0,1.0,3.0,2.0,2.0,0.0,0.0
0,1,0,1,0,20.0,6,1,0,0,0.0,0.0,0.0,0.23999999463558197,12.08899974822998,0.0,0.0,0.0,0.0,0.0,0.0,0.0,0.0,0.0,0.0,0.0,0.0
0,0,0,0,0,19.0,3,0,1,0,0.0,1.0,0.0,0.8399999737739563,68.90299987792969,0.0,1.0,0.0,0.0,0.0,0.0,0.0,0.0,1.0,0.0,0.0,0.0
1,0,0,0,0,22.0,1,1,0,0,1.0,0.0,0.0,0.6600000262260437,73.72699737548828,1.0,3.0,0.0,1.0,0.0,1.0,0.0,3.0,3.0,3.0,0.0,0.0
0,1,0,0,0,19.0,1,0,1,0,1.0,0.0,0.0,3.509999990463257,82.53900146484375,0.0,0.0,0.0,0.0,0.0,0.0,0.0,2.0,1.0,0.0,0.0,0.0
0,0,0,0,0,20.0,1,0,1,0,1.0,0.0,0.0,3.509999990463257,48.25199890136719,0.0,1.0,0.0,0.0,0.0,1.0,0.0,1.0,0.0,0.0,0.0,0.0
0,1,0,0,0,31.0,2,0,0,0,0.0,0.0,1.0,5.900000095367432,98.875,0.0,0.0,0.0,0.0,0.0,0.0,0.0,0.0,0.0,0.0,0.0,0.0
0,1,0,0,0,33.0,2,0,0,0,0.0,0.0,1.0,5.900000095367432,96.5469970703125,0.0,0.0,0.0,0.0,0.0,0.0,0.0,0.0,2.0,0.0,0.0,0.0
0,1,0,0,0,21.0,2,0,0,0,0.0,0.0,1.0,4.059999942779541,94.19999694824219,0.0,0.0,0.0,0.0,1.0,0.0,0.0,0.0,0.0,0.0,0.0,0.0
0,0,0,0,0,23.0,2,0,0,0,0.0,0.0,1.0,4.059999942779541,82.97799682617188,0.0,0.0,0.0,0.0,0.0,0.0,0.0,0.0,0.0,0.0,0.0,0.0
0,1,0,0,0,23.0,1,0,1,0,0.0,0.0,1.0,5.380000114440918,77.74299621582031,0.0,2.0,1.0,0.0,0.0,0.0,1.0,4.0,3.0,3.0,2.0,0.0
0,1,0,0,0,20.0,2,0,1,0,0.0,1.0,0.0,4.429999828338623,83.1709976196289,0.0,0.0,0.0,0.0,0.0,0.0,0.0,0.0,1.0,0.0,0.0,0.0
0,0,0,0,0,21.0,2,0,1,0,0.0,1.0,0.0,4.429999828338623,46.625,0.0,0.0,0.0,0.0,0.0,0.0,0.0,0.0,1.0,0.0,0.0,0.0
0,1,0,0,0,34.0,1,0,0,0,0.0,0.0,1.0,4.03000020980835,81.70600128173828,0.0,0.0,0.0,0.0,0.0,0.0,0.0,0.0,0.0,0.0,0.0,0.0
0,1,0,1,0,36.0,1,1,0,0,0.0,0.0,0.0,1.8600000143051147,99.0530014038086,0.0,0.0,0.0,0.0,0.0,0.0,0.0,0.0,0.0,0.0,0.0,0.0
0,0,0,0,0,25.0,2,0,0,0,0.0,1.0,0.0,1.1100000143051147,86.79499816894531,0.0,0.0,0.0,0.0,0.0,0.0,0.0,0.0,0.0,0.0,0.0,0.0
0,1,0,0,0,27.0,2,0,0,0,0.0,1.0,0.0,1.1100000143051147,38.77199935913086,0.0,0.0,0.0,0.0,0.0,0.0,0.0,0.0,2.0,0.0,0.0,0.0
0,0,0,0,0,20.0,3,0,0,0,1.0,0.0,0.0,0.9800000190734863,46.165000915527344,0.0,0.0,0.0,0.0,0.0,0.0,0.0,0.0,0.0,0.0,0.0,0.0
1,0,0,0,0,27.0,0,0,0,0,1.0,0.0,0.0,3.930000066757202,41.165000915527344,0.0,1.0,1.0,0.0,0.0,0.0,0.0,4.0,3.0,3.0,1.0,0.0
0,0,0,0,0,37.0,1,0,0,0,0.0,0.0,1.0,3.0199999809265137,99.33899688720703,0.0,0.0,0.0,0.0,0.0,0.0,0.0,0.0,1.0,0.0,0.0,0.0
1,0,0,0,0,26.0,0,0,1,0,0.0,0.0,1.0,16.270000457763672,60.28499984741211,0.0,0.0,0.0,0.0,0.0,0.0,0.0,0.0,0.0,0.0,0.0,0.0
0,1,0,0,0,25.0,2,0,0,0,0.0,0.0,1.0,2.0299999713897705,95.56700134277344,0.0,0.0,0.0,0.0,0.0,0.0,0.0,0.0,1.0,0.0,0.0,0.0
1,0,0,0,0,20.0,2,0,1,0,0.0,1.0,0.0,2.9800000190734863,91.81300354003906,0.0,1.0,0.0,0.0,0.0,0.0,0.0,2.0,0.0,2.0,0.0,0.0
0,0,0,0,0,21.0,2,0,1,0,0.0,1.0,0.0,2.9800000190734863,41.066001892089844,0.0,0.0,0.0,0.0,0.0,0.0,0.0,1.0,2.0,0.0,0.0,0.0
0,0,1,0,0,23.0,1,1,0,0,1.0,0.0,0.0,1.9800000190734863,18.5310001373291,0.0,0.0,0.0,0.0,0.0,0.0,0.0,1.0,1.0,0.0,0.0,0.0
0,1,1,0,0,27.0,1,1,0,0,1.0,0.0,0.0,0.699999988079071,26.288999557495117,0.0,0.0,0.0,0.0,0.0,0.0,0.0,0.0,0.0,0.0,0.0,0.0
0,1,1,0,0,28.0,1,1,0,0,1.0,0.0,0.0,0.699999988079071,36.402000427246094,0.0,0.0,0.0,0.0,2.0,0.0,0.0,0.0,2.0,0.0,0.0,0.0
0,1,1,0,0,24.0,3,1,0,0,0.0,1.0,0.0,0.14000000059604645,35.117000579833984,0.0,0.0,0.0,0.0,1.0,0.0,1.0,0.0,0.0,0.0,0.0,0.0
0,1,1,0,0,25.0,3,1,0,0,0.0,1.0,0.0,0.14000000059604645,23.47100067138672,0.0,0.0,0.0,0.0,0.0,0.0,0.0,1.0,0.0,0.0,0.0,0.0
0,0,0,1,0,29.0,3,1,0,0,0.0,0.0,0.0,0.20999999344348907,1.8589999675750732,0.0,0.0,0.0,0.0,1.0,0.0,0.0,1.0,3.0,1.0,0.0,0.0
0,1,0,0,0,23.0,2,0,1,0,0.0,0.0,1.0,2.5999999046325684,52.83100128173828,0.0,2.0,1.0,1.0,1.0,0.0,0.0,3.0,3.0,1.0,1.0,0.0
0,0,0,0,0,34.0,2,0,0,0,1.0,0.0,0.0,4.690000057220459,65.18299865722656,1.0,0.0,0.0,1.0,1.0,0.0,0.0,2.0,2.0,0.0,0.0,0.0
1,0,0,1,0,23.0,2,1,0,0,1.0,0.0,0.0,0.05999999865889549,43.81100082397461,0.0,0.0,0.0,0.0,2.0,1.0,0.0,0.0,0.0,0.0,0.0,0.0
0,1,0,1,0,18.0,2,1,0,0,0.0,0.0,0.0,0.11999999731779099,6.310999870300293,0.0,0.0,0.0,0.0,1.0,0.0,0.0,0.0,0.0,0.0,0.0,0.0
1,0,0,1,0,20.0,2,1,0,0,0.0,0.0,0.0,0.11999999731779099,11.862000465393066,1.0,0.0,0.0,0.0,1.0,0.0,0.0,2.0,1.0,1.0,1.0,1.0
1,1,0,1,0,21.0,2,1,0,0,0.0,0.0,0.0,0.11999999731779099,16.365999221801758,0.0,0.0,0.0,0.0,0.0,0.0,1.0,2.0,2.0,1.0,0.0,0.0
0,0,0,0,0,32.0,1,0,0,0,0.0,0.0,1.0,2.740000009536743,68.96099853515625,1.0,1.0,0.0,0.0,1.0,2.0,0.0,0.0,3.0,0.0,0.0,0.0
0,0,0,0,0,25.0,0,0,0,0,1.0,0.0,0.0,2.7699999809265137,93.10199737548828,0.0,0.0,0.0,0.0,1.0,0.0,0.0,0.0,0.0,0.0,0.0,0.0
0,1,0,0,0,29.0,0,1,0,0,1.0,0.0,0.0,3.180000066757202,32.08100128173828,3.0,1.0,1.0,0.0,0.0,0.0,2.0,4.0,2.0,2.0,2.0,1.0
1,1,0,0,0,36.0,1,0,0,0,0.0,1.0,0.0,3.3299999237060547,10.614999771118164,3.0,2.0,1.0,1.0,1.0,1.0,1.0,0.0,2.0,1.0,1.0,0.0
1,0,0,0,0,37.0,1,0,0,0,0.0,1.0,0.0,3.3299999237060547,79.1709976196289,3.0,1.0,0.0,0.0,1.0,0.0,1.0,0.0,3.0,2.0,0.0,1.0
0,0,0,0,0,21.0,2,0,0,0,1.0,0.0,0.0,3.259999990463257,74.21499633789062,0.0,0.0,0.0,1.0,0.0,0.0,0.0,0.0,1.0,0.0,0.0,0.0
0,0,0,0,0,26.0,2,1,0,0,0.0,0.0,1.0,3.0299999713897705,57.236000061035156,0.0,0.0,0.0,0.0,0.0,0.0,0.0,2.0,2.0,0.0,0.0,0.0
0,1,0,0,0,25.0,3,0,0,0,0.0,0.0,1.0,2.5299999713897705,78.44000244140625,0.0,1.0,0.0,0.0,1.0,0.0,0.0,1.0,2.0,0.0,0.0,0.0
0,0,0,0,0,27.0,3,0,0,0,0.0,0.0,1.0,2.5299999713897705,93.31800079345703,2.0,1.0,0.0,0.0,0.0,0.0,0.0,2.0,3.0,0.0,0.0,0.0
1,1,1,0,0,33.0,1,0,0,0,0.0,1.0,0.0,2.799999952316284,77.36000061035156,0.0,0.0,0.0,0.0,1.0,0.0,0.0,0.0,0.0,0.0,0.0,0.0
0,0,0,0,0,30.0,0,0,0,0,0.0,0.0,1.0,3.5799999237060547,90.88700103759766,0.0,1.0,0.0,0.0,0.0,0.0,0.0,2.0,1.0,0.0,0.0,1.0
0,1,0,0,0,22.0,1,0,0,0,1.0,0.0,0.0,2.5399999618530273,48.356998443603516,0.0,0.0,0.0,0.0,0.0,0.0,0.0,0.0,0.0,0.0,0.0,0.0
1,0,0,0,0,25.0,1,0,0,0,1.0,0.0,0.0,2.5399999618530273,84.09300231933594,0.0,2.0,0.0,1.0,1.0,1.0,0.0,0.0,2.0,1.0,0.0,0.0
0,1,0,0,0,31.0,0,0,1,0,0.0,1.0,0.0,16.270000457763672,83.50299835205078,0.0,0.0,0.0,0.0,0.0,0.0,0.0,0.0,1.0,1.0,1.0,0.0
1,0,1,0,0,35.0,0,0,1,0,0.0,1.0,0.0,0.47999998927116394,42.7760009765625,0.0,0.0,0.0,0.0,1.0,1.0,0.0,2.0,1.0,3.0,0.0,0.0
0,1,0,0,0,32.0,0,1,0,0,0.0,0.0,1.0,9.539999961853027,51.11600112915039,0.0,1.0,0.0,0.0,0.0,0.0,0.0,0.0,0.0,0.0,0.0,0.0
1,1,1,0,0,32.0,2,1,0,0,0.0,0.0,0.0,9.420000076293945,45.564998626708984,0.0,0.0,0.0,0.0,1.0,0.0,0.0,0.0,0.0,0.0,0.0,0.0
0,1,1,0,0,26.0,1,1,0,0,0.0,1.0,0.0,1.9800000190734863,61.96699905395508,0.0,0.0,0.0,0.0,1.0,0.0,1.0,3.0,2.0,1.0,0.0,0.0
0,0,1,0,0,27.0,1,1,0,0,0.0,1.0,0.0,1.9800000190734863,30.888999938964844,0.0,0.0,0.0,0.0,1.0,0.0,0.0,2.0,2.0,2.0,0.0,0.0
0,0,0,1,0,27.0,1,0,0,0,0.0,0.0,1.0,1.4500000476837158,81.57099914550781,0.0,0.0,0.0,0.0,0.0,0.0,0.0,0.0,0.0,0.0,0.0,0.0
0,0,0,1,0,16.0,1,0,1,0,0.0,1.0,0.0,0.6299999952316284,37.832000732421875,0.0,0.0,0.0,0.0,0.0,0.0,0.0,0.0,0.0,0.0,0.0,0.0
1,1,1,0,0,23.0,1,0,0,0,1.0,0.0,0.0,2.819999933242798,25.950000762939453,0.0,1.0,0.0,0.0,2.0,0.0,0.0,0.0,3.0,0.0,0.0,0.0
1,0,1,0,0,17.0,4,1,0,0,0.0,0.0,0.0,0.3499999940395355,17.71500015258789,0.0,0.0,0.0,0.0,1.0,1.0,0.0,1.0,0.0,0.0,0.0,0.0
0,1,0,0,0,27.0,0,0,0,0,1.0,0.0,0.0,3.3299999237060547,25.468000411987305,0.0,0.0,0.0,0.0,0.0,0.0,0.0,2.0,1.0,1.0,0.0,0.0
0,1,0,0,0,16.0,2,0,1,0,0.0,0.0,1.0,4.170000076293945,3.171999931335449,0.0,0.0,0.0,0.0,0.0,0.0,0.0,1.0,1.0,0.0,0.0,1.0
1,0,0,0,0,19.0,2,0,1,0,0.0,0.0,1.0,4.170000076293945,9.831999778747559,0.0,1.0,1.0,0.0,1.0,0.0,0.0,3.0,1.0,1.0,0.0,0.0
1,0,0,0,0,26.0,1,0,0,0,1.0,0.0,0.0,0.4300000071525574,28.04800033569336,1.0,0.0,0.0,0.0,0.0,3.0,0.0,2.0,0.0,0.0,0.0,0.0
0,1,0,0,0,22.0,1,1,0,0,0.0,0.0,0.0,0.0,14.982000350952148,0.0,0.0,0.0,0.0,0.0,0.0,0.0,0.0,0.0,0.0,0.0,0.0
1,0,0,0,0,26.0,1,1,0,0,1.0,0.0,0.0,1.9800000190734863,79.25299835205078,1.0,0.0,0.0,0.0,1.0,2.0,0.0,1.0,1.0,0.0,0.0,1.0
0,1,0,1,0,28.0,1,0,0,0,0.0,1.0,0.0,3.3299999237060547,96.21800231933594,0.0,0.0,0.0,0.0,0.0,0.0,0.0,0.0,0.0,0.0,0.0,0.0
0,0,0,0,0,27.0,1,1,0,0,0.0,0.0,1.0,1.9800000190734863,95.21900177001953,0.0,0.0,0.0,0.0,0.0,0.0,0.0,0.0,1.0,0.0,0.0,0.0
0,0,0,1,0,26.0,0,0,0,0,0.0,1.0,0.0,4.28000020980835,78.62200164794922,1.0,0.0,0.0,0.0,2.0,0.0,0.0,0.0,3.0,1.0,0.0,0.0
1,0,0,0,0,23.0,2,0,1,0,0.0,0.0,1.0,2.4000000953674316,36.625,1.0,1.0,0.0,0.0,0.0,0.0,0.0,0.0,1.0,0.0,0.0,0.0
0,1,0,0,0,21.0,2,1,0,0,0.0,0.0,1.0,1.6299999952316284,73.96299743652344,0.0,0.0,0.0,0.0,0.0,0.0,0.0,2.0,1.0,0.0,0.0,0.0
0,0,0,0,0,23.0,2,1,0,0,0.0,0.0,1.0,1.6299999952316284,42.26100158691406,0.0,2.0,0.0,0.0,0.0,1.0,0.0,4.0,2.0,1.0,0.0,0.0
1,0,0,0,0,24.0,1,0,0,0,1.0,0.0,0.0,4.019999980926514,29.81800079345703,0.0,1.0,2.0,0.0,0.0,0.0,0.0,4.0,4.0,4.0,1.0,0.0
0,0,0,0,0,23.0,3,1,0,0,1.0,0.0,0.0,5.730000019073486,83.83100128173828,0.0,0.0,0.0,0.0,1.0,0.0,0.0,0.0,0.0,0.0,0.0,0.0
0,0,0,0,0,25.0,3,1,0,0,1.0,0.0,0.0,5.730000019073486,89.58699798583984,0.0,0.0,0.0,0.0,1.0,0.0,0.0,0.0,2.0,0.0,0.0,0.0
0,1,0,0,0,20.0,1,0,1,0,0.0,0.0,1.0,2.890000104904175,56.45399856567383,0.0,0.0,0.0,0.0,0.0,0.0,0.0,2.0,2.0,1.0,0.0,0.0
0,1,0,0,0,26.0,1,0,0,0,0.0,0.0,1.0,5.699999809265137,88.12000274658203,0.0,0.0,0.0,0.0,0.0,0.0,0.0,1.0,1.0,0.0,0.0,0.0
0,1,0,1,0,34.0,1,0,0,0,1.0,0.0,0.0,3.859999895095825,55.59700012207031,2.0,2.0,1.0,0.0,1.0,1.0,0.0,2.0,2.0,2.0,0.0,1.0
0,0,0,1,0,21.0,1,0,0,0,0.0,1.0,0.0,4.710000038146973,11.86299991607666,1.0,0.0,0.0,0.0,1.0,0.0,0.0,2.0,0.0,0.0,0.0,0.0
0,0,0,1,0,21.0,1,0,0,0,0.0,1.0,0.0,4.710000038146973,11.482000350952148,1.0,1.0,0.0,0.0,1.0,0.0,0.0,2.0,1.0,1.0,0.0,0.0
1,0,0,0,0,21.0,1,0,0,0,0.0,1.0,0.0,5.78000020980835,75.71399688720703,1.0,0.0,0.0,0.0,1.0,0.0,0.0,1.0,1.0,1.0,1.0,1.0
1,1,0,0,0,23.0,1,0,0,0,0.0,1.0,0.0,5.78000020980835,90.38400268554688,0.0,0.0,0.0,0.0,0.0,0.0,1.0,4.0,3.0,1.0,0.0,0.0
0,0,0,0,0,27.0,2,0,0,0,0.0,0.0,1.0,4.460000038146973,81.25900268554688,0.0,0.0,0.0,0.0,0.0,0.0,0.0,3.0,2.0,1.0,0.0,0.0
0,0,0,0,0,29.0,1,0,0,0,0.0,0.0,1.0,4.590000152587891,77.11199951171875,3.0,0.0,0.0,0.0,0.0,0.0,0.0,1.0,0.0,0.0,0.0,0.0
0,0,0,0,0,25.0,1,0,0,0,0.0,0.0,1.0,3.4700000286102295,98.21600341796875,0.0,0.0,0.0,0.0,0.0,0.0,0.0,0.0,0.0,0.0,0.0,0.0
0,0,0,0,0,29.0,2,0,0,0,0.0,0.0,1.0,3.0199999809265137,99.6760025024414,2.0,3.0,1.0,2.0,1.0,0.0,0.0,0.0,0.0,0.0,0.0,0.0
1,1,0,0,0,28.0,1,1,0,0,0.0,1.0,0.0,0.23999999463558197,82.8759994506836,3.0,2.0,0.0,0.0,1.0,0.0,0.0,1.0,1.0,1.0,1.0,0.0
1,0,0,0,0,29.0,1,0,0,0,0.0,0.0,1.0,3.049999952316284,74.22599792480469,2.0,0.0,0.0,1.0,1.0,1.0,1.0,2.0,1.0,1.0,1.0,1.0
1,0,0,0,0,30.0,1,0,0,0,0.0,0.0,1.0,3.049999952316284,93.98600006103516,2.0,3.0,1.0,2.0,2.0,1.0,1.0,3.0,2.0,3.0,1.0,0.0
0,1,0,0,0,20.0,3,0,1,0,0.0,1.0,0.0,1.5499999523162842,71.29299926757812,1.0,3.0,0.0,0.0,1.0,0.0,0.0,3.0,2.0,2.0,0.0,0.0
1,0,0,0,0,21.0,3,0,1,0,0.0,1.0,0.0,1.5499999523162842,63.03900146484375,2.0,0.0,0.0,0.0,0.0,1.0,1.0,3.0,4.0,4.0,3.0,1.0
0,1,0,1,0,17.0,4,1,0,0,0.0,0.0,0.0,0.38999998569488525,20.57900047302246,0.0,0.0,0.0,0.0,1.0,0.0,0.0,0.0,0.0,0.0,0.0,0.0
1,0,0,1,0,19.0,4,1,0,0,0.0,0.0,0.0,0.38999998569488525,8.494999885559082,0.0,0.0,0.0,0.0,0.0,0.0,0.0,0.0,0.0,0.0,0.0,0.0
0,0,0,1,0,12.0,3,1,0,0,0.0,0.0,0.0,0.8299999833106995,42.882999420166016,0.0,1.0,0.0,0.0,1.0,0.0,0.0,0.0,1.0,0.0,0.0,0.0
1,0,0,1,0,13.0,3,1,0,0,0.0,0.0,0.0,0.8299999833106995,77.64299774169922,1.0,0.0,0.0,0.0,2.0,0.0,0.0,0.0,1.0,0.0,0.0,0.0
0,1,0,1,0,38.0,1,1,0,0,0.0,0.0,0.0,0.27000001072883606,64.69999694824219,0.0,0.0,0.0,0.0,1.0,0.0,0.0,0.0,0.0,0.0,0.0,0.0
0,1,0,1,0,20.0,1,1,0,0,0.0,0.0,0.0,0.0,20.506000518798828,0.0,0.0,0.0,0.0,1.0,0.0,0.0,1.0,0.0,0.0,0.0,0.0
1,0,0,1,0,22.0,1,1,0,0,0.0,0.0,0.0,0.0,20.448999404907227,0.0,0.0,0.0,0.0,1.0,0.0,1.0,2.0,2.0,1.0,0.0,1.0
1,0,1,0,0,24.0,0,1,0,0,0.0,1.0,0.0,0.20999999344348907,19.315000534057617,1.0,3.0,1.0,1.0,3.0,2.0,1.0,0.0,3.0,1.0,0.0,1.0
1,0,0,1,0,26.0,1,1,0,0,0.0,0.0,0.0,0.23999999463558197,45.52199935913086,0.0,0.0,0.0,0.0,2.0,0.0,1.0,1.0,1.0,0.0,0.0,0.0
0,1,0,1,0,18.0,1,1,0,0,0.0,0.0,0.0,0.18000000715255737,68.81999969482422,0.0,1.0,0.0,0.0,0.0,0.0,0.0,0.0,2.0,0.0,0.0,0.0
0,1,0,1,0,30.0,1,0,0,0,1.0,0.0,0.0,0.75,49.37200164794922,0.0,0.0,0.0,0.0,2.0,0.0,0.0,0.0,2.0,0.0,0.0,0.0
1,1,0,1,0,26.0,8,1,0,0,0.0,0.0,0.0,0.4300000071525574,36.18299865722656,0.0,0.0,0.0,0.0,1.0,1.0,1.0,2.0,1.0,1.0,0.0,0.0
0,0,0,1,0,28.0,8,1,0,0,0.0,0.0,0.0,0.4300000071525574,43.35200119018555,0.0,0.0,0.0,0.0,0.0,2.0,0.0,2.0,0.0,0.0,0.0,0.0
1,0,0,1,0,29.0,8,1,0,0,0.0,0.0,0.0,0.4300000071525574,16.923999786376953,0.0,0.0,1.0,0.0,1.0,0.0,0.0,1.0,0.0,1.0,0.0,1.0
0,0,0,1,0,19.0,3,0,0,0,0.0,0.0,0.0,0.10000000149011612,4.4629998207092285,1.0,1.0,0.0,1.0,0.0,0.0,1.0,0.0,1.0,0.0,0.0,0.0
1,1,0,1,0,16.0,0,0,0,0,0.0,1.0,0.0,1.6699999570846558,36.50600051879883,1.0,0.0,0.0,0.0,1.0,0.0,1.0,2.0,1.0,1.0,0.0,0.0
1,1,0,0,0,25.0,3,0,0,0,0.0,0.0,1.0,4.96999979019165,39.27399826049805,1.0,1.0,0.0,0.0,1.0,0.0,1.0,1.0,0.0,1.0,0.0,0.0
0,0,0,0,0,26.0,3,0,0,0,0.0,0.0,1.0,4.96999979019165,3.6670000553131104,0.0,0.0,0.0,1.0,1.0,0.0,0.0,2.0,2.0,0.0,0.0,0.0
1,1,0,0,0,23.0,0,0,1,0,0.0,1.0,0.0,3.819999933242798,38.8650016784668,0.0,0.0,0.0,0.0,0.0,0.0,0.0,4.0,3.0,3.0,2.0,0.0
1,0,0,0,0,21.0,1,1,0,0,0.0,0.0,0.0,2.5299999713897705,9.642999649047852,0.0,0.0,0.0,0.0,2.0,0.0,0.0,1.0,1.0,0.0,0.0,0.0
1,1,0,0,0,28.0,2,0,0,0,0.0,1.0,0.0,1.3899999856948853,43.08399963378906,2.0,1.0,0.0,0.0,0.0,0.0,0.0,2.0,2.0,1.0,1.0,0.0
1,0,0,0,0,30.0,2,0,0,0,0.0,1.0,0.0,1.3899999856948853,59.25699996948242,0.0,0.0,1.0,0.0,1.0,2.0,0.0,3.0,4.0,2.0,0.0,1.0
0,1,0,0,0,19.0,0,1,0,0,0.0,1.0,0.0,3.4200000762939453,64.35600280761719,1.0,1.0,0.0,1.0,0.0,0.0,0.0,2.0,1.0,1.0,0.0,1.0
0,0,0,0,0,20.0,1,0,0,0,0.0,1.0,0.0,2.259999990463257,72.73500061035156,0.0,0.0,0.0,0.0,1.0,0.0,0.0,0.0,0.0,0.0,0.0,0.0
1,1,0,1,0,21.0,0,1,0,0,1.0,0.0,0.0,0.6600000262260437,26.440000534057617,0.0,0.0,0.0,0.0,0.0,0.0,1.0,2.0,2.0,2.0,0.0,0.0
0,1,0,0,0,18.0,1,1,0,0,0.0,1.0,0.0,1.6299999952316284,0.75,0.0,0.0,0.0,0.0,0.0,0.0,0.0,1.0,1.0,0.0,0.0,0.0
0,0,0,0,0,20.0,1,1,0,0,0.0,1.0,0.0,1.6299999952316284,1.8259999752044678,1.0,0.0,0.0,0.0,0.0,0.0,0.0,1.0,1.0,0.0,0.0,0.0
0,1,0,0,1,22.0,3,1,0,0,1.0,0.0,0.0,1.0800000429153442,23.113000869750977,0.0,0.0,1.0,0.0,1.0,0.0,0.0,1.0,0.0,1.0,0.0,0.0
0,0,0,0,0,17.0,1,1,0,0,0.0,1.0,0.0,1.7899999618530273,64.18099975585938,0.0,1.0,0.0,1.0,0.0,0.0,0.0,1.0,1.0,1.0,0.0,0.0
0,0,0,0,0,19.0,0,0,1,0,1.0,0.0,0.0,1.9800000190734863,31.729000091552734,0.0,0.0,0.0,0.0,1.0,0.0,0.0,4.0,2.0,2.0,0.0,0.0
0,0,0,0,0,26.0,2,0,0,0,0.0,0.0,1.0,1.340000033378601,38.43199920654297,0.0,0.0,0.0,0.0,1.0,0.0,0.0,0.0,0.0,0.0,0.0,0.0
0,0,0,0,0,27.0,2,0,0,0,0.0,0.0,1.0,1.340000033378601,37.17900085449219,0.0,0.0,0.0,0.0,0.0,0.0,0.0,0.0,0.0,0.0,0.0,0.0
0,1,0,0,0,24.0,2,0,0,0,0.0,0.0,1.0,2.1600000858306885,93.59100341796875,0.0,0.0,0.0,0.0,0.0,0.0,0.0,0.0,0.0,0.0,0.0,0.0
0,1,0,1,0,23.0,2,0,0,0,0.0,0.0,1.0,2.140000104904175,22.020000457763672,0.0,0.0,0.0,0.0,1.0,0.0,0.0,0.0,0.0,0.0,0.0,0.0
0,1,0,1,0,22.0,1,0,0,0,1.0,0.0,0.0,5.730000019073486,71.25900268554688,0.0,0.0,0.0,0.0,1.0,0.0,2.0,3.0,2.0,2.0,1.0,0.0
0,1,0,0,0,29.0,1,0,0,0,1.0,0.0,0.0,2.880000114440918,74.40399932861328,2.0,1.0,0.0,0.0,1.0,0.0,1.0,4.0,3.0,1.0,1.0,0.0
0,1,0,0,0,26.0,0,1,0,0,0.0,1.0,0.0,1.7999999523162842,15.279999732971191,0.0,0.0,0.0,0.0,1.0,0.0,0.0,1.0,0.0,0.0,0.0,0.0
0,1,0,1,0,29.0,0,1,0,0,0.0,0.0,1.0,3.200000047683716,59.28099822998047,0.0,0.0,0.0,0.0,0.0,0.0,0.0,1.0,1.0,0.0,0.0,0.0
0,1,0,1,0,21.0,1,1,0,0,0.0,0.0,0.0,0.5799999833106995,9.678999900817871,0.0,0.0,0.0,0.0,0.0,0.0,0.0,4.0,2.0,0.0,0.0,0.0
0,1,0,0,0,29.0,1,0,0,0,0.0,0.0,1.0,4.809999942779541,98.2229995727539,0.0,0.0,0.0,0.0,1.0,0.0,0.0,0.0,2.0,0.0,0.0,0.0
0,0,0,1,0,26.0,2,0,0,0,0.0,0.0,1.0,2.359999895095825,29.243000030517578,0.0,0.0,0.0,0.0,1.0,0.0,0.0,0.0,0.0,0.0,0.0,0.0
0,0,0,1,0,33.0,1,0,0,0,0.0,0.0,1.0,2.359999895095825,29.24799919128418,0.0,0.0,0.0,0.0,0.0,0.0,0.0,0.0,0.0,0.0,0.0,0.0
0,0,0,0,0,31.0,1,0,0,0,0.0,0.0,1.0,5.019999980926514,62.540000915527344,0.0,0.0,0.0,0.0,1.0,0.0,0.0,0.0,2.0,0.0,0.0,0.0
0,1,0,1,0,29.0,1,0,0,0,0.0,1.0,0.0,0.9599999785423279,13.845000267028809,0.0,0.0,0.0,0.0,0.0,0.0,0.0,2.0,1.0,0.0,0.0,0.0
0,0,0,1,0,32.0,1,0,0,0,0.0,1.0,0.0,0.9599999785423279,8.027999877929688,0.0,0.0,0.0,0.0,0.0,0.0,0.0,1.0,1.0,0.0,0.0,0.0
1,0,0,1,0,22.0,2,0,0,0,1.0,0.0,0.0,2.440000057220459,5.738999843597412,0.0,0.0,0.0,0.0,0.0,0.0,0.0,2.0,1.0,0.0,0.0,1.0
0,0,0,1,0,21.0,2,0,1,0,0.0,0.0,1.0,0.6899999976158142,0.15000000596046448,0.0,1.0,0.0,1.0,1.0,0.0,0.0,1.0,0.0,0.0,0.0,0.0
0,1,0,1,0,24.0,0,0,0,0,0.0,0.0,0.0,0.8799999952316284,51.17399978637695,0.0,1.0,0.0,0.0,2.0,0.0,0.0,3.0,3.0,1.0,1.0,0.0
1,1,0,1,0,28.0,0,0,0,0,0.0,1.0,0.0,2.7799999713897705,34.95800018310547,0.0,1.0,0.0,0.0,2.0,0.0,0.0,2.0,4.0,4.0,0.0,0.0
0,0,0,1,0,21.0,4,1,0,0,1.0,0.0,0.0,0.30000001192092896,21.052000045776367,0.0,0.0,0.0,0.0,1.0,0.0,0.0,3.0,2.0,3.0,0.0,1.0
0,0,0,1,0,34.0,1,1,0,0,0.0,0.0,0.0,0.8500000238418579,16.790000915527344,0.0,0.0,0.0,1.0,1.0,0.0,0.0,1.0,3.0,1.0,1.0,0.0
0,1,0,1,0,20.0,1,1,0,0,1.0,0.0,0.0,0.7099999785423279,74.375,0.0,0.0,0.0,0.0,0.0,0.0,0.0,1.0,1.0,0.0,0.0,1.0
0,1,0,1,0,22.0,1,0,0,0,0.0,1.0,0.0,1.9600000381469727,73.64600372314453,0.0,0.0,0.0,0.0,1.0,0.0,0.0,0.0,1.0,0.0,0.0,0.0
1,0,0,1,0,25.0,3,0,0,0,1.0,0.0,0.0,0.6399999856948853,2.0799999237060547,0.0,0.0,0.0,0.0,0.0,0.0,0.0,1.0,1.0,0.0,0.0,1.0
1,0,0,1,0,19.0,2,1,0,0,0.0,0.0,0.0,0.75,11.321000099182129,3.0,3.0,2.0,2.0,3.0,2.0,3.0,4.0,3.0,2.0,2.0,0.0
0,1,0,0,0,27.0,2,0,0,0,0.0,0.0,1.0,3.130000114440918,97.18199920654297,0.0,1.0,0.0,0.0,0.0,0.0,1.0,3.0,2.0,0.0,0.0,0.0
0,1,0,1,0,20.0,2,0,0,0,0.0,0.0,1.0,3.7699999809265137,61.106998443603516,0.0,0.0,0.0,0.0,0.0,0.0,0.0,1.0,0.0,0.0,0.0,0.0
0,1,0,0,0,28.0,1,0,0,0,0.0,1.0,0.0,4.929999828338623,75.68099975585938,0.0,0.0,0.0,0.0,1.0,0.0,0.0,0.0,1.0,0.0,0.0,0.0
0,0,0,0,0,28.0,1,0,0,0,0.0,0.0,1.0,16.270000457763672,81.02899932861328,0.0,0.0,0.0,0.0,0.0,0.0,0.0,1.0,4.0,0.0,0.0,0.0
0,1,0,0,0,25.0,2,0,0,0,0.0,1.0,0.0,1.1200000047683716,32.071998596191406,0.0,0.0,0.0,0.0,1.0,0.0,0.0,0.0,0.0,0.0,0.0,0.0
0,0,0,1,0,22.0,1,0,1,0,0.0,0.0,1.0,3.799999952316284,27.0,0.0,0.0,0.0,0.0,1.0,0.0,0.0,2.0,1.0,0.0,0.0,0.0
0,0,0,1,0,23.0,1,0,1,0,0.0,0.0,1.0,3.799999952316284,52.43299865722656,0.0,0.0,0.0,0.0,0.0,0.0,0.0,2.0,2.0,1.0,0.0,0.0
0,1,1,0,0,29.0,0,0,0,0,0.0,0.0,1.0,7.960000038146973,68.43399810791016,0.0,1.0,0.0,0.0,1.0,0.0,0.0,2.0,3.0,0.0,0.0,0.0
0,1,1,0,0,22.0,1,0,0,0,0.0,1.0,0.0,3.819999933242798,47.60300064086914,0.0,0.0,0.0,0.0,1.0,0.0,0.0,0.0,1.0,0.0,0.0,0.0
1,1,0,0,0,28.0,1,0,1,0,0.0,1.0,0.0,2.630000114440918,47.44499969482422,2.0,1.0,0.0,1.0,0.0,0.0,1.0,3.0,2.0,2.0,0.0,0.0
1,1,0,0,0,23.0,1,1,0,0,1.0,0.0,0.0,1.4199999570846558,82.1709976196289,0.0,0.0,0.0,0.0,1.0,0.0,1.0,0.0,2.0,0.0,0.0,0.0
0,0,0,1,0,25.0,0,1,0,0,0.0,0.0,0.0,3.640000104904175,27.680999755859375,1.0,0.0,0.0,0.0,1.0,0.0,0.0,1.0,1.0,0.0,0.0,0.0
0,1,0,0,0,22.0,0,1,0,0,1.0,0.0,0.0,5.920000076293945,21.17799949645996,0.0,0.0,0.0,0.0,1.0,0.0,0.0,0.0,0.0,0.0,0.0,0.0
0,1,1,0,0,24.0,1,0,0,0,1.0,0.0,0.0,2.2300000190734863,83.05500030517578,0.0,3.0,0.0,0.0,2.0,0.0,1.0,1.0,1.0,2.0,0.0,0.0
0,0,1,0,0,20.0,1,1,0,0,0.0,1.0,0.0,0.0,52.15700149536133,0.0,0.0,0.0,0.0,1.0,0.0,0.0,0.0,1.0,0.0,0.0,0.0
1,1,0,0,0,19.0,0,1,0,0,0.0,1.0,0.0,0.9100000262260437,61.54399871826172,2.0,0.0,0.0,0.0,2.0,2.0,3.0,2.0,3.0,0.0,0.0,1.0
0,0,0,0,0,29.0,0,0,0,0,0.0,0.0,1.0,9.739999771118164,94.36299896240234,0.0,0.0,0.0,0.0,0.0,0.0,0.0,0.0,0.0,0.0,0.0,0.0
0,1,0,0,0,35.0,1,1,0,0,0.0,0.0,1.0,2.690000057220459,70.54100036621094,0.0,2.0,0.0,0.0,0.0,0.0,0.0,0.0,2.0,0.0,0.0,0.0
1,1,0,0,0,26.0,1,0,0,0,0.0,1.0,0.0,5.090000152587891,93.99400329589844,3.0,3.0,1.0,0.0,0.0,1.0,2.0,2.0,2.0,2.0,1.0,0.0
1,0,0,0,0,27.0,1,0,0,0,0.0,1.0,0.0,5.090000152587891,64.38400268554688,3.0,3.0,1.0,1.0,1.0,1.0,1.0,4.0,0.0,1.0,1.0,1.0
0,0,0,0,0,36.0,1,0,0,0,0.0,0.0,1.0,4.349999904632568,95.34100341796875,0.0,0.0,0.0,0.0,0.0,0.0,0.0,0.0,0.0,0.0,0.0,0.0
1,0,0,0,0,24.0,0,1,0,0,1.0,0.0,0.0,7.369999885559082,77.427001953125,2.0,2.0,1.0,2.0,1.0,2.0,1.0,3.0,2.0,1.0,1.0,1.0
1,1,0,0,0,29.0,1,0,0,0,1.0,0.0,0.0,2.4200000762939453,87.28800201416016,0.0,2.0,0.0,0.0,0.0,0.0,0.0,1.0,1.0,1.0,1.0,0.0
0,0,0,0,0,31.0,1,0,0,0,1.0,0.0,0.0,2.4200000762939453,42.768001556396484,0.0,0.0,0.0,0.0,1.0,0.0,0.0,0.0,2.0,2.0,0.0,0.0
1,0,0,0,0,23.0,2,1,0,0,0.0,1.0,0.0,1.4299999475479126,89.08899688720703,2.0,0.0,0.0,0.0,0.0,0.0,0.0,3.0,4.0,2.0,0.0,0.0
0,0,0,1,0,26.0,1,0,0,0,0.0,1.0,0.0,5.46999979019165,76.95800018310547,2.0,1.0,0.0,1.0,0.0,0.0,0.0,0.0,2.0,1.0,0.0,0.0
0,0,0,0,0,22.0,1,1,0,0,0.0,0.0,1.0,6.070000171661377,97.88500213623047,0.0,0.0,0.0,0.0,0.0,0.0,0.0,1.0,1.0,2.0,0.0,0.0
0,1,0,1,0,29.0,0,0,0,0,1.0,0.0,0.0,1.409999966621399,18.570999145507812,0.0,0.0,0.0,0.0,1.0,0.0,0.0,0.0,1.0,0.0,0.0,0.0
1,1,0,1,0,28.0,1,0,0,0,0.0,0.0,0.0,4.269999980926514,6.841000080108643,0.0,0.0,0.0,0.0,0.0,0.0,0.0,1.0,2.0,0.0,0.0,0.0
1,0,0,0,0,22.0,1,0,0,0,0.0,1.0,0.0,2.8299999237060547,13.9350004196167,0.0,0.0,0.0,0.0,1.0,0.0,0.0,1.0,1.0,0.0,0.0,0.0
1,0,0,0,0,24.0,1,0,0,0,0.0,1.0,0.0,2.8299999237060547,14.173999786376953,0.0,0.0,0.0,0.0,0.0,2.0,0.0,3.0,2.0,0.0,0.0,0.0
1,0,0,0,0,18.0,0,0,1,0,1.0,0.0,0.0,3.7799999713897705,36.38600158691406,0.0,2.0,2.0,2.0,1.0,2.0,0.0,2.0,1.0,1.0,1.0,0.0
0,1,0,0,0,30.0,1,0,0,0,1.0,0.0,0.0,1.440000057220459,50.0629997253418,0.0,0.0,0.0,0.0,0.0,0.0,0.0,0.0,0.0,0.0,0.0,0.0
1,0,0,0,0,23.0,2,0,1,0,1.0,0.0,0.0,3.309999942779541,41.645999908447266,1.0,0.0,0.0,0.0,1.0,0.0,0.0,2.0,3.0,2.0,0.0,0.0
0,1,0,0,0,36.0,0,0,0,0,0.0,0.0,1.0,4.090000152587891,75.4800033569336,0.0,0.0,0.0,0.0,1.0,0.0,0.0,1.0,2.0,1.0,0.0,0.0
0,1,0,0,0,29.0,1,0,0,0,0.0,0.0,1.0,6.159999847412109,56.19599914550781,0.0,1.0,0.0,0.0,1.0,0.0,0.0,0.0,1.0,1.0,0.0,0.0
0,0,0,0,0,28.0,2,0,0,0,1.0,0.0,0.0,2.9100000858306885,51.862998962402344,1.0,0.0,0.0,0.0,0.0,0.0,0.0,0.0,3.0,0.0,0.0,0.0
0,1,0,1,0,33.0,1,1,0,0,0.0,1.0,0.0,0.20000000298023224,38.12300109863281,0.0,1.0,0.0,0.0,0.0,0.0,0.0,4.0,4.0,4.0,1.0,1.0
1,0,0,1,0,24.0,2,1,0,0,0.0,0.0,0.0,0.3100000023841858,17.20199966430664,0.0,0.0,0.0,0.0,0.0,0.0,0.0,0.0,0.0,1.0,0.0,0.0
0,0,0,0,0,30.0,0,1,0,0,1.0,0.0,0.0,1.309999942779541,24.875999450683594,1.0,1.0,0.0,2.0,1.0,0.0,0.0,1.0,1.0,2.0,0.0,0.0
1,1,0,0,0,22.0,0,1,0,0,0.0,1.0,0.0,0.46000000834465027,6.2870001792907715,1.0,1.0,0.0,0.0,2.0,0.0,0.0,3.0,2.0,1.0,0.0,1.0
0,1,0,1,0,22.0,2,1,0,0,1.0,0.0,0.0,0.0,36.577999114990234,0.0,0.0,0.0,0.0,2.0,0.0,0.0,0.0,1.0,0.0,0.0,0.0
0,0,0,1,0,23.0,2,1,0,0,1.0,0.0,0.0,0.0,17.52199935913086,1.0,0.0,0.0,0.0,2.0,0.0,0.0,0.0,2.0,2.0,0.0,1.0
1,0,0,1,0,35.0,4,1,0,0,0.0,0.0,0.0,0.07999999821186066,10.767000198364258,4.0,2.0,1.0,0.0,3.0,2.0,0.0,0.0,4.0,2.0,2.0,0.0
1,1,0,1,0,26.0,0,1,0,0,0.0,0.0,0.0,1.3899999856948853,44.0989990234375,1.0,3.0,2.0,0.0,1.0,0.0,0.0,1.0,2.0,2.0,0.0,0.0
1,1,0,1,0,32.0,0,1,0,0,0.0,1.0,0.0,1.2699999809265137,6.553999900817871,0.0,0.0,0.0,0.0,1.0,0.0,1.0,0.0,2.0,1.0,0.0,1.0
0,0,0,1,0,21.0,6,0,0,0,0.0,0.0,0.0,0.5099999904632568,43.345001220703125,0.0,0.0,0.0,0.0,1.0,0.0,1.0,0.0,1.0,0.0,0.0,1.0
0,1,0,1,0,23.0,6,0,0,0,0.0,0.0,0.0,0.5099999904632568,11.152999877929688,0.0,1.0,0.0,0.0,0.0,0.0,1.0,3.0,4.0,0.0,0.0,0.0
1,0,0,1,0,31.0,1,0,1,0,0.0,1.0,0.0,2.200000047683716,23.711999893188477,3.0,3.0,2.0,0.0,3.0,1.0,0.0,4.0,1.0,2.0,0.0,1.0
0,0,0,1,0,22.0,1,0,0,0,0.0,1.0,0.0,2.200000047683716,1.2599999904632568,0.0,0.0,0.0,0.0,0.0,0.0,0.0,0.0,1.0,0.0,0.0,0.0
0,1,0,1,0,24.0,3,0,0,0,0.0,0.0,0.0,1.190000057220459,0.1080000028014183,0.0,0.0,0.0,0.0,1.0,0.0,0.0,0.0,0.0,0.0,0.0,0.0
0,0,0,0,0,38.0,1,0,0,0,1.0,0.0,0.0,3.1700000762939453,50.86899948120117,1.0,0.0,0.0,0.0,1.0,0.0,0.0,1.0,0.0,0.0,0.0,0.0
1,0,0,0,0,24.0,1,0,0,0,0.0,1.0,0.0,3.869999885559082,44.29800033569336,0.0,0.0,0.0,0.0,0.0,0.0,0.0,0.0,0.0,0.0,0.0,0.0
0,0,0,0,0,25.0,1,0,0,0,0.0,1.0,0.0,3.869999885559082,62.78099822998047,0.0,0.0,0.0,0.0,1.0,0.0,0.0,0.0,0.0,0.0,0.0,0.0
0,0,0,1,0,20.0,2,0,0,0,0.0,0.0,1.0,4.199999809265137,65.60600280761719,0.0,1.0,0.0,0.0,1.0,0.0,0.0,1.0,1.0,1.0,0.0,0.0
0,1,0,0,0,25.0,1,0,0,0,0.0,0.0,1.0,4.679999828338623,65.44499969482422,0.0,0.0,0.0,0.0,1.0,0.0,0.0,0.0,1.0,0.0,0.0,0.0
0,0,0,0,0,27.0,0,0,0,0,0.0,1.0,0.0,5.940000057220459,12.590999603271484,0.0,0.0,0.0,0.0,0.0,0.0,1.0,0.0,3.0,2.0,2.0,1.0
0,0,0,1,0,26.0,1,0,0,0,1.0,0.0,0.0,4.53000020980835,46.270999908447266,0.0,0.0,0.0,0.0,1.0,0.0,0.0,0.0,0.0,0.0,0.0,0.0
0,1,0,1,0,27.0,1,0,0,0,1.0,0.0,0.0,4.53000020980835,87.56900024414062,0.0,0.0,0.0,0.0,1.0,0.0,0.0,0.0,2.0,0.0,0.0,0.0
0,1,0,1,0,26.0,2,0,0,0,0.0,0.0,1.0,4.300000190734863,84.10399627685547,0.0,0.0,0.0,0.0,0.0,0.0,1.0,0.0,3.0,2.0,1.0,0.0
0,0,0,0,0,32.0,1,0,0,0,0.0,0.0,1.0,1.7599999904632568,100.0,0.0,1.0,0.0,0.0,0.0,0.0,0.0,0.0,0.0,0.0,0.0,0.0
0,0,0,0,0,29.0,2,1,0,0,0.0,0.0,1.0,1.0700000524520874,95.65499877929688,0.0,0.0,0.0,0.0,0.0,0.0,0.0,1.0,0.0,0.0,0.0,0.0
0,1,0,0,0,21.0,2,1,0,0,0.0,0.0,0.0,1.340000033378601,3.805999994277954,0.0,0.0,0.0,0.0,0.0,0.0,0.0,3.0,3.0,1.0,0.0,0.0
0,1,0,0,0,23.0,0,1,0,0,0.0,0.0,0.0,1.5299999713897705,34.659000396728516,1.0,0.0,0.0,0.0,1.0,0.0,0.0,2.0,0.0,0.0,0.0,0.0
0,1,0,0,0,23.0,2,0,0,0,0.0,0.0,1.0,2.759999990463257,89.27999877929688,0.0,0.0,0.0,0.0,0.0,0.0,0.0,0.0,0.0,0.0,0.0,0.0
0,0,0,0,0,25.0,2,0,0,0,0.0,0.0,1.0,2.759999990463257,40.45800018310547,0.0,0.0,0.0,0.0,2.0,0.0,0.0,0.0,0.0,0.0,0.0,0.0
0,1,0,0,0,26.0,4,0,0,0,0.0,0.0,1.0,2.259999990463257,87.4260025024414,0.0,0.0,0.0,0.0,0.0,0.0,0.0,0.0,0.0,0.0,0.0,0.0
0,0,0,0,0,27.0,4,0,0,0,0.0,0.0,1.0,2.259999990463257,98.1510009765625,0.0,0.0,0.0,0.0,0.0,0.0,0.0,0.0,0.0,0.0,0.0,0.0
0,0,0,0,0,21.0,1,0,1,0,1.0,0.0,0.0,3.0899999141693115,86.69100189208984,1.0,0.0,0.0,0.0,1.0,0.0,0.0,2.0,2.0,2.0,1.0,0.0
1,1,0,0,0,18.0,3,1,0,0,0.0,0.0,0.0,0.8500000238418579,13.98900032043457,2.0,1.0,1.0,2.0,2.0,2.0,1.0,1.0,1.0,1.0,1.0,1.0
0,1,0,0,0,22.0,3,1,0,0,0.0,0.0,0.0,0.8500000238418579,38.191001892089844,0.0,0.0,0.0,0.0,0.0,0.0,0.0,1.0,1.0,0.0,0.0,0.0
1,0,0,1,0,20.0,1,0,0,0,0.0,0.0,0.0,1.7000000476837158,15.873000144958496,0.0,0.0,0.0,1.0,1.0,1.0,0.0,3.0,2.0,1.0,1.0,1.0
1,0,0,0,0,22.0,2,1,0,0,1.0,0.0,0.0,1.7200000286102295,47.90700149536133,1.0,1.0,0.0,1.0,0.0,0.0,0.0,3.0,2.0,2.0,1.0,1.0
1,0,0,0,0,29.0,1,1,0,0,1.0,0.0,0.0,3.140000104904175,16.113000869750977,0.0,1.0,0.0,1.0,1.0,1.0,2.0,4.0,4.0,4.0,1.0,1.0
0,0,0,0,0,36.0,0,0,0,0,0.0,0.0,1.0,5.539999961853027,28.184999465942383,0.0,0.0,0.0,0.0,0.0,0.0,0.0,1.0,0.0,0.0,0.0,0.0
0,1,0,0,0,24.0,1,0,0,0,0.0,1.0,0.0,1.8899999856948853,49.6879997253418,0.0,0.0,0.0,0.0,0.0,0.0,0.0,0.0,2.0,0.0,0.0,1.0
0,1,0,0,0,25.0,1,0,1,0,0.0,0.0,1.0,3.640000104904175,75.18599700927734,0.0,0.0,0.0,0.0,0.0,0.0,0.0,0.0,3.0,0.0,0.0,0.0
0,0,0,0,0,26.0,2,0,1,0,0.0,1.0,0.0,2.0899999141693115,17.694000244140625,1.0,1.0,1.0,0.0,0.0,0.0,0.0,0.0,0.0,0.0,0.0,0.0
0,1,0,0,0,22.0,2,0,0,0,0.0,1.0,0.0,2.9600000381469727,51.54600143432617,0.0,0.0,0.0,0.0,1.0,1.0,0.0,1.0,1.0,0.0,0.0,0.0
1,1,0,0,0,24.0,2,0,0,0,0.0,1.0,0.0,2.9600000381469727,43.512001037597656,0.0,0.0,1.0,0.0,0.0,0.0,0.0,2.0,4.0,1.0,0.0,0.0
0,1,0,0,0,16.0,0,1,0,0,0.0,1.0,0.0,3.3299999237060547,66.08000183105469,1.0,0.0,0.0,0.0,1.0,0.0,0.0,3.0,2.0,1.0,0.0,0.0
0,1,0,0,0,26.0,2,0,0,0,0.0,1.0,0.0,6.710000038146973,56.88399887084961,0.0,0.0,0.0,0.0,0.0,0.0,0.0,2.0,3.0,2.0,0.0,0.0
0,1,0,0,0,23.0,0,1,0,0,1.0,0.0,0.0,1.0700000524520874,29.368000030517578,0.0,0.0,0.0,0.0,1.0,0.0,1.0,3.0,2.0,1.0,0.0,0.0
0,1,0,0,0,17.0,2,1,0,0,1.0,0.0,0.0,0.49000000953674316,54.61800003051758,0.0,2.0,0.0,0.0,0.0,0.0,0.0,1.0,1.0,1.0,0.0,0.0
0,1,0,0,0,19.0,2,1,0,0,1.0,0.0,0.0,0.49000000953674316,53.56399917602539,1.0,2.0,0.0,0.0,2.0,0.0,0.0,3.0,3.0,3.0,0.0,1.0
0,0,0,0,0,31.0,1,0,0,0,0.0,1.0,0.0,16.270000457763672,4.868000030517578,0.0,0.0,0.0,0.0,0.0,1.0,0.0,1.0,1.0,0.0,0.0,0.0
0,0,0,0,0,37.0,1,0,0,0,0.0,1.0,0.0,2.990000009536743,38.35900115966797,4.0,0.0,0.0,0.0,0.0,0.0,0.0,2.0,1.0,1.0,0.0,0.0
1,0,0,0,0,25.0,1,0,1,0,0.0,1.0,0.0,4.860000133514404,21.945999145507812,3.0,3.0,1.0,3.0,2.0,1.0,0.0,3.0,3.0,3.0,1.0,0.0
1,0,0,0,0,32.0,1,0,0,0,0.0,0.0,1.0,3.1500000953674316,46.74300003051758,1.0,0.0,2.0,1.0,1.0,0.0,1.0,3.0,2.0,2.0,1.0,1.0
1,0,0,0,0,35.0,1,1,0,0,0.0,0.0,1.0,5.570000171661377,53.50400161743164,0.0,0.0,0.0,0.0,1.0,0.0,0.0,2.0,1.0,1.0,1.0,0.0
0,1,0,0,0,27.0,0,0,0,0,0.0,1.0,0.0,0.6100000143051147,67.29299926757812,0.0,1.0,1.0,0.0,1.0,1.0,1.0,3.0,2.0,1.0,0.0,0.0
0,1,0,0,0,34.0,1,1,0,0,0.0,0.0,1.0,3.319999933242798,64.49199676513672,0.0,0.0,0.0,0.0,1.0,0.0,0.0,0.0,0.0,0.0,0.0,0.0
0,0,0,0,0,33.0,5,1,0,0,1.0,0.0,0.0,0.6399999856948853,73.52300262451172,1.0,1.0,0.0,0.0,1.0,0.0,1.0,0.0,0.0,0.0,0.0,0.0
0,1,0,0,0,35.0,1,0,0,0,0.0,0.0,1.0,3.609999895095825,56.51300048828125,0.0,0.0,0.0,0.0,1.0,0.0,0.0,3.0,2.0,2.0,0.0,0.0
0,1,0,0,0,36.0,0,1,0,0,0.0,0.0,1.0,1.2200000286102295,84.71900177001953,0.0,0.0,0.0,0.0,0.0,0.0,0.0,0.0,0.0,0.0,0.0,0.0
1,0,0,0,0,22.0,2,1,0,0,0.0,0.0,0.0,0.2800000011920929,69.07099914550781,1.0,1.0,1.0,0.0,2.0,1.0,0.0,2.0,1.0,1.0,0.0,1.0
0,0,0,0,0,27.0,3,0,0,0,0.0,0.0,0.0,0.8500000238418579,22.722000122070312,0.0,0.0,0.0,0.0,0.0,0.0,0.0,0.0,0.0,0.0,0.0,0.0
0,1,0,0,0,21.0,1,1,0,0,0.0,0.0,1.0,5.989999771118164,67.6729965209961,0.0,0.0,0.0,0.0,0.0,0.0,0.0,0.0,3.0,0.0,0.0,0.0
0,0,0,0,0,37.0,0,0,0,0,1.0,0.0,0.0,1.2699999809265137,73.8479995727539,1.0,0.0,0.0,0.0,1.0,0.0,0.0,2.0,1.0,1.0,0.0,0.0
0,0,0,1,0,22.0,0,0,1,0,0.0,1.0,0.0,2.7699999809265137,79.58799743652344,2.0,2.0,0.0,2.0,0.0,1.0,0.0,4.0,2.0,4.0,0.0,0.0
0,1,0,0,0,25.0,1,0,1,0,1.0,0.0,0.0,4.619999885559082,43.992000579833984,0.0,0.0,0.0,0.0,1.0,0.0,0.0,1.0,0.0,1.0,0.0,0.0
0,1,0,0,0,29.0,1,0,0,0,0.0,1.0,0.0,5.46999979019165,63.4640007019043,3.0,2.0,0.0,0.0,1.0,0.0,0.0,3.0,2.0,1.0,0.0,0.0
1,1,0,0,0,30.0,1,0,0,0,0.0,1.0,0.0,5.46999979019165,40.814998626708984,0.0,1.0,0.0,0.0,0.0,0.0,0.0,4.0,3.0,3.0,0.0,0.0
0,0,0,0,0,24.0,2,0,0,0,1.0,0.0,0.0,2.450000047683716,30.479999542236328,0.0,0.0,0.0,0.0,1.0,0.0,0.0,0.0,1.0,0.0,0.0,0.0
0,1,0,0,0,30.0,0,1,0,0,0.0,0.0,1.0,1.3600000143051147,60.119998931884766,1.0,2.0,0.0,1.0,0.0,0.0,1.0,4.0,3.0,3.0,1.0,0.0
1,0,0,0,0,30.0,1,0,0,0,1.0,0.0,0.0,3.2100000381469727,31.357999801635742,3.0,2.0,3.0,1.0,0.0,2.0,1.0,3.0,3.0,3.0,2.0,1.0
1,1,0,0,0,27.0,1,1,0,0,1.0,0.0,0.0,1.1799999475479126,28.246999740600586,0.0,2.0,1.0,2.0,0.0,0.0,0.0,4.0,4.0,3.0,2.0,0.0
1,1,0,0,0,18.0,2,0,1,0,0.0,1.0,0.0,4.059999942779541,56.3489990234375,0.0,1.0,0.0,0.0,0.0,2.0,0.0,3.0,3.0,3.0,0.0,0.0
0,0,0,1,0,22.0,0,0,0,0,0.0,0.0,0.0,3.559999942779541,75.7760009765625,1.0,0.0,1.0,0.0,1.0,0.0,1.0,1.0,1.0,1.0,1.0,0.0
1,0,0,0,0,26.0,2,0,0,0,0.0,0.0,1.0,3.680000066757202,68.1969985961914,1.0,0.0,0.0,0.0,0.0,2.0,0.0,3.0,2.0,1.0,1.0,0.0
0,0,0,0,0,18.0,6,0,0,0,0.0,1.0,0.0,1.5800000429153442,44.816001892089844,1.0,2.0,1.0,0.0,1.0,0.0,0.0,0.0,0.0,0.0,0.0,0.0
1,1,0,0,0,21.0,6,0,0,0,0.0,1.0,0.0,1.5800000429153442,59.0620002746582,1.0,1.0,1.0,1.0,1.0,0.0,1.0,1.0,3.0,1.0,0.0,0.0
0,1,0,0,0,27.0,2,0,0,0,0.0,1.0,0.0,2.0799999237060547,75.23300170898438,0.0,0.0,0.0,0.0,1.0,0.0,0.0,4.0,0.0,0.0,0.0,0.0
0,1,1,0,0,36.0,2,0,0,0,0.0,1.0,0.0,3.0199999809265137,39.83300018310547,0.0,0.0,0.0,0.0,0.0,1.0,1.0,3.0,3.0,2.0,0.0,0.0
1,0,0,0,0,29.0,2,1,0,0,0.0,1.0,0.0,1.2100000381469727,46.356998443603516,2.0,0.0,0.0,0.0,1.0,0.0,0.0,0.0,2.0,1.0,0.0,0.0
0,0,0,0,0,30.0,2,1,0,0,0.0,1.0,0.0,1.2100000381469727,37.23899841308594,0.0,0.0,0.0,0.0,0.0,0.0,0.0,0.0,1.0,0.0,0.0,0.0
0,0,0,0,0,23.0,1,0,1,0,0.0,1.0,0.0,0.75,7.2179999351501465,0.0,0.0,0.0,0.0,2.0,0.0,1.0,0.0,2.0,0.0,0.0,0.0
1,0,1,0,0,25.0,2,0,0,0,1.0,0.0,0.0,2.059999942779541,1.3760000467300415,0.0,0.0,0.0,0.0,0.0,0.0,0.0,0.0,0.0,0.0,0.0,1.0
0,1,0,0,0,39.0,0,0,1,0,0.0,1.0,0.0,3.1700000762939453,18.641000747680664,0.0,1.0,1.0,0.0,0.0,0.0,0.0,1.0,2.0,2.0,0.0,0.0
0,0,0,0,0,28.0,1,0,0,0,0.0,0.0,1.0,2.930000066757202,97.78399658203125,0.0,0.0,0.0,0.0,1.0,0.0,0.0,0.0,0.0,0.0,0.0,0.0
0,1,0,0,0,30.0,1,0,0,0,0.0,0.0,1.0,2.930000066757202,74.71099853515625,0.0,0.0,0.0,0.0,0.0,0.0,0.0,3.0,4.0,2.0,0.0,0.0
1,1,0,0,1,21.0,1,0,0,0,0.0,1.0,0.0,3.7799999713897705,35.0620002746582,1.0,0.0,0.0,0.0,1.0,0.0,0.0,0.0,0.0,0.0,0.0,0.0
0,1,0,0,0,35.0,5,0,0,0,1.0,0.0,0.0,1.899999976158142,39.88999938964844,0.0,0.0,0.0,0.0,1.0,0.0,0.0,0.0,1.0,0.0,0.0,0.0
0,0,0,1,0,29.0,1,1,0,0,0.0,1.0,0.0,1.940000057220459,84.84400177001953,0.0,0.0,0.0,0.0,0.0,0.0,0.0,0.0,0.0,0.0,0.0,0.0
1,0,1,0,0,17.0,1,1,0,0,0.0,1.0,0.0,1.309999942779541,6.390999794006348,0.0,0.0,0.0,0.0,2.0,0.0,0.0,3.0,0.0,0.0,0.0,0.0
0,0,0,0,0,36.0,1,0,1,0,0.0,0.0,1.0,16.270000457763672,82.5999984741211,0.0,0.0,0.0,0.0,0.0,0.0,0.0,0.0,1.0,0.0,0.0,0.0
1,1,0,0,0,34.0,1,1,0,0,0.0,1.0,0.0,0.41999998688697815,87.75299835205078,0.0,0.0,0.0,0.0,0.0,0.0,1.0,0.0,1.0,0.0,0.0,0.0
0,0,1,0,0,27.0,3,1,0,0,1.0,0.0,0.0,2.200000047683716,9.678999900817871,0.0,0.0,0.0,0.0,1.0,0.0,0.0,0.0,1.0,1.0,0.0,0.0
0,0,1,0,0,23.0,2,0,1,0,1.0,0.0,0.0,0.9700000286102295,31.38800048828125,0.0,0.0,0.0,0.0,1.0,0.0,0.0,0.0,0.0,0.0,0.0,0.0
0,1,1,0,0,23.0,2,0,0,0,1.0,0.0,0.0,1.0099999904632568,1.7350000143051147,0.0,0.0,0.0,0.0,1.0,0.0,0.0,0.0,0.0,0.0,0.0,0.0
1,0,0,1,0,17.0,2,0,0,0,0.0,1.0,0.0,2.0299999713897705,34.42599868774414,0.0,0.0,0.0,0.0,2.0,2.0,0.0,1.0,1.0,2.0,0.0,0.0
0,0,0,0,0,20.0,0,0,0,0,1.0,0.0,0.0,5.340000152587891,21.260000228881836,0.0,0.0,0.0,0.0,1.0,1.0,0.0,0.0,0.0,0.0,0.0,0.0
1,1,0,1,0,22.0,2,0,0,0,0.0,1.0,0.0,2.7300000190734863,55.55400085449219,0.0,3.0,0.0,0.0,2.0,0.0,1.0,1.0,3.0,2.0,2.0,0.0
1,1,0,0,0,30.0,2,1,0,0,0.0,0.0,1.0,2.3299999237060547,21.535999298095703,1.0,0.0,0.0,0.0,1.0,0.0,0.0,2.0,1.0,0.0,1.0,0.0
0,1,0,0,0,33.0,2,1,0,0,0.0,0.0,1.0,2.3299999237060547,60.777000427246094,0.0,0.0,0.0,0.0,0.0,0.0,0.0,4.0,3.0,4.0,4.0,0.0
0,1,0,0,0,20.0,1,1,0,0,0.0,0.0,0.0,1.940000057220459,61.612998962402344,1.0,1.0,0.0,0.0,1.0,0.0,0.0,3.0,1.0,1.0,0.0,0.0
1,0,0,0,0,22.0,1,1,0,0,0.0,1.0,0.0,1.690000057220459,40.24300003051758,0.0,0.0,0.0,0.0,1.0,1.0,0.0,3.0,2.0,2.0,1.0,1.0
0,1,0,0,1,29.0,1,0,0,0,0.0,1.0,0.0,3.190000057220459,70.80599975585938,0.0,0.0,0.0,0.0,0.0,0.0,0.0,0.0,0.0,0.0,0.0,0.0
0,1,0,0,0,20.0,2,0,1,0,1.0,0.0,0.0,3.7200000286102295,81.33599853515625,2.0,0.0,0.0,0.0,2.0,0.0,0.0,0.0,0.0,0.0,0.0,0.0
0,0,0,0,0,23.0,1,0,0,0,0.0,0.0,0.0,2.200000047683716,25.145000457763672,2.0,1.0,0.0,1.0,2.0,0.0,0.0,3.0,3.0,2.0,0.0,0.0
0,0,0,1,0,20.0,1,1,0,0,1.0,0.0,0.0,3.2200000286102295,43.88600158691406,0.0,0.0,0.0,0.0,1.0,0.0,0.0,2.0,1.0,1.0,0.0,1.0
0,1,0,1,0,23.0,1,1,0,0,1.0,0.0,0.0,3.2200000286102295,89.56600189208984,0.0,0.0,0.0,0.0,0.0,0.0,0.0,0.0,2.0,1.0,0.0,0.0
0,1,0,1,0,20.0,1,0,0,0,1.0,0.0,0.0,1.7300000190734863,13.157999992370605,0.0,0.0,0.0,0.0,1.0,0.0,0.0,1.0,0.0,0.0,0.0,0.0
0,1,0,0,0,30.0,1,1,0,0,0.0,1.0,0.0,3.009999990463257,36.071998596191406,0.0,0.0,0.0,0.0,2.0,0.0,0.0,0.0,0.0,0.0,0.0,0.0
0,1,0,1,0,18.0,4,0,0,0,0.0,0.0,0.0,0.6399999856948853,2.871999979019165,0.0,0.0,0.0,0.0,0.0,0.0,0.0,0.0,0.0,0.0,0.0,0.0
0,1,0,1,0,19.0,4,0,0,0,0.0,0.0,0.0,0.6399999856948853,16.433000564575195,0.0,0.0,0.0,0.0,0.0,0.0,0.0,0.0,0.0,0.0,0.0,0.0
0,0,0,1,0,23.0,2,0,0,0,0.0,1.0,0.0,1.9900000095367432,85.85399627685547,0.0,0.0,0.0,0.0,2.0,0.0,0.0,0.0,2.0,0.0,0.0,0.0
1,0,0,0,1,21.0,3,0,0,0,0.0,1.0,0.0,2.859999895095825,37.41899871826172,0.0,0.0,0.0,0.0,1.0,0.0,0.0,1.0,1.0,1.0,1.0,0.0
1,1,0,0,0,31.0,1,1,0,0,0.0,0.0,0.0,0.5099999904632568,46.2239990234375,1.0,0.0,0.0,0.0,1.0,0.0,1.0,3.0,3.0,3.0,1.0,0.0
0,1,0,1,0,23.0,2,0,0,0,1.0,0.0,0.0,3.0399999618530273,94.71499633789062,0.0,1.0,0.0,0.0,0.0,0.0,0.0,0.0,0.0,0.0,0.0,0.0
0,1,0,1,0,26.0,2,0,0,0,1.0,0.0,0.0,3.0399999618530273,56.10200119018555,0.0,1.0,0.0,0.0,1.0,0.0,0.0,1.0,2.0,0.0,0.0,0.0
0,1,0,0,0,19.0,1,0,0,0,1.0,0.0,0.0,5.909999847412109,72.26499938964844,0.0,0.0,0.0,0.0,1.0,0.0,0.0,0.0,2.0,0.0,0.0,0.0
0,0,0,0,0,20.0,1,0,0,0,1.0,0.0,0.0,5.909999847412109,30.79599952697754,0.0,0.0,0.0,0.0,0.0,0.0,0.0,3.0,2.0,1.0,0.0,0.0
0,1,0,0,0,26.0,2,0,0,0,0.0,1.0,0.0,3.7799999713897705,98.41699981689453,0.0,0.0,0.0,0.0,0.0,0.0,0.0,0.0,1.0,0.0,0.0,0.0
0,1,0,0,0,22.0,1,0,0,0,0.0,1.0,0.0,3.880000114440918,34.819000244140625,0.0,0.0,0.0,0.0,1.0,0.0,0.0,0.0,1.0,1.0,0.0,0.0
1,1,0,0,0,28.0,2,0,0,0,0.0,1.0,0.0,4.429999828338623,52.4119987487793,0.0,0.0,0.0,0.0,0.0,0.0,0.0,0.0,2.0,0.0,0.0,0.0
0,1,0,0,0,22.0,1,0,1,0,1.0,0.0,0.0,4.710000038146973,60.387001037597656,0.0,0.0,0.0,0.0,1.0,0.0,0.0,1.0,2.0,0.0,0.0,0.0
1,1,0,0,0,20.0,1,1,0,0,0.0,1.0,0.0,3.319999933242798,36.83300018310547,0.0,1.0,0.0,0.0,0.0,0.0,1.0,2.0,2.0,2.0,0.0,0.0
1,1,0,0,0,31.0,1,0,0,0,0.0,0.0,1.0,6.349999904632568,29.08799934387207,2.0,2.0,0.0,0.0,0.0,0.0,0.0,1.0,0.0,0.0,0.0,0.0
0,0,0,0,0,28.0,1,1,0,0,0.0,1.0,0.0,3.6600000858306885,6.11299991607666,2.0,0.0,0.0,1.0,1.0,2.0,0.0,1.0,2.0,0.0,0.0,0.0
0,1,0,0,0,20.0,0,0,1,0,0.0,1.0,0.0,4.440000057220459,60.237998962402344,0.0,0.0,0.0,0.0,1.0,0.0,0.0,0.0,0.0,0.0,0.0,0.0
0,1,0,0,0,30.0,1,1,0,0,0.0,0.0,1.0,16.270000457763672,52.44499969482422,1.0,0.0,0.0,0.0,0.0,0.0,0.0,0.0,1.0,0.0,0.0,0.0
1,0,0,0,0,24.0,3,0,0,0,0.0,0.0,1.0,2.5199999809265137,89.37999725341797,1.0,0.0,0.0,0.0,1.0,0.0,0.0,0.0,0.0,0.0,0.0,0.0
0,1,0,0,0,26.0,3,0,0,0,0.0,0.0,1.0,2.5199999809265137,99.06900024414062,0.0,0.0,0.0,0.0,2.0,0.0,0.0,0.0,0.0,0.0,0.0,0.0
0,1,0,1,0,21.0,1,1,0,0,0.0,0.0,0.0,0.4699999988079071,20.076000213623047,0.0,0.0,0.0,0.0,2.0,0.0,0.0,3.0,4.0,2.0,0.0,0.0
0,0,0,1,0,24.0,3,0,0,0,0.0,0.0,0.0,1.5299999713897705,0.3619999885559082,0.0,0.0,0.0,0.0,0.0,0.0,0.0,1.0,1.0,0.0,0.0,0.0
1,0,0,0,0,22.0,2,0,0,0,0.0,1.0,0.0,2.9200000762939453,76.30899810791016,4.0,1.0,0.0,0.0,2.0,0.0,0.0,0.0,3.0,1.0,0.0,0.0
0,0,0,0,0,29.0,2,0,1,0,0.0,1.0,0.0,4.170000076293945,25.47100067138672,0.0,0.0,0.0,0.0,2.0,1.0,0.0,2.0,2.0,2.0,0.0,0.0
1,1,0,1,0,23.0,1,0,0,0,0.0,0.0,1.0,4.170000076293945,84.09400177001953,0.0,0.0,0.0,0.0,1.0,0.0,0.0,0.0,2.0,1.0,0.0,0.0
0,1,0,1,0,32.0,5,0,0,0,1.0,0.0,0.0,1.7100000381469727,50.053001403808594,0.0,0.0,0.0,0.0,0.0,0.0,0.0,0.0,0.0,0.0,0.0,0.0
1,1,0,1,0,20.0,2,0,0,0,0.0,1.0,0.0,3.440000057220459,18.815000534057617,0.0,0.0,0.0,0.0,1.0,0.0,1.0,0.0,1.0,0.0,0.0,1.0
0,0,1,0,0,26.0,1,0,0,0,0.0,1.0,0.0,4.579999923706055,30.552000045776367,0.0,0.0,0.0,0.0,0.0,0.0,0.0,0.0,0.0,0.0,0.0,0.0
1,0,0,1,0,26.0,2,1,0,0,1.0,0.0,0.0,2.4600000381469727,42.92399978637695,0.0,0.0,0.0,0.0,1.0,0.0,0.0,2.0,3.0,3.0,1.0,0.0
0,1,0,0,0,36.0,0,0,0,0,0.0,0.0,1.0,7.130000114440918,73.38800048828125,0.0,1.0,0.0,0.0,1.0,0.0,1.0,3.0,1.0,0.0,0.0,0.0
0,0,0,0,0,28.0,0,0,0,0,1.0,0.0,0.0,3.5,67.15299987792969,0.0,1.0,0.0,0.0,0.0,0.0,0.0,0.0,0.0,0.0,0.0,0.0
0,1,0,0,0,22.0,2,1,0,0,0.0,0.0,0.0,1.100000023841858,59.29999923706055,0.0,0.0,0.0,0.0,0.0,0.0,2.0,3.0,2.0,2.0,0.0,1.0
0,1,0,0,0,30.0,1,1,0,0,0.0,1.0,0.0,1.1299999952316284,83.51300048828125,1.0,0.0,0.0,0.0,0.0,0.0,0.0,0.0,0.0,0.0,0.0,0.0
1,0,0,1,0,29.0,1,1,0,0,1.0,0.0,0.0,2.0299999713897705,34.41899871826172,1.0,1.0,0.0,0.0,2.0,1.0,0.0,0.0,1.0,0.0,0.0,0.0
0,1,0,1,0,28.0,2,0,0,0,1.0,0.0,0.0,3.2300000190734863,59.05699920654297,0.0,0.0,0.0,0.0,1.0,0.0,0.0,0.0,0.0,0.0,0.0,0.0
0,1,0,1,0,21.0,0,0,0,0,0.0,1.0,0.0,0.0,73.2979965209961,0.0,1.0,0.0,0.0,0.0,0.0,0.0,2.0,3.0,3.0,0.0,0.0
0,0,0,1,0,27.0,2,1,0,0,0.0,0.0,0.0,1.4299999475479126,21.163999557495117,0.0,0.0,0.0,0.0,0.0,0.0,0.0,0.0,2.0,0.0,0.0,0.0
1,1,0,1,0,28.0,3,0,0,0,1.0,0.0,0.0,1.940000057220459,6.958000183105469,0.0,0.0,0.0,0.0,2.0,0.0,0.0,3.0,3.0,2.0,0.0,0.0
0,0,0,1,0,29.0,2,1,0,0,0.0,0.0,0.0,0.8399999737739563,48.13800048828125,2.0,1.0,0.0,1.0,2.0,0.0,0.0,2.0,3.0,0.0,0.0,0.0
1,1,0,1,0,21.0,4,0,0,0,1.0,0.0,0.0,0.9700000286102295,45.36600112915039,0.0,0.0,0.0,0.0,2.0,0.0,0.0,4.0,3.0,0.0,0.0,1.0
1,1,0,1,0,21.0,2,0,1,0,0.0,0.0,0.0,0.5299999713897705,13.4350004196167,1.0,0.0,0.0,1.0,1.0,0.0,0.0,3.0,1.0,1.0,0.0,0.0
1,1,0,1,0,25.0,3,0,0,0,1.0,0.0,0.0,1.7699999809265137,52.39899826049805,1.0,0.0,0.0,0.0,2.0,0.0,0.0,0.0,2.0,0.0,0.0,0.0
1,0,0,0,0,29.0,1,1,0,0,0.0,1.0,0.0,2.0999999046325684,77.21900177001953,3.0,1.0,0.0,2.0,1.0,0.0,0.0,2.0,3.0,1.0,1.0,0.0
0,1,0,0,0,20.0,0,0,1,0,0.0,0.0,1.0,4.019999980926514,81.95600128173828,1.0,1.0,0.0,0.0,0.0,0.0,3.0,4.0,4.0,2.0,2.0,0.0
0,0,0,0,0,27.0,0,0,0,0,0.0,0.0,1.0,4.599999904632568,73.20999908447266,0.0,0.0,0.0,0.0,0.0,0.0,0.0,0.0,0.0,0.0,0.0,0.0
0,0,0,0,0,19.0,1,1,0,0,1.0,0.0,0.0,2.609999895095825,42.72600173950195,0.0,1.0,0.0,0.0,0.0,0.0,0.0,1.0,0.0,1.0,0.0,1.0
1,1,0,0,0,27.0,0,0,1,0,0.0,1.0,0.0,5.309999942779541,89.02300262451172,2.0,1.0,0.0,0.0,2.0,0.0,0.0,2.0,3.0,3.0,0.0,0.0
1,0,0,0,0,25.0,1,0,0,0,0.0,1.0,0.0,3.3299999237060547,64.9540023803711,3.0,1.0,0.0,1.0,1.0,1.0,0.0,4.0,3.0,2.0,0.0,0.0
0,1,0,0,0,22.0,2,0,0,0,1.0,0.0,0.0,2.059999942779541,39.88600158691406,0.0,0.0,0.0,0.0,0.0,0.0,0.0,0.0,2.0,0.0,0.0,0.0
0,0,0,0,0,19.0,2,1,0,0,0.0,0.0,0.0,0.7400000095367432,57.60200119018555,0.0,1.0,0.0,0.0,0.0,0.0,0.0,0.0,2.0,1.0,0.0,0.0
0,1,0,0,0,19.0,1,1,0,0,0.0,1.0,0.0,1.7599999904632568,48.72600173950195,0.0,0.0,0.0,0.0,0.0,0.0,1.0,2.0,1.0,0.0,0.0,0.0
1,1,0,0,0,40.0,1,1,0,0,1.0,0.0,0.0,1.850000023841858,68.1449966430664,0.0,1.0,0.0,0.0,0.0,0.0,0.0,2.0,2.0,0.0,0.0,0.0
0,1,0,0,0,26.0,1,0,0,0,0.0,0.0,1.0,1.9199999570846558,90.86000061035156,3.0,1.0,0.0,0.0,0.0,0.0,1.0,0.0,0.0,0.0,0.0,0.0
0,0,0,0,0,31.0,0,0,0,0,0.0,0.0,1.0,8.930000305175781,62.617000579833984,1.0,1.0,0.0,0.0,0.0,0.0,0.0,0.0,2.0,1.0,1.0,0.0
0,0,0,0,0,33.0,0,0,0,0,0.0,0.0,1.0,6.5,89.00800323486328,0.0,0.0,0.0,0.0,1.0,0.0,0.0,0.0,2.0,1.0,0.0,0.0
0,1,0,0,0,28.0,4,0,0,0,0.0,0.0,1.0,2.9700000286102295,100.0,0.0,0.0,0.0,0.0,2.0,0.0,0.0,0.0,0.0,0.0,0.0,0.0
0,0,0,0,0,27.0,1,0,0,0,0.0,1.0,0.0,5.670000076293945,95.58000183105469,0.0,0.0,0.0,0.0,0.0,0.0,0.0,0.0,1.0,0.0,0.0,0.0
1,0,0,0,0,38.0,1,0,0,0,0.0,0.0,1.0,0.12999999523162842,75.6510009765625,1.0,0.0,0.0,0.0,0.0,0.0,0.0,1.0,1.0,1.0,0.0,1.0
1,0,0,0,0,19.0,2,1,0,0,0.0,1.0,0.0,2.640000104904175,97.80000305175781,2.0,0.0,0.0,1.0,0.0,0.0,0.0,1.0,2.0,0.0,0.0,0.0
0,1,0,0,0,21.0,2,1,0,0,0.0,1.0,0.0,2.640000104904175,77.6520004272461,0.0,0.0,0.0,0.0,0.0,0.0,0.0,2.0,1.0,1.0,0.0,0.0
0,1,0,0,0,21.0,2,1,0,0,0.0,1.0,0.0,2.640000104904175,78.73400115966797,0.0,0.0,0.0,0.0,0.0,0.0,1.0,1.0,1.0,0.0,0.0,0.0
0,0,0,0,0,28.0,1,0,0,0,1.0,0.0,0.0,4.349999904632568,50.987998962402344,0.0,0.0,0.0,0.0,0.0,0.0,0.0,1.0,1.0,1.0,0.0,0.0
0,1,0,0,0,23.0,1,0,0,0,0.0,1.0,0.0,8.619999885559082,49.1150016784668,0.0,0.0,0.0,0.0,1.0,0.0,0.0,0.0,1.0,0.0,0.0,0.0
0,0,0,0,0,34.0,1,0,0,0,0.0,0.0,1.0,1.7400000095367432,49.22100067138672,0.0,0.0,0.0,0.0,0.0,1.0,0.0,0.0,0.0,0.0,0.0,0.0
1,1,0,0,0,21.0,2,0,1,0,0.0,1.0,0.0,2.0799999237060547,9.427000045776367,0.0,0.0,0.0,0.0,0.0,0.0,0.0,1.0,1.0,0.0,0.0,0.0
0,0,0,0,0,29.0,1,0,0,0,0.0,0.0,1.0,3.359999895095825,95.93000030517578,0.0,0.0,0.0,0.0,0.0,0.0,0.0,0.0,0.0,0.0,0.0,0.0
0,0,0,0,0,28.0,2,0,0,0,0.0,0.0,1.0,3.2300000190734863,91.59100341796875,1.0,2.0,1.0,0.0,0.0,0.0,0.0,4.0,3.0,2.0,2.0,1.0
0,0,0,0,0,26.0,1,0,1,0,0.0,0.0,0.0,1.909999966621399,37.73899841308594,0.0,0.0,0.0,0.0,0.0,0.0,0.0,0.0,1.0,0.0,0.0,0.0
1,0,0,0,0,26.0,1,0,0,0,0.0,1.0,0.0,16.270000457763672,55.06999969482422,1.0,0.0,0.0,2.0,1.0,0.0,0.0,1.0,1.0,0.0,0.0,0.0
0,1,0,0,0,29.0,1,0,0,0,1.0,0.0,0.0,3.0299999713897705,53.67399978637695,0.0,0.0,0.0,0.0,0.0,0.0,0.0,3.0,2.0,2.0,0.0,0.0
0,0,0,0,0,32.0,2,0,0,0,1.0,0.0,0.0,4.699999809265137,54.94599914550781,1.0,0.0,0.0,0.0,0.0,0.0,0.0,0.0,0.0,0.0,0.0,0.0
1,0,0,0,0,29.0,1,0,0,0,0.0,0.0,1.0,2.640000104904175,23.402000427246094,0.0,0.0,0.0,0.0,0.0,0.0,0.0,4.0,1.0,2.0,0.0,0.0
0,1,0,0,0,28.0,1,0,0,0,0.0,1.0,0.0,3.5299999713897705,84.072998046875,1.0,1.0,0.0,0.0,1.0,0.0,0.0,3.0,2.0,1.0,0.0,0.0
0,1,0,0,0,29.0,1,0,0,0,0.0,1.0,0.0,3.5299999713897705,92.2699966430664,1.0,1.0,0.0,0.0,0.0,0.0,0.0,4.0,4.0,4.0,0.0,1.0
1,0,0,0,0,19.0,1,0,1,0,1.0,0.0,0.0,3.9100000858306885,13.324999809265137,1.0,1.0,0.0,1.0,1.0,0.0,0.0,2.0,1.0,1.0,0.0,0.0
0,0,0,0,0,32.0,2,1,0,0,1.0,0.0,0.0,2.950000047683716,68.01200103759766,1.0,2.0,0.0,0.0,0.0,0.0,0.0,2.0,1.0,1.0,0.0,0.0
1,1,0,0,0,34.0,2,1,0,0,1.0,0.0,0.0,2.950000047683716,15.777000427246094,2.0,0.0,0.0,0.0,0.0,0.0,2.0,4.0,3.0,2.0,1.0,0.0
0,0,0,0,0,23.0,1,1,0,0,1.0,0.0,0.0,3.8299999237060547,64.71099853515625,0.0,0.0,0.0,0.0,0.0,0.0,0.0,0.0,3.0,0.0,0.0,0.0
0,0,0,0,0,23.0,2,0,0,0,0.0,0.0,1.0,3.059999942779541,47.75600051879883,3.0,0.0,0.0,0.0,0.0,1.0,0.0,2.0,2.0,1.0,0.0,0.0
0,0,0,0,0,34.0,1,0,0,0,0.0,0.0,1.0,6.889999866485596,85.1259994506836,1.0,1.0,0.0,1.0,2.0,0.0,0.0,0.0,2.0,0.0,0.0,0.0
1,1,0,0,0,25.0,2,0,0,0,0.0,0.0,0.0,4.980000019073486,29.988000869750977,0.0,0.0,0.0,0.0,0.0,0.0,0.0,1.0,2.0,0.0,0.0,0.0
0,1,0,0,0,27.0,1,0,0,0,1.0,0.0,0.0,3.630000114440918,62.33000183105469,0.0,0.0,0.0,0.0,0.0,0.0,0.0,3.0,3.0,1.0,0.0,0.0
0,1,0,0,0,28.0,2,0,0,0,0.0,0.0,1.0,3.0,97.7020034790039,0.0,0.0,0.0,0.0,0.0,0.0,0.0,0.0,0.0,0.0,0.0,0.0
0,1,0,0,0,26.0,0,1,0,0,1.0,0.0,0.0,0.1899999976158142,76.13200378417969,0.0,0.0,0.0,0.0,0.0,0.0,0.0,1.0,1.0,0.0,0.0,0.0
0,1,0,0,0,25.0,0,0,0,0,1.0,0.0,0.0,0.6399999856948853,59.6349983215332,0.0,0.0,0.0,0.0,0.0,0.0,0.0,0.0,1.0,0.0,0.0,0.0
1,0,0,0,0,17.0,2,0,0,0,0.0,0.0,1.0,1.190000057220459,82.84700012207031,1.0,1.0,0.0,0.0,0.0,0.0,0.0,0.0,0.0,0.0,0.0,0.0
1,0,0,0,0,20.0,2,0,0,0,0.0,0.0,1.0,1.190000057220459,55.07500076293945,4.0,1.0,1.0,0.0,1.0,1.0,1.0,2.0,1.0,0.0,0.0,1.0
1,1,0,0,0,21.0,2,0,0,0,0.0,0.0,1.0,1.899999976158142,52.55400085449219,1.0,2.0,0.0,0.0,0.0,0.0,0.0,3.0,1.0,1.0,0.0,1.0
0,0,0,0,0,25.0,1,1,0,0,1.0,0.0,0.0,3.859999895095825,81.61000061035156,0.0,0.0,0.0,0.0,0.0,0.0,0.0,0.0,1.0,0.0,0.0,0.0
1,1,0,0,0,19.0,2,0,1,0,0.0,0.0,0.0,1.809999942779541,2.308000087738037,0.0,0.0,0.0,0.0,0.0,0.0,1.0,2.0,1.0,0.0,0.0,0.0
0,1,0,0,0,25.0,4,0,0,0,0.0,0.0,0.0,0.8399999737739563,2.572999954223633,0.0,0.0,0.0,0.0,0.0,0.0,0.0,0.0,0.0,0.0,0.0,0.0
1,1,0,0,0,27.0,2,0,0,0,0.0,1.0,0.0,2.940000057220459,64.68599700927734,1.0,0.0,0.0,0.0,0.0,0.0,0.0,2.0,2.0,0.0,0.0,0.0
0,1,0,0,0,22.0,4,0,0,0,0.0,1.0,0.0,1.600000023841858,87.92400360107422,0.0,0.0,0.0,0.0,0.0,0.0,0.0,0.0,0.0,0.0,0.0,0.0
0,1,0,0,0,24.0,4,0,0,0,0.0,1.0,0.0,1.600000023841858,45.856998443603516,0.0,0.0,0.0,0.0,0.0,0.0,0.0,0.0,0.0,0.0,0.0,0.0
1,1,0,0,0,18.0,1,0,1,0,0.0,0.0,0.0,0.4000000059604645,18.097000122070312,2.0,0.0,0.0,0.0,1.0,0.0,0.0,2.0,0.0,1.0,0.0,1.0
0,1,0,0,0,28.0,2,0,0,0,0.0,0.0,1.0,0.9100000262260437,56.30099868774414,0.0,0.0,0.0,0.0,0.0,0.0,0.0,0.0,0.0,0.0,0.0,0.0
0,0,0,0,0,19.0,2,0,0,0,0.0,1.0,0.0,2.4000000953674316,35.564998626708984,0.0,0.0,0.0,0.0,1.0,1.0,0.0,0.0,2.0,0.0,0.0,0.0
0,1,0,0,0,26.0,1,0,0,0,0.0,0.0,1.0,2.549999952316284,80.44100189208984,0.0,0.0,0.0,0.0,1.0,0.0,0.0,3.0,2.0,0.0,0.0,0.0
1,0,0,0,0,24.0,1,1,0,0,0.0,1.0,0.0,0.9100000262260437,68.58499908447266,0.0,0.0,0.0,0.0,0.0,0.0,0.0,2.0,2.0,0.0,0.0,0.0
0,0,0,0,0,34.0,3,0,0,0,0.0,0.0,1.0,3.009999990463257,55.87200164794922,2.0,0.0,0.0,0.0,0.0,0.0,0.0,0.0,1.0,0.0,0.0,0.0
0,1,0,0,0,27.0,1,0,0,0,1.0,0.0,0.0,2.490000009536743,91.625,0.0,0.0,0.0,0.0,0.0,0.0,0.0,0.0,0.0,0.0,0.0,0.0
0,0,0,0,0,26.0,1,1,0,0,0.0,0.0,0.0,1.8899999856948853,20.775999069213867,1.0,0.0,0.0,0.0,0.0,0.0,0.0,0.0,2.0,1.0,1.0,0.0
0,0,0,0,0,27.0,0,0,0,0,0.0,1.0,0.0,3.200000047683716,71.53600311279297,1.0,1.0,0.0,0.0,0.0,1.0,0.0,2.0,3.0,2.0,0.0,0.0
0,1,0,0,0,25.0,1,1,0,0,1.0,0.0,0.0,1.7899999618530273,14.503999710083008,0.0,0.0,0.0,0.0,0.0,0.0,0.0,3.0,2.0,2.0,0.0,1.0
1,0,0,0,0,28.0,2,0,0,0,1.0,0.0,0.0,1.7599999904632568,16.851999282836914,2.0,1.0,0.0,1.0,0.0,1.0,0.0,4.0,3.0,3.0,0.0,0.0
1,1,1,0,0,25.0,3,0,1,0,0.0,1.0,0.0,1.3200000524520874,52.42900085449219,0.0,0.0,0.0,0.0,1.0,0.0,1.0,3.0,2.0,0.0,0.0,0.0
0,1,0,0,0,23.0,1,0,0,0,0.0,1.0,0.0,0.5199999809265137,35.5989990234375,0.0,0.0,0.0,0.0,1.0,0.0,0.0,0.0,3.0,1.0,0.0,0.0
0,0,0,0,0,36.0,2,0,0,1,1.0,0.0,0.0,2.130000114440918,63.34199905395508,0.0,0.0,0.0,0.0,0.0,1.0,0.0,0.0,0.0,0.0,0.0,0.0
0,0,0,0,0,37.0,2,0,0,1,1.0,0.0,0.0,2.130000114440918,24.334999084472656,0.0,0.0,0.0,0.0,0.0,0.0,0.0,0.0,0.0,0.0,0.0,0.0
1,0,0,0,0,36.0,1,0,0,0,1.0,0.0,0.0,3.0799999237060547,84.76599884033203,1.0,1.0,0.0,1.0,1.0,0.0,1.0,0.0,2.0,2.0,0.0,0.0
0,0,0,0,0,38.0,1,0,0,0,1.0,0.0,0.0,3.0799999237060547,29.17300033569336,0.0,0.0,0.0,0.0,0.0,1.0,0.0,0.0,4.0,0.0,0.0,0.0
0,0,0,0,0,30.0,2,0,0,0,0.0,1.0,0.0,0.7200000286102295,84.22200012207031,0.0,0.0,0.0,0.0,0.0,0.0,0.0,0.0,0.0,0.0,0.0,0.0
0,0,0,0,0,27.0,1,0,0,0,1.0,0.0,0.0,2.509999990463257,74.51000213623047,0.0,0.0,0.0,0.0,0.0,1.0,0.0,0.0,3.0,0.0,0.0,0.0
1,1,0,0,0,26.0,0,0,1,0,0.0,1.0,0.0,1.440000057220459,65.36199951171875,0.0,0.0,0.0,0.0,1.0,0.0,0.0,2.0,1.0,1.0,0.0,0.0
0,0,0,0,0,21.0,4,0,0,0,1.0,0.0,0.0,0.800000011920929,79.87000274658203,0.0,0.0,0.0,0.0,0.0,0.0,0.0,0.0,0.0,0.0,0.0,0.0
0,0,0,0,0,23.0,4,0,0,0,1.0,0.0,0.0,0.800000011920929,64.03900146484375,0.0,0.0,0.0,0.0,0.0,0.0,0.0,0.0,0.0,0.0,0.0,0.0
0,0,0,0,0,25.0,1,0,0,0,1.0,0.0,0.0,1.4500000476837158,23.41900062561035,0.0,0.0,0.0,0.0,0.0,0.0,0.0,4.0,3.0,0.0,0.0,1.0
1,0,0,0,0,31.0,1,0,0,0,0.0,0.0,1.0,5.369999885559082,77.125,0.0,1.0,0.0,0.0,0.0,0.0,0.0,2.0,3.0,3.0,1.0,0.0
0,0,0,0,0,23.0,1,0,0,0,1.0,0.0,0.0,3.630000114440918,21.363000869750977,0.0,0.0,0.0,0.0,0.0,1.0,0.0,1.0,1.0,0.0,0.0,0.0
1,0,0,0,0,27.0,2,0,0,0,0.0,1.0,0.0,2.369999885559082,61.51900100708008,1.0,1.0,0.0,0.0,1.0,0.0,0.0,3.0,2.0,2.0,2.0,1.0
0,1,0,0,0,28.0,1,0,0,0,0.0,0.0,0.0,1.8899999856948853,31.111000061035156,0.0,0.0,0.0,0.0,1.0,0.0,0.0,1.0,1.0,0.0,0.0,0.0
1,0,0,0,0,20.0,2,1,0,0,1.0,0.0,0.0,1.690000057220459,88.78299713134766,0.0,0.0,0.0,0.0,1.0,0.0,2.0,2.0,1.0,1.0,0.0,0.0
0,1,0,0,0,22.0,1,0,1,0,0.0,0.0,1.0,4.480000019073486,82.77400207519531,0.0,0.0,0.0,0.0,0.0,0.0,0.0,4.0,3.0,2.0,0.0,0.0
0,1,0,0,0,26.0,0,0,0,0,1.0,0.0,0.0,4.809999942779541,49.694000244140625,0.0,0.0,0.0,0.0,0.0,0.0,0.0,0.0,0.0,0.0,0.0,0.0
0,0,0,0,0,23.0,1,1,0,0,0.0,0.0,1.0,1.5800000429153442,38.9119987487793,1.0,0.0,0.0,0.0,0.0,0.0,0.0,0.0,0.0,0.0,0.0,0.0
0,0,0,0,0,24.0,1,1,0,0,0.0,0.0,1.0,1.5800000429153442,40.827999114990234,0.0,0.0,0.0,0.0,0.0,0.0,0.0,0.0,0.0,0.0,0.0,0.0
0,1,0,0,0,28.0,1,0,0,0,0.0,0.0,1.0,3.190000057220459,91.54299926757812,3.0,2.0,0.0,2.0,2.0,0.0,0.0,3.0,4.0,4.0,1.0,0.0
1,0,0,0,0,19.0,1,0,0,0,1.0,0.0,0.0,1.5399999618530273,90.30000305175781,1.0,0.0,0.0,0.0,0.0,0.0,0.0,0.0,1.0,0.0,0.0,0.0
0,0,0,0,0,21.0,1,0,0,0,1.0,0.0,0.0,1.5399999618530273,63.869998931884766,0.0,0.0,0.0,0.0,1.0,0.0,0.0,0.0,0.0,0.0,0.0,0.0
1,1,0,0,0,22.0,2,0,0,0,1.0,0.0,0.0,4.010000228881836,81.40299987792969,2.0,3.0,1.0,0.0,1.0,0.0,2.0,3.0,3.0,2.0,0.0,0.0
1,0,0,0,0,28.0,1,1,0,0,1.0,0.0,0.0,1.899999976158142,12.38599967956543,1.0,0.0,0.0,0.0,0.0,0.0,0.0,2.0,1.0,1.0,0.0,0.0
1,0,0,0,0,22.0,1,1,0,0,1.0,0.0,0.0,6.670000076293945,48.77000045776367,1.0,0.0,0.0,0.0,1.0,0.0,1.0,2.0,1.0,1.0,0.0,0.0
1,0,0,0,0,30.0,1,0,0,0,1.0,0.0,0.0,2.5199999809265137,20.14299964904785,1.0,1.0,1.0,1.0,1.0,0.0,0.0,2.0,2.0,2.0,0.0,1.0
1,1,0,0,0,20.0,1,1,0,0,0.0,1.0,0.0,1.6200000047683716,26.086999893188477,0.0,0.0,0.0,0.0,0.0,0.0,0.0,2.0,1.0,1.0,1.0,0.0
0,1,0,0,0,23.0,1,1,0,0,0.0,1.0,0.0,1.6200000047683716,73.8550033569336,0.0,1.0,0.0,0.0,1.0,0.0,0.0,4.0,2.0,3.0,0.0,0.0
1,1,0,0,0,19.0,2,0,0,0,1.0,0.0,0.0,2.619999885559082,54.76300048828125,2.0,2.0,0.0,1.0,1.0,0.0,2.0,4.0,4.0,4.0,1.0,1.0
1,1,0,0,0,22.0,3,0,1,0,0.0,1.0,0.0,1.3899999856948853,58.11899948120117,0.0,0.0,0.0,0.0,0.0,0.0,0.0,3.0,4.0,2.0,1.0,0.0
0,0,0,0,0,31.0,1,0,0,0,1.0,0.0,0.0,2.940000057220459,4.8420000076293945,1.0,0.0,1.0,2.0,1.0,0.0,0.0,3.0,1.0,0.0,0.0,0.0
1,1,0,0,0,32.0,1,0,0,0,1.0,0.0,0.0,2.940000057220459,33.53200149536133,0.0,0.0,0.0,0.0,1.0,0.0,1.0,4.0,4.0,0.0,0.0,1.0
0,1,0,0,0,31.0,7,0,0,0,0.0,0.0,1.0,0.6800000071525574,54.45199966430664,0.0,0.0,0.0,0.0,1.0,0.0,0.0,1.0,1.0,0.0,0.0,0.0
0,1,0,0,0,31.0,7,0,0,0,0.0,0.0,1.0,0.6800000071525574,42.40599822998047,0.0,0.0,0.0,0.0,1.0,0.0,0.0,1.0,3.0,1.0,0.0,0.0
0,1,0,0,0,27.0,0,0,0,0,0.0,1.0,0.0,5.349999904632568,24.13599967956543,1.0,0.0,0.0,0.0,0.0,0.0,0.0,4.0,3.0,2.0,0.0,0.0
0,0,0,0,0,34.0,0,0,1,0,0.0,0.0,1.0,5.019999980926514,54.73899841308594,1.0,0.0,0.0,0.0,0.0,0.0,0.0,1.0,2.0,1.0,0.0,0.0
1,1,0,0,0,30.0,1,1,0,0,1.0,0.0,0.0,1.2599999904632568,6.311999797821045,1.0,1.0,1.0,1.0,0.0,0.0,0.0,2.0,1.0,1.0,1.0,1.0
1,0,0,0,0,19.0,2,1,0,0,1.0,0.0,0.0,1.7699999809265137,3.453000068664551,0.0,0.0,0.0,0.0,0.0,0.0,0.0,2.0,1.0,1.0,0.0,1.0
0,1,0,0,0,25.0,1,0,0,0,0.0,1.0,0.0,2.740000009536743,50.95800018310547,0.0,0.0,0.0,0.0,0.0,0.0,0.0,0.0,0.0,0.0,0.0,0.0
1,1,0,0,0,21.0,2,0,1,0,0.0,1.0,0.0,2.619999885559082,41.11000061035156,2.0,2.0,2.0,2.0,2.0,2.0,3.0,4.0,4.0,3.0,3.0,1.0
0,1,0,0,0,27.0,2,0,0,0,0.0,0.0,1.0,2.5999999046325684,42.650001525878906,0.0,0.0,0.0,0.0,0.0,0.0,0.0,1.0,1.0,1.0,0.0,0.0
0,0,0,0,0,30.0,1,1,0,0,1.0,0.0,0.0,1.2599999904632568,75.7979965209961,0.0,1.0,0.0,0.0,0.0,0.0,0.0,0.0,3.0,1.0,0.0,0.0
0,0,0,0,0,25.0,1,0,0,0,0.0,1.0,0.0,3.450000047683716,32.095001220703125,1.0,1.0,1.0,1.0,0.0,2.0,0.0,2.0,1.0,1.0,0.0,1.0
1,0,0,0,0,28.0,1,0,0,0,0.0,1.0,0.0,2.390000104904175,49.86199951171875,2.0,2.0,2.0,2.0,1.0,1.0,1.0,1.0,1.0,1.0,1.0,1.0
0,0,0,0,0,27.0,2,0,0,0,0.0,1.0,0.0,2.4000000953674316,79.88600158691406,1.0,0.0,0.0,0.0,1.0,0.0,0.0,2.0,3.0,2.0,0.0,0.0
1,0,0,0,0,30.0,2,0,0,0,0.0,0.0,1.0,4.650000095367432,58.54800033569336,0.0,1.0,0.0,0.0,0.0,0.0,0.0,2.0,1.0,1.0,1.0,0.0
0,1,0,0,0,31.0,2,0,0,0,0.0,0.0,1.0,4.650000095367432,58.27000045776367,0.0,1.0,0.0,0.0,1.0,0.0,0.0,2.0,2.0,2.0,2.0,0.0
0,1,0,0,0,33.0,2,0,0,0,0.0,0.0,1.0,4.650000095367432,63.87699890136719,0.0,2.0,0.0,0.0,0.0,1.0,2.0,4.0,4.0,4.0,1.0,0.0
0,1,0,0,0,26.0,2,0,0,0,1.0,0.0,0.0,2.0199999809265137,27.819000244140625,0.0,0.0,0.0,0.0,0.0,0.0,0.0,0.0,0.0,0.0,0.0,0.0
0,1,0,0,0,28.0,2,0,0,0,1.0,0.0,0.0,2.0199999809265137,40.58700180053711,0.0,0.0,0.0,0.0,1.0,0.0,0.0,0.0,0.0,0.0,0.0,0.0
0,0,0,0,0,35.0,2,1,0,0,1.0,0.0,0.0,2.259999990463257,61.762001037597656,1.0,0.0,0.0,0.0,1.0,0.0,0.0,2.0,0.0,0.0,0.0,0.0
0,1,0,0,0,22.0,4,1,0,0,0.0,1.0,0.0,0.6299999952316284,45.22800064086914,0.0,1.0,0.0,0.0,0.0,0.0,0.0,3.0,2.0,1.0,0.0,0.0
0,1,0,0,0,25.0,1,1,0,0,0.0,1.0,0.0,2.8499999046325684,53.084999084472656,1.0,0.0,0.0,0.0,0.0,0.0,0.0,2.0,1.0,1.0,0.0,0.0
0,1,0,0,0,23.0,1,0,0,0,0.0,1.0,0.0,2.200000047683716,96.2770004272461,0.0,0.0,0.0,0.0,0.0,0.0,0.0,0.0,1.0,0.0,0.0,0.0
0,0,0,1,0,23.0,0,0,0,0,0.0,1.0,0.0,3.880000114440918,90.4800033569336,2.0,2.0,0.0,0.0,1.0,0.0,0.0,1.0,1.0,1.0,0.0,0.0
0,1,0,0,0,26.0,1,1,0,0,1.0,0.0,0.0,1.7400000095367432,61.263999938964844,0.0,0.0,0.0,0.0,0.0,0.0,0.0,0.0,3.0,0.0,0.0,0.0
0,1,0,0,0,21.0,0,0,1,0,1.0,0.0,0.0,4.28000020980835,0.7670000195503235,0.0,2.0,0.0,0.0,0.0,0.0,0.0,0.0,1.0,0.0,0.0,0.0
1,0,0,0,0,29.0,0,1,0,0,1.0,0.0,0.0,0.6200000047683716,51.34199905395508,1.0,1.0,0.0,1.0,1.0,0.0,0.0,2.0,2.0,2.0,0.0,1.0
0,1,0,0,0,33.0,1,0,0,0,0.0,0.0,1.0,3.740000009536743,81.45099639892578,0.0,1.0,0.0,0.0,0.0,0.0,0.0,3.0,2.0,2.0,0.0,0.0
0,1,0,0,0,34.0,1,0,0,0,0.0,0.0,1.0,3.740000009536743,23.84600067138672,1.0,0.0,0.0,0.0,0.0,1.0,0.0,2.0,0.0,1.0,0.0,0.0
0,0,0,1,0,29.0,1,0,0,0,0.0,1.0,0.0,4.460000038146973,73.18900299072266,0.0,0.0,0.0,0.0,0.0,0.0,0.0,0.0,1.0,0.0,0.0,0.0
1,0,0,0,0,29.0,2,0,0,0,0.0,1.0,0.0,3.75,62.5629997253418,1.0,0.0,1.0,0.0,0.0,0.0,0.0,0.0,0.0,0.0,0.0,0.0
0,0,0,0,0,30.0,2,0,0,0,0.0,1.0,0.0,3.75,39.893001556396484,0.0,0.0,0.0,0.0,0.0,0.0,0.0,0.0,2.0,0.0,0.0,1.0
0,0,0,0,0,35.0,0,0,0,0,0.0,0.0,1.0,2.0399999618530273,96.74199676513672,0.0,0.0,0.0,0.0,0.0,0.0,0.0,0.0,2.0,0.0,0.0,0.0
0,0,0,0,0,19.0,1,1,0,0,0.0,1.0,0.0,1.4299999475479126,14.91100025177002,0.0,0.0,0.0,0.0,0.0,0.0,0.0,1.0,1.0,0.0,0.0,0.0
0,0,0,0,0,19.0,2,1,0,0,1.0,0.0,0.0,1.350000023841858,73.20999908447266,0.0,0.0,0.0,0.0,0.0,2.0,0.0,2.0,1.0,0.0,0.0,1.0
0,1,0,0,0,21.0,2,1,0,0,1.0,0.0,0.0,1.350000023841858,33.624000549316406,0.0,0.0,0.0,0.0,0.0,0.0,1.0,3.0,1.0,1.0,0.0,1.0
0,0,0,0,0,27.0,1,0,0,0,0.0,0.0,1.0,5.400000095367432,48.619998931884766,0.0,0.0,0.0,0.0,0.0,0.0,0.0,0.0,3.0,1.0,0.0,0.0
0,1,0,1,0,33.0,2,0,0,0,0.0,0.0,1.0,6.300000190734863,96.51200103759766,0.0,0.0,0.0,0.0,0.0,0.0,0.0,0.0,0.0,0.0,0.0,0.0
0,0,0,0,0,27.0,2,0,0,0,0.0,0.0,1.0,4.710000038146973,99.64099884033203,1.0,0.0,0.0,0.0,1.0,0.0,0.0,0.0,1.0,0.0,0.0,0.0
0,1,0,0,0,34.0,2,0,0,0,0.0,0.0,1.0,2.2799999713897705,53.56800079345703,0.0,0.0,0.0,0.0,1.0,1.0,0.0,1.0,0.0,0.0,0.0,0.0
0,0,0,0,0,31.0,1,0,0,0,0.0,1.0,0.0,3.7200000286102295,85.74099731445312,2.0,0.0,0.0,0.0,1.0,0.0,0.0,1.0,1.0,0.0,0.0,0.0
1,0,0,0,0,18.0,1,0,1,0,0.0,0.0,1.0,2.0199999809265137,8.326000213623047,1.0,0.0,1.0,0.0,1.0,0.0,0.0,1.0,3.0,0.0,0.0,1.0
1,1,1,0,0,30.0,2,0,0,0,0.0,0.0,1.0,3.200000047683716,67.47200012207031,1.0,1.0,1.0,0.0,0.0,0.0,0.0,0.0,2.0,0.0,0.0,0.0
0,1,0,0,0,19.0,1,0,0,0,1.0,0.0,0.0,4.099999904632568,71.56800079345703,0.0,0.0,0.0,0.0,1.0,0.0,1.0,1.0,1.0,0.0,0.0,0.0
0,0,0,1,0,26.0,1,0,0,0,0.0,0.0,0.0,2.130000114440918,5.296000003814697,0.0,0.0,0.0,0.0,0.0,0.0,0.0,0.0,1.0,0.0,0.0,0.0
1,0,0,0,0,17.0,0,0,1,0,0.0,1.0,0.0,3.2899999618530273,9.782999992370605,0.0,0.0,1.0,0.0,1.0,1.0,1.0,1.0,2.0,2.0,1.0,0.0
0,1,0,0,0,27.0,2,0,0,0,0.0,1.0,0.0,2.380000114440918,68.91699981689453,0.0,0.0,0.0,0.0,0.0,0.0,0.0,1.0,1.0,0.0,0.0,0.0
0,1,0,0,0,25.0,3,0,1,0,0.0,1.0,0.0,2.5799999237060547,99.03399658203125,0.0,0.0,0.0,0.0,0.0,0.0,0.0,0.0,1.0,0.0,0.0,0.0
0,0,0,0,0,19.0,2,0,1,0,0.0,0.0,1.0,2.799999952316284,54.209999084472656,2.0,1.0,0.0,1.0,1.0,0.0,0.0,3.0,3.0,3.0,0.0,0.0
0,1,0,0,0,26.0,1,0,0,0,1.0,0.0,0.0,0.8799999952316284,61.263999938964844,2.0,1.0,0.0,0.0,0.0,0.0,0.0,0.0,1.0,0.0,0.0,0.0
1,0,0,0,0,18.0,4,0,0,0,1.0,0.0,0.0,1.7000000476837158,33.388999938964844,0.0,0.0,0.0,0.0,1.0,1.0,0.0,0.0,0.0,0.0,0.0,0.0
0,0,0,0,0,23.0,2,0,0,0,0.0,0.0,1.0,4.010000228881836,78.68699645996094,1.0,0.0,0.0,0.0,0.0,0.0,0.0,2.0,2.0,0.0,0.0,0.0
0,1,0,0,0,25.0,2,0,0,0,0.0,0.0,1.0,4.010000228881836,33.895999908447266,0.0,0.0,0.0,0.0,0.0,0.0,0.0,0.0,1.0,0.0,0.0,0.0
0,1,0,0,0,29.0,0,0,0,0,0.0,0.0,0.0,2.7699999809265137,76.91200256347656,0.0,0.0,0.0,0.0,1.0,0.0,0.0,2.0,1.0,0.0,0.0,0.0
0,1,0,0,0,20.0,1,0,0,0,0.0,0.0,1.0,3.8299999237060547,13.00100040435791,0.0,0.0,0.0,0.0,0.0,0.0,0.0,0.0,0.0,0.0,0.0,0.0
0,0,0,0,0,21.0,2,0,0,0,0.0,0.0,0.0,5.610000133514404,83.8489990234375,0.0,0.0,0.0,0.0,1.0,0.0,0.0,1.0,1.0,0.0,0.0,0.0
0,1,0,0,0,24.0,2,0,0,0,0.0,0.0,0.0,5.610000133514404,48.676998138427734,0.0,0.0,0.0,0.0,1.0,0.0,0.0,0.0,1.0,0.0,0.0,0.0
1,0,0,0,0,30.0,3,0,0,0,0.0,0.0,1.0,5.71999979019165,75.12100219726562,3.0,1.0,0.0,0.0,0.0,0.0,1.0,3.0,2.0,0.0,0.0,1.0
0,1,0,0,0,32.0,3,0,0,0,0.0,0.0,1.0,5.71999979019165,98.07099914550781,0.0,0.0,0.0,0.0,0.0,0.0,0.0,2.0,2.0,1.0,1.0,0.0
1,0,0,0,0,22.0,0,1,0,0,1.0,0.0,0.0,1.9900000095367432,2.9700000286102295,3.0,3.0,2.0,3.0,2.0,1.0,2.0,2.0,1.0,1.0,0.0,1.0
0,1,0,0,0,25.0,1,0,0,0,1.0,0.0,0.0,3.7799999713897705,60.89699935913086,0.0,0.0,0.0,0.0,0.0,0.0,0.0,0.0,0.0,0.0,0.0,0.0
0,0,0,0,0,19.0,2,0,0,0,1.0,0.0,0.0,7.309999942779541,72.72100067138672,0.0,0.0,0.0,0.0,1.0,0.0,0.0,1.0,1.0,0.0,0.0,0.0
0,0,0,0,0,37.0,0,0,0,0,1.0,0.0,0.0,2.2300000190734863,33.76900100708008,2.0,0.0,0.0,0.0,1.0,0.0,0.0,2.0,2.0,0.0,0.0,0.0
0,0,0,0,0,26.0,3,0,0,0,0.0,1.0,0.0,2.0399999618530273,80.42400360107422,0.0,1.0,0.0,0.0,0.0,0.0,0.0,0.0,1.0,0.0,0.0,0.0
0,0,0,0,0,28.0,1,0,0,0,1.0,0.0,0.0,2.950000047683716,75.35399627685547,1.0,0.0,0.0,0.0,0.0,0.0,0.0,3.0,3.0,1.0,0.0,1.0
1,0,0,0,0,26.0,1,0,1,0,0.0,1.0,0.0,2.680000066757202,26.826000213623047,1.0,1.0,1.0,1.0,1.0,1.0,1.0,0.0,2.0,1.0,1.0,1.0
0,1,0,0,0,21.0,0,0,1,0,0.0,1.0,0.0,2.380000114440918,68.56800079345703,1.0,1.0,0.0,0.0,1.0,0.0,1.0,4.0,3.0,0.0,1.0,0.0
0,1,0,0,0,24.0,0,0,0,0,1.0,0.0,0.0,4.369999885559082,60.3849983215332,0.0,0.0,0.0,0.0,0.0,0.0,0.0,1.0,1.0,0.0,0.0,0.0
0,1,0,0,0,20.0,0,0,1,0,0.0,1.0,0.0,4.440000057220459,63.11199951171875,0.0,0.0,0.0,0.0,1.0,0.0,0.0,2.0,0.0,0.0,0.0,0.0
1,0,0,0,0,36.0,1,0,0,0,1.0,0.0,0.0,4.260000228881836,43.763999938964844,0.0,1.0,0.0,0.0,0.0,0.0,0.0,2.0,1.0,0.0,0.0,0.0
0,1,0,0,0,25.0,0,0,1,0,1.0,0.0,0.0,5.090000152587891,81.80799865722656,0.0,0.0,0.0,0.0,0.0,0.0,0.0,3.0,2.0,0.0,1.0,0.0
1,0,0,0,0,22.0,1,0,0,0,1.0,0.0,0.0,2.4800000190734863,3.890000104904175,3.0,1.0,1.0,0.0,2.0,2.0,3.0,2.0,3.0,1.0,1.0,1.0
1,1,0,0,0,27.0,0,0,0,0,1.0,0.0,0.0,4.519999980926514,19.59600067138672,1.0,0.0,0.0,0.0,0.0,0.0,0.0,2.0,1.0,0.0,0.0,1.0
0,1,1,0,0,22.0,0,0,0,0,0.0,1.0,0.0,2.5999999046325684,86.0009994506836,0.0,1.0,0.0,0.0,2.0,0.0,1.0,4.0,4.0,4.0,2.0,0.0
1,1,0,0,0,20.0,2,0,0,0,0.0,1.0,0.0,2.190000057220459,39.48699951171875,1.0,0.0,0.0,0.0,1.0,0.0,0.0,0.0,1.0,0.0,0.0,0.0
0,1,0,0,0,17.0,3,0,1,0,0.0,1.0,0.0,1.600000023841858,36.05099868774414,0.0,1.0,0.0,0.0,0.0,0.0,0.0,3.0,2.0,0.0,0.0,0.0
0,1,0,0,0,35.0,0,1,0,0,0.0,1.0,0.0,3.190000057220459,91.30699920654297,1.0,4.0,1.0,0.0,0.0,0.0,0.0,4.0,3.0,2.0,0.0,0.0
0,0,0,0,0,30.0,1,0,0,0,0.0,1.0,0.0,2.3299999237060547,41.29800033569336,1.0,1.0,0.0,1.0,0.0,0.0,0.0,0.0,2.0,0.0,0.0,0.0
0,0,0,0,0,39.0,2,0,0,0,0.0,0.0,1.0,1.9299999475479126,6.386000156402588,0.0,1.0,0.0,0.0,1.0,2.0,0.0,0.0,3.0,0.0,0.0,0.0
0,0,0,0,0,19.0,3,0,0,0,0.0,1.0,0.0,3.0199999809265137,30.85099983215332,0.0,0.0,0.0,1.0,1.0,0.0,0.0,2.0,0.0,0.0,0.0,0.0
0,0,1,0,0,25.0,0,0,1,0,0.0,1.0,0.0,4.360000133514404,44.24700164794922,0.0,0.0,0.0,0.0,2.0,0.0,0.0,2.0,2.0,1.0,0.0,0.0
0,1,0,0,0,20.0,1,0,1,0,0.0,0.0,1.0,4.710000038146973,78.86499786376953,0.0,0.0,0.0,0.0,1.0,0.0,0.0,1.0,2.0,0.0,0.0,0.0
0,1,0,1,0,31.0,2,0,0,0,0.0,1.0,0.0,4.739999771118164,40.7760009765625,1.0,1.0,1.0,0.0,1.0,0.0,0.0,2.0,4.0,2.0,0.0,0.0
0,1,0,0,0,20.0,2,0,1,0,0.0,1.0,0.0,1.3899999856948853,24.224000930786133,1.0,1.0,0.0,0.0,1.0,0.0,0.0,4.0,3.0,1.0,0.0,1.0
0,0,0,0,0,27.0,2,0,0,0,0.0,0.0,1.0,3.8499999046325684,93.45899963378906,1.0,0.0,0.0,0.0,0.0,0.0,0.0,0.0,0.0,0.0,0.0,0.0
0,1,0,0,0,29.0,2,0,0,0,0.0,0.0,1.0,3.8499999046325684,71.49299621582031,0.0,0.0,0.0,0.0,0.0,0.0,0.0,0.0,2.0,0.0,0.0,0.0
0,0,0,0,0,28.0,1,1,0,0,0.0,1.0,0.0,4.199999809265137,77.26000213623047,0.0,0.0,0.0,0.0,1.0,0.0,0.0,0.0,0.0,0.0,0.0,0.0
0,0,0,0,0,37.0,0,0,0,0,1.0,0.0,0.0,3.369999885559082,7.306000232696533,1.0,0.0,1.0,0.0,0.0,0.0,0.0,0.0,1.0,0.0,0.0,0.0
0,1,0,0,0,24.0,1,0,0,0,1.0,0.0,0.0,3.359999895095825,17.052000045776367,0.0,0.0,0.0,0.0,1.0,0.0,1.0,2.0,1.0,0.0,0.0,1.0
1,0,0,0,0,24.0,1,0,0,0,0.0,1.0,0.0,1.8899999856948853,77.29299926757812,0.0,0.0,0.0,0.0,0.0,0.0,0.0,0.0,2.0,0.0,0.0,0.0
0,0,1,0,0,24.0,1,0,0,0,0.0,1.0,0.0,2.5199999809265137,62.053001403808594,0.0,0.0,0.0,0.0,1.0,0.0,0.0,0.0,1.0,0.0,0.0,0.0
0,1,0,0,0,26.0,2,0,0,0,0.0,0.0,1.0,4.170000076293945,96.96900177001953,0.0,0.0,0.0,0.0,1.0,0.0,0.0,1.0,1.0,0.0,0.0,0.0
1,0,0,0,0,27.0,2,0,0,0,0.0,0.0,1.0,4.170000076293945,69.24199676513672,0.0,0.0,0.0,1.0,1.0,0.0,0.0,1.0,3.0,0.0,0.0,0.0
0,0,0,0,0,29.0,2,0,0,0,0.0,0.0,1.0,4.170000076293945,72.59400177001953,0.0,0.0,0.0,0.0,0.0,0.0,0.0,0.0,0.0,0.0,0.0,0.0
0,0,0,0,0,33.0,0,0,0,0,0.0,0.0,1.0,6.059999942779541,40.56399917602539,0.0,0.0,0.0,0.0,1.0,0.0,0.0,0.0,1.0,1.0,0.0,1.0
1,1,0,0,0,19.0,2,1,0,0,0.0,1.0,0.0,0.7300000190734863,50.88800048828125,0.0,1.0,0.0,0.0,1.0,0.0,1.0,3.0,2.0,1.0,0.0,0.0
1,0,0,0,0,24.0,1,0,0,0,0.0,1.0,0.0,2.2200000286102295,73.58999633789062,1.0,0.0,0.0,0.0,1.0,0.0,0.0,0.0,0.0,0.0,0.0,0.0
0,1,1,0,0,28.0,1,0,0,0,0.0,0.0,1.0,2.950000047683716,62.970001220703125,1.0,2.0,0.0,0.0,1.0,0.0,0.0,4.0,2.0,1.0,0.0,0.0
0,0,0,0,0,30.0,1,1,0,0,0.0,0.0,1.0,1.7999999523162842,93.81700134277344,0.0,0.0,0.0,0.0,0.0,0.0,0.0,0.0,0.0,0.0,0.0,0.0
0,1,0,0,0,32.0,1,1,0,0,0.0,0.0,1.0,1.7999999523162842,88.16200256347656,0.0,1.0,0.0,0.0,1.0,0.0,0.0,0.0,1.0,1.0,0.0,0.0
1,0,0,0,0,23.0,1,0,0,0,0.0,1.0,0.0,3.140000104904175,95.91899871826172,0.0,1.0,0.0,0.0,1.0,0.0,0.0,3.0,2.0,0.0,0.0,1.0
0,0,0,0,1,33.0,3,0,0,0,0.0,0.0,1.0,2.6700000762939453,53.4640007019043,0.0,2.0,1.0,1.0,0.0,0.0,0.0,0.0,0.0,0.0,0.0,0.0
0,1,0,0,0,20.0,1,0,0,0,0.0,0.0,1.0,1.8799999952316284,68.56400299072266,0.0,0.0,0.0,0.0,1.0,0.0,0.0,0.0,2.0,0.0,0.0,0.0
1,0,0,0,0,23.0,2,0,0,0,1.0,0.0,0.0,2.4100000858306885,41.152000427246094,0.0,0.0,0.0,0.0,0.0,2.0,0.0,2.0,1.0,1.0,1.0,1.0
0,1,0,0,0,25.0,2,0,0,0,1.0,0.0,0.0,2.4100000858306885,70.86900329589844,0.0,0.0,0.0,0.0,1.0,2.0,0.0,1.0,3.0,0.0,0.0,0.0
0,0,0,0,0,33.0,1,0,0,0,0.0,0.0,1.0,5.590000152587891,97.36900329589844,0.0,0.0,0.0,0.0,0.0,0.0,0.0,0.0,0.0,0.0,0.0,0.0
0,1,0,0,0,31.0,1,1,0,0,0.0,0.0,1.0,3.240000009536743,64.60299682617188,0.0,0.0,0.0,0.0,1.0,0.0,0.0,3.0,3.0,2.0,0.0,0.0
0,1,0,0,0,33.0,1,1,0,0,0.0,0.0,1.0,3.240000009536743,24.31800079345703,0.0,0.0,0.0,0.0,0.0,0.0,0.0,4.0,4.0,2.0,0.0,0.0
1,1,0,1,0,26.0,1,0,0,0,0.0,1.0,0.0,2.450000047683716,85.06700134277344,1.0,1.0,0.0,0.0,1.0,0.0,0.0,1.0,1.0,0.0,0.0,0.0
0,0,0,0,0,24.0,3,0,0,0,1.0,0.0,0.0,3.049999952316284,77.09700012207031,0.0,0.0,0.0,0.0,0.0,0.0,0.0,0.0,0.0,0.0,0.0,0.0
0,1,0,0,0,25.0,3,0,0,0,1.0,0.0,0.0,3.049999952316284,46.275001525878906,0.0,0.0,0.0,0.0,1.0,0.0,0.0,1.0,2.0,0.0,0.0,0.0
0,0,0,0,0,31.0,1,0,0,0,0.0,0.0,1.0,4.269999980926514,40.428001403808594,2.0,0.0,0.0,0.0,1.0,0.0,0.0,2.0,2.0,0.0,0.0,0.0
0,1,0,0,0,24.0,1,0,0,0,1.0,0.0,0.0,3.5199999809265137,47.494998931884766,1.0,0.0,0.0,0.0,1.0,0.0,0.0,0.0,0.0,0.0,0.0,0.0
0,0,0,0,0,25.0,1,0,0,0,1.0,0.0,0.0,4.53000020980835,93.71499633789062,0.0,0.0,0.0,0.0,1.0,0.0,0.0,2.0,1.0,0.0,0.0,0.0
0,0,0,0,0,29.0,0,0,0,0,0.0,0.0,1.0,9.819999694824219,74.33499908447266,1.0,0.0,0.0,0.0,0.0,0.0,0.0,0.0,2.0,0.0,0.0,0.0
0,1,0,0,0,32.0,3,0,0,0,1.0,0.0,0.0,2.380000114440918,8.920999526977539,0.0,0.0,0.0,0.0,0.0,0.0,0.0,0.0,0.0,0.0,0.0,0.0
0,1,0,0,0,32.0,1,0,0,0,1.0,0.0,0.0,4.170000076293945,93.80799865722656,0.0,0.0,0.0,0.0,1.0,0.0,0.0,2.0,1.0,1.0,0.0,0.0
0,1,0,0,0,33.0,1,0,0,0,1.0,0.0,0.0,4.170000076293945,95.74700164794922,1.0,0.0,0.0,0.0,1.0,0.0,0.0,1.0,2.0,1.0,0.0,0.0
1,0,0,0,0,25.0,2,0,0,0,0.0,1.0,0.0,2.680000066757202,90.28299713134766,2.0,2.0,0.0,0.0,0.0,0.0,0.0,0.0,0.0,0.0,0.0,0.0
0,1,0,0,0,25.0,2,0,0,0,0.0,1.0,0.0,3.4700000286102295,75.90499877929688,0.0,0.0,0.0,0.0,0.0,0.0,0.0,0.0,0.0,0.0,0.0,0.0
0,0,0,0,0,16.0,2,0,0,0,1.0,0.0,0.0,1.9800000190734863,77.80000305175781,1.0,1.0,0.0,0.0,1.0,0.0,0.0,0.0,1.0,0.0,0.0,0.0
0,1,0,0,0,18.0,2,0,0,0,1.0,0.0,0.0,1.9800000190734863,89.96499633789062,1.0,0.0,0.0,0.0,1.0,0.0,0.0,1.0,2.0,2.0,0.0,0.0
0,1,0,0,0,30.0,2,0,0,0,0.0,0.0,1.0,4.380000114440918,86.88099670410156,0.0,0.0,0.0,0.0,1.0,0.0,0.0,0.0,1.0,0.0,0.0,0.0
0,1,0,0,0,31.0,1,0,0,0,0.0,0.0,1.0,3.740000009536743,97.20800018310547,0.0,0.0,0.0,0.0,0.0,0.0,0.0,2.0,1.0,1.0,0.0,0.0
0,0,0,0,0,25.0,1,0,0,0,0.0,0.0,1.0,2.509999990463257,97.84300231933594,0.0,0.0,0.0,0.0,1.0,0.0,0.0,0.0,1.0,0.0,0.0,0.0
0,1,0,0,0,28.0,1,0,0,0,0.0,0.0,1.0,2.509999990463257,94.13899993896484,2.0,0.0,0.0,0.0,0.0,0.0,0.0,1.0,4.0,1.0,0.0,0.0
0,0,0,0,0,24.0,2,0,0,0,0.0,0.0,1.0,3.309999942779541,47.34600067138672,0.0,0.0,0.0,0.0,1.0,0.0,0.0,2.0,1.0,1.0,0.0,0.0
0,1,0,1,0,27.0,0,0,0,0,0.0,1.0,0.0,5.070000171661377,48.1150016784668,0.0,0.0,0.0,0.0,1.0,0.0,0.0,0.0,0.0,0.0,0.0,0.0
0,1,0,0,0,21.0,1,0,0,0,1.0,0.0,0.0,5.119999885559082,26.881999969482422,0.0,0.0,0.0,0.0,0.0,0.0,0.0,0.0,2.0,1.0,0.0,0.0
0,1,0,0,0,32.0,2,0,0,0,1.0,0.0,0.0,3.0999999046325684,77.39299774169922,0.0,0.0,0.0,0.0,0.0,0.0,0.0,1.0,1.0,0.0,0.0,0.0
0,1,0,0,0,24.0,0,0,0,0,0.0,1.0,0.0,8.90999984741211,85.55999755859375,0.0,0.0,0.0,0.0,0.0,0.0,0.0,0.0,0.0,0.0,0.0,0.0
0,1,0,0,0,21.0,1,0,1,0,0.0,1.0,0.0,2.2899999618530273,60.73899841308594,0.0,0.0,0.0,0.0,0.0,0.0,0.0,1.0,0.0,0.0,0.0,0.0
1,1,0,0,0,23.0,1,0,1,0,0.0,1.0,0.0,2.2899999618530273,50.55400085449219,0.0,0.0,0.0,0.0,0.0,0.0,0.0,2.0,2.0,0.0,0.0,0.0
0,0,0,0,0,28.0,2,0,0,0,0.0,1.0,0.0,2.4000000953674316,76.63500213623047,0.0,0.0,0.0,0.0,1.0,0.0,0.0,0.0,1.0,0.0,0.0,0.0
1,0,0,0,0,29.0,0,1,0,0,1.0,0.0,0.0,1.0299999713897705,79.9990005493164,2.0,1.0,0.0,1.0,1.0,0.0,0.0,4.0,4.0,4.0,2.0,1.0
0,0,0,0,0,23.0,2,0,0,0,1.0,0.0,0.0,2.559999942779541,22.163999557495117,0.0,0.0,0.0,0.0,0.0,0.0,1.0,1.0,1.0,3.0,2.0,1.0
1,1,0,0,0,28.0,1,0,0,0,1.0,0.0,0.0,1.5499999523162842,12.069999694824219,0.0,1.0,0.0,0.0,0.0,0.0,0.0,3.0,4.0,1.0,0.0,0.0
0,1,0,0,0,24.0,2,0,0,0,1.0,0.0,0.0,3.309999942779541,85.88200378417969,0.0,0.0,0.0,0.0,0.0,0.0,0.0,0.0,0.0,0.0,0.0,0.0
1,0,0,0,0,28.0,2,0,1,0,0.0,0.0,1.0,3.5799999237060547,49.66600036621094,2.0,4.0,0.0,0.0,0.0,0.0,0.0,4.0,4.0,2.0,0.0,0.0
0,0,0,0,0,25.0,2,0,0,0,1.0,0.0,0.0,2.8299999237060547,32.457000732421875,0.0,0.0,0.0,0.0,0.0,1.0,0.0,2.0,1.0,1.0,1.0,0.0
1,1,0,0,0,20.0,1,1,0,0,1.0,0.0,0.0,1.659999966621399,70.62799835205078,0.0,1.0,0.0,0.0,0.0,0.0,2.0,4.0,3.0,1.0,0.0,1.0
0,1,0,0,0,23.0,1,1,0,0,1.0,0.0,0.0,2.4700000286102295,62.60100173950195,0.0,0.0,0.0,0.0,1.0,0.0,0.0,0.0,1.0,0.0,0.0,0.0
0,1,0,0,0,24.0,1,1,0,0,1.0,0.0,0.0,2.4700000286102295,20.13800048828125,0.0,1.0,1.0,0.0,0.0,0.0,1.0,0.0,1.0,0.0,0.0,0.0
0,0,0,0,0,26.0,1,0,0,0,1.0,0.0,0.0,4.710000038146973,55.895999908447266,0.0,0.0,0.0,0.0,0.0,1.0,0.0,1.0,1.0,0.0,0.0,0.0
0,1,0,0,0,28.0,1,0,0,0,1.0,0.0,0.0,4.710000038146973,25.121000289916992,1.0,0.0,0.0,0.0,0.0,0.0,1.0,2.0,1.0,0.0,0.0,0.0
0,0,0,0,0,26.0,2,0,0,0,0.0,0.0,1.0,4.170000076293945,78.02300262451172,1.0,1.0,0.0,0.0,1.0,0.0,0.0,0.0,0.0,0.0,0.0,0.0
0,1,0,0,0,25.0,1,0,1,0,0.0,0.0,1.0,3.200000047683716,86.27799987792969,0.0,0.0,0.0,0.0,0.0,0.0,0.0,0.0,0.0,0.0,0.0,0.0
1,1,0,0,0,23.0,1,0,1,0,0.0,0.0,1.0,3.200000047683716,50.59600067138672,1.0,1.0,0.0,0.0,1.0,0.0,0.0,2.0,1.0,0.0,1.0,0.0
0,0,0,0,0,29.0,1,0,1,0,0.0,0.0,1.0,3.200000047683716,91.94999694824219,0.0,1.0,0.0,0.0,0.0,0.0,0.0,3.0,2.0,1.0,0.0,0.0
0,1,0,0,0,27.0,1,0,1,0,0.0,0.0,1.0,3.200000047683716,99.25700378417969,0.0,0.0,0.0,0.0,0.0,1.0,0.0,0.0,0.0,0.0,0.0,0.0
0,1,0,0,0,20.0,0,0,1,0,0.0,1.0,0.0,3.440000057220459,4.506999969482422,0.0,0.0,0.0,0.0,0.0,0.0,0.0,2.0,0.0,0.0,0.0,0.0
0,0,0,0,0,21.0,3,0,1,0,0.0,1.0,0.0,1.0700000524520874,51.4630012512207,2.0,2.0,2.0,0.0,0.0,1.0,1.0,3.0,1.0,1.0,1.0,0.0
0,0,0,0,0,22.0,3,0,1,0,0.0,1.0,0.0,1.0700000524520874,24.496000289916992,1.0,0.0,0.0,0.0,1.0,1.0,0.0,4.0,1.0,0.0,0.0,0.0
0,0,0,0,0,34.0,1,0,0,0,0.0,0.0,1.0,5.03000020980835,84.87999725341797,0.0,0.0,0.0,0.0,0.0,0.0,0.0,0.0,0.0,0.0,0.0,0.0
1,0,0,0,0,30.0,0,1,0,0,0.0,0.0,0.0,2.140000104904175,7.159999847412109,1.0,0.0,0.0,0.0,0.0,0.0,0.0,0.0,1.0,2.0,0.0,0.0
0,0,0,0,0,28.0,1,0,0,0,0.0,1.0,0.0,2.680000066757202,77.96099853515625,1.0,0.0,0.0,0.0,0.0,0.0,0.0,2.0,2.0,0.0,0.0,0.0
0,0,0,0,0,28.0,1,0,0,0,0.0,1.0,0.0,1.2000000476837158,66.34100341796875,0.0,0.0,0.0,0.0,1.0,0.0,0.0,1.0,1.0,1.0,0.0,0.0
0,1,0,0,0,31.0,2,1,0,0,1.0,0.0,0.0,0.9900000095367432,78.00299835205078,0.0,0.0,1.0,0.0,0.0,0.0,0.0,2.0,1.0,1.0,0.0,0.0
0,0,0,0,0,32.0,2,1,0,0,1.0,0.0,0.0,0.9900000095367432,42.65399932861328,0.0,0.0,0.0,0.0,0.0,1.0,0.0,3.0,1.0,2.0,0.0,0.0
1,1,0,0,0,26.0,0,0,1,0,0.0,0.0,1.0,1.9800000190734863,64.2249984741211,3.0,4.0,3.0,3.0,2.0,3.0,2.0,4.0,3.0,3.0,2.0,1.0
0,0,0,0,0,25.0,7,0,0,0,0.0,1.0,0.0,2.609999895095825,38.75699996948242,0.0,0.0,0.0,0.0,0.0,0.0,1.0,2.0,0.0,0.0,0.0,0.0
0,1,0,0,0,27.0,7,0,0,0,0.0,1.0,0.0,2.609999895095825,36.07400131225586,0.0,1.0,0.0,0.0,0.0,0.0,0.0,3.0,2.0,0.0,1.0,0.0
0,1,0,0,0,26.0,1,0,0,0,0.0,0.0,1.0,5.690000057220459,53.32899856567383,0.0,0.0,0.0,0.0,0.0,0.0,0.0,0.0,1.0,0.0,0.0,0.0
0,0,0,0,0,28.0,1,0,0,0,0.0,0.0,1.0,5.690000057220459,57.944000244140625,2.0,2.0,0.0,0.0,0.0,1.0,0.0,0.0,3.0,0.0,0.0,0.0
0,0,0,0,0,27.0,1,0,0,0,1.0,0.0,0.0,1.2000000476837158,29.444000244140625,0.0,0.0,0.0,0.0,0.0,0.0,0.0,2.0,1.0,0.0,0.0,0.0
0,1,0,0,0,29.0,1,0,0,0,0.0,0.0,1.0,3.5199999809265137,69.95500183105469,0.0,0.0,0.0,0.0,0.0,0.0,0.0,1.0,2.0,0.0,0.0,0.0
0,0,0,0,0,37.0,3,0,0,0,0.0,1.0,0.0,2.2699999809265137,35.41699981689453,0.0,0.0,0.0,0.0,0.0,0.0,0.0,0.0,0.0,0.0,0.0,0.0
1,0,0,0,0,28.0,1,0,0,0,1.0,0.0,0.0,1.3899999856948853,37.75699996948242,0.0,0.0,0.0,0.0,0.0,0.0,0.0,3.0,2.0,0.0,0.0,0.0
1,0,0,0,0,24.0,2,1,0,0,1.0,0.0,0.0,0.0,11.383000373840332,0.0,0.0,1.0,1.0,0.0,1.0,0.0,2.0,0.0,0.0,0.0,1.0
1,0,0,0,0,18.0,3,0,0,0,0.0,0.0,0.0,0.8799999952316284,14.006999969482422,1.0,1.0,1.0,1.0,1.0,3.0,0.0,3.0,0.0,1.0,1.0,0.0
1,0,0,0,0,19.0,3,0,0,0,0.0,0.0,0.0,0.8799999952316284,1.6679999828338623,0.0,0.0,0.0,0.0,0.0,0.0,1.0,2.0,1.0,0.0,0.0,0.0
0,1,0,0,0,19.0,4,0,1,0,0.0,1.0,0.0,0.3700000047683716,92.8489990234375,0.0,1.0,0.0,0.0,0.0,0.0,0.0,0.0,0.0,0.0,0.0,0.0
1,1,0,0,0,22.0,4,0,1,0,0.0,1.0,0.0,0.3700000047683716,40.40700149536133,3.0,2.0,0.0,0.0,1.0,0.0,2.0,3.0,2.0,2.0,2.0,0.0
1,1,0,0,0,31.0,0,0,1,0,1.0,0.0,0.0,0.8100000023841858,2.747999906539917,1.0,0.0,0.0,0.0,0.0,0.0,0.0,4.0,2.0,1.0,1.0,0.0
0,1,0,0,0,27.0,1,0,0,0,0.0,1.0,0.0,3.259999990463257,43.91299819946289,0.0,0.0,0.0,0.0,0.0,1.0,0.0,2.0,2.0,0.0,0.0,0.0
0,1,0,0,0,22.0,2,1,0,0,0.0,1.0,0.0,0.6299999952316284,89.14399719238281,0.0,0.0,0.0,0.0,0.0,0.0,0.0,0.0,0.0,0.0,0.0,0.0
1,1,0,0,0,19.0,0,0,1,0,0.0,0.0,0.0,0.4399999976158142,9.71500015258789,0.0,0.0,0.0,0.0,0.0,0.0,0.0,2.0,2.0,1.0,0.0,0.0
0,1,0,0,0,17.0,1,0,1,0,1.0,0.0,0.0,2.319999933242798,17.805999755859375,0.0,0.0,0.0,0.0,0.0,1.0,0.0,1.0,1.0,0.0,0.0,0.0
0,0,0,0,0,28.0,2,0,0,0,0.0,0.0,1.0,3.680000066757202,42.69900131225586,2.0,0.0,0.0,0.0,0.0,2.0,2.0,2.0,3.0,2.0,1.0,0.0
0,1,0,0,0,28.0,1,0,1,0,1.0,0.0,0.0,3.8299999237060547,63.137001037597656,0.0,0.0,0.0,0.0,0.0,0.0,0.0,2.0,2.0,0.0,0.0,0.0
0,1,0,1,0,32.0,1,0,1,0,1.0,0.0,0.0,2.630000114440918,36.32699966430664,0.0,0.0,0.0,0.0,0.0,0.0,0.0,0.0,1.0,0.0,0.0,0.0
0,1,0,0,0,32.0,1,0,1,0,1.0,0.0,0.0,2.630000114440918,37.30099868774414,0.0,0.0,0.0,0.0,0.0,0.0,0.0,2.0,0.0,0.0,0.0,0.0
0,1,0,0,0,23.0,1,0,1,0,0.0,1.0,0.0,1.600000023841858,69.05899810791016,0.0,0.0,0.0,0.0,1.0,0.0,0.0,2.0,1.0,0.0,0.0,0.0
0,0,0,0,1,22.0,2,1,0,0,1.0,0.0,0.0,0.5099999904632568,41.66699981689453,1.0,0.0,0.0,0.0,1.0,1.0,0.0,0.0,1.0,0.0,0.0,0.0
0,0,0,0,1,23.0,2,1,0,0,1.0,0.0,0.0,0.5099999904632568,95.91200256347656,1.0,2.0,0.0,1.0,0.0,0.0,0.0,2.0,2.0,0.0,0.0,0.0
1,0,0,0,0,41.0,1,0,0,0,0.0,0.0,1.0,4.630000114440918,89.86799621582031,1.0,1.0,1.0,1.0,0.0,1.0,0.0,2.0,2.0,2.0,2.0,1.0
0,1,0,0,0,21.0,1,0,1,0,0.0,0.0,0.0,1.3600000143051147,62.25299835205078,0.0,0.0,0.0,0.0,1.0,1.0,0.0,3.0,3.0,1.0,1.0,0.0
0,0,0,0,0,21.0,1,0,0,0,1.0,0.0,0.0,3.3299999237060547,15.427000045776367,0.0,0.0,0.0,0.0,1.0,1.0,0.0,0.0,1.0,0.0,0.0,0.0
0,1,0,0,0,22.0,1,0,0,0,1.0,0.0,0.0,3.3299999237060547,57.40399932861328,0.0,0.0,0.0,0.0,1.0,0.0,0.0,1.0,1.0,0.0,0.0,0.0
0,1,0,1,0,41.0,1,0,0,0,0.0,0.0,0.0,0.6399999856948853,70.74700164794922,0.0,0.0,0.0,0.0,0.0,0.0,0.0,2.0,2.0,2.0,0.0,0.0
0,1,0,0,0,30.0,0,0,0,0,1.0,0.0,0.0,2.6700000762939453,64.6520004272461,0.0,0.0,0.0,0.0,1.0,0.0,0.0,0.0,0.0,0.0,0.0,0.0
0,1,0,0,0,31.0,1,0,0,0,1.0,0.0,0.0,4.710000038146973,26.290000915527344,0.0,0.0,0.0,0.0,0.0,0.0,0.0,0.0,2.0,0.0,0.0,0.0
0,0,0,0,0,32.0,4,0,1,0,0.0,1.0,0.0,0.6399999856948853,52.15800094604492,0.0,0.0,0.0,0.0,1.0,0.0,1.0,0.0,2.0,1.0,0.0,0.0
0,0,0,0,0,25.0,2,0,0,0,0.0,0.0,0.0,2.0299999713897705,47.48099899291992,0.0,0.0,0.0,0.0,0.0,0.0,0.0,0.0,3.0,0.0,0.0,1.0
1,1,0,0,0,25.0,2,0,0,0,0.0,0.0,1.0,1.840000033378601,99.35800170898438,0.0,2.0,0.0,0.0,1.0,0.0,0.0,2.0,3.0,1.0,0.0,0.0
0,1,0,0,0,27.0,2,0,0,0,0.0,0.0,1.0,1.840000033378601,77.9739990234375,0.0,0.0,0.0,0.0,0.0,0.0,0.0,3.0,4.0,3.0,0.0,0.0
1,0,0,0,0,23.0,1,0,1,0,1.0,0.0,0.0,1.7000000476837158,31.069000244140625,0.0,0.0,0.0,0.0,1.0,1.0,0.0,0.0,1.0,1.0,0.0,0.0
1,0,0,0,0,25.0,1,0,1,0,1.0,0.0,0.0,1.7000000476837158,51.222999572753906,2.0,1.0,1.0,1.0,0.0,0.0,0.0,2.0,2.0,3.0,2.0,1.0
0,1,0,0,0,19.0,2,0,0,0,0.0,0.0,0.0,1.2699999809265137,11.144000053405762,0.0,0.0,0.0,0.0,0.0,0.0,0.0,1.0,1.0,0.0,0.0,0.0
1,1,0,0,0,20.0,2,0,1,0,0.0,1.0,0.0,3.0899999141693115,40.71699905395508,0.0,0.0,0.0,0.0,0.0,0.0,0.0,1.0,2.0,0.0,0.0,0.0
0,0,0,0,0,19.0,3,0,0,0,0.0,1.0,0.0,0.6700000166893005,52.78900146484375,0.0,0.0,0.0,0.0,0.0,1.0,0.0,0.0,0.0,0.0,0.0,0.0
0,1,0,0,0,21.0,3,0,0,0,0.0,1.0,0.0,0.6700000166893005,62.619998931884766,0.0,0.0,0.0,0.0,0.0,0.0,0.0,0.0,0.0,0.0,0.0,0.0
0,1,0,0,0,23.0,0,0,0,0,0.0,1.0,0.0,3.630000114440918,59.87699890136719,0.0,0.0,0.0,0.0,1.0,0.0,0.0,3.0,1.0,0.0,0.0,0.0
0,1,0,0,0,34.0,1,0,0,0,0.0,0.0,1.0,5.150000095367432,72.06999969482422,0.0,0.0,0.0,0.0,1.0,0.0,0.0,0.0,1.0,0.0,0.0,0.0
0,0,0,0,0,31.0,2,0,0,0,1.0,0.0,0.0,1.4299999475479126,88.29900360107422,0.0,0.0,0.0,0.0,0.0,0.0,0.0,0.0,2.0,0.0,0.0,0.0
0,0,0,0,0,33.0,2,0,0,0,1.0,0.0,0.0,1.4299999475479126,52.68899917602539,0.0,0.0,0.0,0.0,0.0,0.0,0.0,0.0,1.0,0.0,0.0,0.0
0,0,0,0,0,18.0,1,0,1,0,1.0,0.0,0.0,1.5,20.886999130249023,0.0,0.0,0.0,0.0,0.0,0.0,0.0,0.0,1.0,0.0,0.0,0.0
0,0,0,0,0,21.0,2,0,0,0,0.0,1.0,0.0,2.240000009536743,71.05500030517578,2.0,1.0,0.0,0.0,0.0,0.0,0.0,1.0,2.0,1.0,0.0,0.0
0,0,0,0,0,23.0,2,0,0,0,0.0,1.0,0.0,2.240000009536743,83.14800262451172,0.0,2.0,0.0,0.0,0.0,0.0,0.0,2.0,3.0,1.0,0.0,1.0
0,0,0,0,0,28.0,1,0,0,0,0.0,0.0,1.0,3.4800000190734863,92.50399780273438,0.0,0.0,0.0,0.0,0.0,0.0,0.0,0.0,0.0,0.0,0.0,0.0
0,0,0,0,0,24.0,1,0,0,0,1.0,0.0,0.0,5.880000114440918,65.71499633789062,0.0,0.0,0.0,0.0,0.0,1.0,0.0,0.0,2.0,0.0,0.0,0.0
0,1,0,0,0,28.0,1,0,0,0,0.0,0.0,1.0,2.5299999713897705,78.76200103759766,0.0,0.0,0.0,0.0,0.0,0.0,0.0,0.0,0.0,0.0,0.0,0.0
0,0,0,0,0,27.0,3,0,0,0,0.0,0.0,1.0,2.240000009536743,76.19000244140625,1.0,2.0,0.0,0.0,0.0,0.0,1.0,2.0,2.0,0.0,0.0,0.0
0,1,0,0,0,29.0,3,0,0,0,0.0,0.0,1.0,2.240000009536743,32.49399948120117,0.0,0.0,0.0,0.0,0.0,0.0,0.0,0.0,0.0,0.0,0.0,0.0
0,0,0,0,1,21.0,2,0,0,0,0.0,1.0,0.0,2.430000066757202,85.79900360107422,0.0,0.0,0.0,0.0,1.0,0.0,0.0,0.0,0.0,0.0,0.0,0.0
0,1,0,0,0,19.0,0,1,0,0,0.0,1.0,0.0,1.8200000524520874,51.80400085449219,0.0,0.0,0.0,0.0,0.0,0.0,0.0,0.0,3.0,0.0,0.0,0.0
1,1,0,0,0,20.0,1,0,0,0,0.0,1.0,0.0,2.640000104904175,69.92500305175781,0.0,0.0,0.0,0.0,0.0,0.0,0.0,0.0,3.0,0.0,0.0,0.0
0,1,0,0,0,25.0,1,0,0,0,0.0,0.0,1.0,3.1500000953674316,85.5530014038086,0.0,0.0,0.0,0.0,0.0,0.0,0.0,0.0,0.0,0.0,0.0,0.0
1,1,0,0,0,26.0,0,1,0,0,0.0,0.0,1.0,2.0799999237060547,30.767000198364258,0.0,0.0,0.0,0.0,0.0,0.0,0.0,1.0,1.0,0.0,0.0,0.0
0,0,0,0,0,27.0,1,1,0,0,0.0,1.0,0.0,2.630000114440918,51.73099899291992,0.0,0.0,0.0,0.0,0.0,0.0,0.0,2.0,2.0,0.0,0.0,0.0
0,0,0,0,0,20.0,2,0,0,1,1.0,0.0,0.0,0.7099999785423279,37.80699920654297,0.0,0.0,0.0,0.0,0.0,0.0,0.0,2.0,3.0,0.0,0.0,0.0
1,0,0,0,0,23.0,1,1,0,0,0.0,0.0,1.0,1.3600000143051147,73.44400024414062,1.0,0.0,0.0,1.0,0.0,1.0,1.0,3.0,2.0,2.0,1.0,1.0
1,0,0,0,0,25.0,0,0,0,0,0.0,0.0,1.0,3.859999895095825,85.84600067138672,1.0,2.0,0.0,0.0,0.0,0.0,0.0,2.0,1.0,1.0,0.0,1.0
1,1,0,0,0,17.0,1,0,0,0,0.0,1.0,0.0,0.550000011920929,69.81300354003906,1.0,1.0,0.0,0.0,0.0,0.0,2.0,0.0,3.0,3.0,1.0,0.0
0,1,0,0,0,26.0,2,0,0,0,0.0,1.0,0.0,2.5799999237060547,70.48999786376953,0.0,0.0,0.0,0.0,0.0,0.0,1.0,3.0,3.0,3.0,1.0,1.0
0,0,0,0,0,32.0,0,0,0,0,0.0,0.0,1.0,3.3399999141693115,38.263999938964844,0.0,1.0,0.0,0.0,0.0,0.0,0.0,2.0,2.0,2.0,0.0,1.0
0,1,0,0,0,28.0,1,0,0,0,0.0,1.0,0.0,5.119999885559082,87.44000244140625,0.0,0.0,0.0,0.0,0.0,0.0,0.0,0.0,0.0,0.0,0.0,0.0
0,1,0,0,0,29.0,2,0,0,0,0.0,0.0,1.0,1.2599999904632568,38.775001525878906,0.0,1.0,1.0,0.0,0.0,0.0,0.0,0.0,1.0,0.0,0.0,0.0
0,0,0,0,0,19.0,2,0,0,0,1.0,0.0,0.0,2.2200000286102295,76.46499633789062,1.0,0.0,0.0,0.0,1.0,0.0,0.0,0.0,0.0,0.0,0.0,0.0
0,1,0,0,0,21.0,2,0,0,0,1.0,0.0,0.0,2.2200000286102295,91.23200225830078,0.0,0.0,0.0,0.0,1.0,0.0,0.0,0.0,1.0,0.0,0.0,0.0
0,1,0,1,0,22.0,1,0,0,0,0.0,1.0,0.0,3.6500000953674316,45.14699935913086,0.0,0.0,0.0,0.0,1.0,0.0,0.0,3.0,1.0,0.0,0.0,0.0
1,0,0,0,0,19.0,2,1,0,0,1.0,0.0,0.0,1.2300000190734863,50.279998779296875,0.0,0.0,0.0,0.0,1.0,1.0,0.0,1.0,1.0,0.0,0.0,0.0
1,1,0,0,0,19.0,2,1,0,0,0.0,0.0,1.0,2.3499999046325684,76.26699829101562,0.0,1.0,1.0,0.0,1.0,0.0,1.0,4.0,3.0,3.0,2.0,1.0
0,1,0,0,0,30.0,1,1,0,0,0.0,1.0,0.0,2.2899999618530273,65.08000183105469,1.0,4.0,1.0,0.0,2.0,0.0,0.0,4.0,2.0,3.0,0.0,1.0
0,0,0,0,0,21.0,1,0,1,0,0.0,0.0,1.0,4.590000152587891,64.45700073242188,0.0,0.0,0.0,0.0,0.0,0.0,0.0,0.0,1.0,0.0,0.0,0.0
0,0,0,0,0,23.0,1,0,1,0,0.0,0.0,1.0,4.590000152587891,58.95100021362305,0.0,0.0,0.0,0.0,0.0,0.0,0.0,0.0,2.0,0.0,0.0,0.0
0,0,0,0,0,24.0,2,0,0,0,0.0,0.0,1.0,3.6600000858306885,79.68099975585938,0.0,0.0,0.0,0.0,1.0,1.0,0.0,0.0,0.0,0.0,0.0,0.0
1,0,0,0,0,25.0,2,0,0,0,0.0,0.0,1.0,3.6600000858306885,69.60800170898438,1.0,1.0,0.0,0.0,0.0,1.0,0.0,2.0,2.0,0.0,0.0,1.0
0,1,0,0,0,27.0,2,0,0,0,0.0,0.0,1.0,3.6600000858306885,50.7599983215332,0.0,0.0,0.0,0.0,0.0,0.0,0.0,0.0,2.0,0.0,0.0,0.0
1,1,0,0,0,26.0,1,0,0,0,0.0,1.0,0.0,4.869999885559082,30.530000686645508,0.0,0.0,0.0,0.0,1.0,0.0,0.0,1.0,2.0,0.0,0.0,0.0
0,1,0,0,0,24.0,1,0,0,0,0.0,1.0,0.0,3.049999952316284,43.784000396728516,0.0,0.0,0.0,0.0,0.0,0.0,0.0,1.0,1.0,0.0,0.0,0.0
0,1,0,0,0,21.0,3,0,0,0,1.0,0.0,0.0,1.590000033378601,10.23799991607666,0.0,0.0,1.0,0.0,0.0,0.0,0.0,2.0,1.0,0.0,0.0,0.0
1,0,0,0,0,23.0,3,0,0,0,1.0,0.0,0.0,1.590000033378601,43.55699920654297,0.0,0.0,0.0,0.0,0.0,2.0,0.0,0.0,3.0,0.0,0.0,0.0
0,1,0,0,0,29.0,0,0,1,0,0.0,1.0,0.0,3.950000047683716,65.11499786376953,0.0,0.0,0.0,0.0,1.0,0.0,0.0,1.0,1.0,0.0,0.0,0.0
0,1,0,0,0,20.0,0,0,0,0,0.0,0.0,0.0,2.700000047683716,32.38600158691406,0.0,0.0,0.0,0.0,0.0,0.0,0.0,2.0,1.0,0.0,0.0,0.0
1,0,0,0,0,26.0,2,1,0,0,1.0,0.0,0.0,2.069999933242798,34.974998474121094,0.0,0.0,1.0,0.0,1.0,0.0,1.0,2.0,1.0,0.0,0.0,0.0
1,1,0,0,0,18.0,1,0,0,0,0.0,1.0,0.0,2.390000104904175,76.00599670410156,1.0,1.0,0.0,0.0,0.0,0.0,0.0,3.0,2.0,2.0,0.0,1.0
0,1,0,0,0,20.0,1,0,0,0,0.0,1.0,0.0,2.390000104904175,36.30699920654297,0.0,0.0,0.0,0.0,1.0,0.0,0.0,4.0,3.0,1.0,0.0,0.0
1,0,0,1,0,17.0,1,0,0,0,0.0,0.0,0.0,3.6500000953674316,51.25199890136719,1.0,0.0,0.0,0.0,0.0,0.0,0.0,0.0,1.0,0.0,0.0,1.0
1,1,0,1,0,19.0,1,0,0,0,0.0,0.0,0.0,3.6500000953674316,23.10099983215332,0.0,0.0,0.0,0.0,0.0,0.0,0.0,4.0,2.0,0.0,0.0,1.0
0,0,0,0,0,30.0,1,1,0,0,1.0,0.0,0.0,2.140000104904175,19.493000030517578,0.0,0.0,0.0,0.0,0.0,0.0,0.0,1.0,1.0,0.0,0.0,0.0
0,0,0,0,0,22.0,1,0,0,0,1.0,0.0,0.0,3.140000104904175,23.128000259399414,0.0,0.0,0.0,0.0,1.0,0.0,0.0,0.0,0.0,0.0,0.0,0.0
0,0,0,0,0,25.0,1,0,0,0,1.0,0.0,0.0,3.140000104904175,65.45899963378906,2.0,1.0,0.0,0.0,0.0,0.0,0.0,0.0,2.0,0.0,0.0,0.0
0,0,0,0,0,31.0,1,0,0,0,1.0,0.0,0.0,3.359999895095825,49.426998138427734,0.0,0.0,0.0,0.0,0.0,0.0,0.0,1.0,1.0,1.0,0.0,0.0
0,1,0,0,0,27.0,1,0,0,0,1.0,0.0,0.0,2.200000047683716,9.152999877929688,0.0,0.0,0.0,0.0,0.0,0.0,0.0,3.0,3.0,0.0,0.0,0.0
1,0,0,0,0,18.0,1,0,0,0,0.0,1.0,0.0,3.2100000381469727,74.48799896240234,1.0,0.0,0.0,1.0,1.0,0.0,0.0,0.0,1.0,1.0,1.0,0.0
1,0,0,0,0,26.0,1,0,0,0,0.0,0.0,0.0,0.7099999785423279,59.56800079345703,1.0,2.0,0.0,0.0,1.0,0.0,0.0,3.0,2.0,2.0,0.0,1.0
0,0,0,0,0,28.0,1,0,0,0,0.0,0.0,0.0,0.7099999785423279,85.68099975585938,0.0,0.0,0.0,0.0,0.0,1.0,0.0,0.0,4.0,0.0,0.0,0.0
0,0,0,0,0,26.0,1,0,1,0,1.0,0.0,0.0,1.7200000286102295,87.80699920654297,2.0,0.0,0.0,0.0,1.0,0.0,0.0,0.0,3.0,0.0,0.0,0.0
0,0,0,0,0,32.0,1,0,0,0,0.0,0.0,1.0,4.53000020980835,47.47700119018555,1.0,0.0,0.0,0.0,0.0,1.0,0.0,0.0,0.0,0.0,0.0,0.0
0,0,0,0,0,27.0,2,0,0,0,1.0,0.0,0.0,4.179999828338623,70.47100067138672,0.0,0.0,0.0,0.0,0.0,0.0,0.0,0.0,0.0,0.0,0.0,0.0
1,0,0,0,1,25.0,1,0,0,0,0.0,1.0,0.0,5.46999979019165,61.10100173950195,1.0,0.0,0.0,0.0,1.0,0.0,0.0,1.0,1.0,0.0,0.0,1.0
0,1,0,0,1,27.0,1,0,0,0,0.0,1.0,0.0,5.46999979019165,72.88600158691406,0.0,0.0,0.0,0.0,1.0,0.0,0.0,0.0,1.0,0.0,0.0,0.0
0,0,0,0,0,22.0,1,0,0,0,1.0,0.0,0.0,2.200000047683716,39.45600128173828,0.0,0.0,0.0,0.0,0.0,1.0,0.0,1.0,2.0,0.0,0.0,0.0
0,1,0,0,0,23.0,2,0,0,0,1.0,0.0,0.0,1.5399999618530273,74.18000030517578,0.0,0.0,0.0,0.0,1.0,0.0,0.0,0.0,0.0,0.0,0.0,0.0
0,0,0,0,0,25.0,1,1,0,0,1.0,0.0,0.0,1.7799999713897705,58.470001220703125,0.0,0.0,0.0,0.0,1.0,0.0,0.0,0.0,0.0,0.0,0.0,0.0
0,1,0,0,0,27.0,1,0,0,0,1.0,0.0,0.0,3.700000047683716,39.77899932861328,1.0,0.0,0.0,0.0,0.0,0.0,1.0,0.0,2.0,0.0,1.0,0.0
1,0,0,0,0,28.0,1,0,0,0,1.0,0.0,0.0,3.700000047683716,23.479000091552734,2.0,1.0,0.0,3.0,4.0,2.0,0.0,0.0,2.0,0.0,1.0,0.0
1,0,0,0,0,17.0,1,0,1,0,1.0,0.0,0.0,2.509999990463257,20.045000076293945,0.0,0.0,0.0,0.0,1.0,0.0,2.0,2.0,2.0,1.0,0.0,1.0
0,1,0,0,0,20.0,1,0,1,0,1.0,0.0,0.0,2.680000066757202,50.4119987487793,0.0,1.0,0.0,0.0,0.0,0.0,0.0,3.0,2.0,2.0,0.0,0.0
0,0,0,0,0,30.0,0,0,0,0,0.0,1.0,0.0,3.1700000762939453,94.5770034790039,0.0,0.0,0.0,0.0,1.0,0.0,0.0,0.0,1.0,1.0,0.0,0.0
1,0,0,1,0,26.0,1,1,0,0,1.0,0.0,0.0,2.369999885559082,50.48099899291992,1.0,0.0,0.0,0.0,1.0,0.0,0.0,1.0,1.0,1.0,0.0,1.0
1,1,0,1,0,27.0,1,1,0,0,1.0,0.0,0.0,2.369999885559082,28.690000534057617,1.0,3.0,0.0,0.0,2.0,1.0,0.0,3.0,2.0,2.0,1.0,0.0
0,1,0,0,0,19.0,0,0,0,0,1.0,0.0,0.0,4.909999847412109,70.7239990234375,0.0,0.0,0.0,0.0,1.0,0.0,0.0,0.0,1.0,0.0,0.0,1.0
0,0,0,0,0,24.0,0,0,0,0,0.0,0.0,1.0,1.3899999856948853,99.35099792480469,0.0,0.0,0.0,0.0,1.0,0.0,0.0,0.0,1.0,0.0,0.0,0.0
0,1,0,0,0,28.0,1,1,0,0,1.0,0.0,0.0,1.9800000190734863,37.54399871826172,0.0,0.0,0.0,0.0,1.0,0.0,0.0,0.0,1.0,0.0,0.0,0.0
0,1,0,0,0,30.0,1,1,0,0,1.0,0.0,0.0,1.9800000190734863,53.83399963378906,0.0,0.0,0.0,0.0,2.0,0.0,0.0,0.0,4.0,0.0,0.0,0.0
0,1,0,0,0,32.0,1,0,0,0,0.0,1.0,0.0,5.21999979019165,73.81800079345703,0.0,1.0,0.0,0.0,0.0,0.0,0.0,0.0,2.0,0.0,0.0,0.0
0,1,0,0,0,20.0,3,0,0,0,0.0,1.0,0.0,2.7300000190734863,83.4520034790039,0.0,0.0,0.0,0.0,0.0,0.0,0.0,0.0,0.0,0.0,0.0,0.0
0,1,0,0,0,32.0,2,0,0,0,0.0,1.0,0.0,1.9199999570846558,24.992000579833984,0.0,0.0,0.0,0.0,0.0,0.0,0.0,0.0,0.0,0.0,0.0,0.0
0,0,0,0,0,34.0,2,0,0,0,0.0,1.0,0.0,1.9199999570846558,35.47600173950195,0.0,0.0,0.0,0.0,0.0,0.0,0.0,0.0,2.0,0.0,0.0,0.0
1,0,0,0,0,18.0,1,0,0,0,1.0,0.0,0.0,2.509999990463257,36.98699951171875,0.0,0.0,0.0,0.0,0.0,0.0,0.0,0.0,2.0,1.0,0.0,0.0
0,1,0,0,0,19.0,1,0,0,0,1.0,0.0,0.0,2.509999990463257,27.256999969482422,0.0,0.0,0.0,0.0,1.0,0.0,2.0,2.0,3.0,0.0,0.0,0.0
0,1,0,0,0,28.0,2,0,0,0,0.0,1.0,0.0,2.890000104904175,80.76000213623047,0.0,0.0,0.0,0.0,0.0,0.0,0.0,0.0,1.0,0.0,0.0,0.0
1,0,0,0,0,27.0,1,1,0,0,1.0,0.0,0.0,0.9100000262260437,16.267000198364258,0.0,1.0,1.0,1.0,3.0,1.0,1.0,4.0,3.0,2.0,1.0,1.0
1,0,0,0,0,23.0,0,0,0,0,1.0,0.0,0.0,3.190000057220459,46.92900085449219,0.0,0.0,0.0,0.0,1.0,0.0,0.0,0.0,0.0,0.0,0.0,0.0
1,0,0,0,0,19.0,2,0,0,0,0.0,0.0,1.0,3.0399999618530273,56.97999954223633,1.0,1.0,0.0,0.0,0.0,0.0,0.0,2.0,4.0,2.0,0.0,0.0
0,0,0,0,0,25.0,3,0,0,0,1.0,0.0,0.0,0.550000011920929,10.675000190734863,2.0,0.0,1.0,1.0,1.0,0.0,0.0,1.0,1.0,1.0,0.0,0.0
0,1,0,0,0,26.0,3,0,0,0,1.0,0.0,0.0,0.550000011920929,73.45700073242188,1.0,2.0,0.0,0.0,0.0,0.0,0.0,2.0,2.0,0.0,0.0,0.0
0,1,0,0,0,28.0,3,0,0,0,1.0,0.0,0.0,0.550000011920929,71.93099975585938,0.0,2.0,0.0,0.0,0.0,0.0,1.0,0.0,1.0,0.0,0.0,0.0
1,1,0,0,0,28.0,0,0,0,0,1.0,0.0,0.0,5.170000076293945,55.25,0.0,0.0,0.0,0.0,0.0,0.0,0.0,0.0,1.0,0.0,0.0,0.0
0,0,0,0,0,28.0,1,0,0,0,0.0,1.0,0.0,2.8299999237060547,28.441999435424805,0.0,0.0,0.0,0.0,1.0,0.0,0.0,0.0,0.0,0.0,0.0,0.0
0,0,0,0,0,27.0,1,0,0,0,0.0,1.0,0.0,2.9100000858306885,10.621999740600586,1.0,1.0,0.0,0.0,0.0,0.0,0.0,2.0,1.0,0.0,0.0,0.0
0,1,0,0,0,30.0,1,0,0,0,1.0,0.0,0.0,2.890000104904175,27.70800018310547,0.0,0.0,0.0,0.0,0.0,0.0,0.0,1.0,2.0,0.0,0.0,0.0
1,0,0,0,0,26.0,1,0,0,0,1.0,0.0,0.0,1.5199999809265137,15.928999900817871,0.0,0.0,0.0,0.0,1.0,0.0,0.0,3.0,1.0,0.0,0.0,1.0
0,0,0,0,0,28.0,1,0,0,0,0.0,0.0,0.0,1.3300000429153442,19.195999145507812,0.0,0.0,0.0,0.0,0.0,0.0,0.0,3.0,0.0,0.0,0.0,0.0
1,0,0,0,0,22.0,2,0,1,0,0.0,0.0,0.0,1.309999942779541,36.534000396728516,1.0,4.0,1.0,3.0,0.0,0.0,0.0,2.0,3.0,4.0,0.0,0.0
1,0,0,0,0,31.0,0,1,0,0,1.0,0.0,0.0,1.2200000286102295,87.1989974975586,0.0,0.0,0.0,0.0,0.0,0.0,0.0,1.0,1.0,0.0,0.0,0.0
1,0,0,1,0,17.0,5,0,1,0,0.0,0.0,0.0,0.2800000011920929,23.486000061035156,0.0,0.0,1.0,0.0,1.0,0.0,0.0,3.0,3.0,0.0,1.0,1.0
1,0,0,0,0,24.0,1,1,0,0,1.0,0.0,0.0,0.2800000011920929,80.57499694824219,0.0,1.0,0.0,1.0,0.0,1.0,0.0,4.0,3.0,1.0,0.0,0.0
0,0,0,0,0,19.0,1,0,1,0,1.0,0.0,0.0,3.7100000381469727,63.41299819946289,0.0,0.0,0.0,0.0,0.0,0.0,0.0,0.0,1.0,0.0,0.0,0.0
0,0,0,0,0,22.0,1,1,0,0,1.0,0.0,0.0,1.309999942779541,41.185001373291016,0.0,0.0,0.0,0.0,0.0,0.0,0.0,3.0,3.0,0.0,0.0,0.0
0,1,0,0,0,23.0,1,1,0,0,1.0,0.0,0.0,1.309999942779541,65.72799682617188,0.0,0.0,0.0,0.0,0.0,0.0,0.0,2.0,4.0,2.0,0.0,0.0
1,0,0,0,0,26.0,1,1,0,0,1.0,0.0,0.0,2.940000057220459,33.20000076293945,1.0,1.0,0.0,0.0,0.0,0.0,0.0,4.0,4.0,3.0,1.0,0.0
0,1,0,0,0,20.0,2,0,0,0,0.0,1.0,0.0,1.1200000047683716,41.15999984741211,1.0,1.0,0.0,0.0,0.0,0.0,1.0,4.0,4.0,3.0,1.0,0.0
1,0,0,0,0,22.0,1,0,1,0,1.0,0.0,0.0,2.0399999618530273,36.8849983215332,1.0,1.0,1.0,1.0,1.0,1.0,0.0,3.0,1.0,2.0,0.0,0.0
1,0,0,0,0,21.0,2,1,0,0,0.0,1.0,0.0,16.270000457763672,78.3479995727539,1.0,3.0,1.0,0.0,1.0,0.0,0.0,4.0,4.0,3.0,2.0,0.0
0,1,0,0,0,33.0,0,1,0,0,1.0,0.0,0.0,1.940000057220459,35.388999938964844,0.0,2.0,0.0,0.0,2.0,0.0,2.0,4.0,4.0,1.0,0.0,0.0
0,1,0,0,0,19.0,2,0,0,0,1.0,0.0,0.0,0.9599999785423279,49.44900131225586,0.0,2.0,1.0,0.0,0.0,0.0,3.0,4.0,4.0,3.0,1.0,1.0
0,0,0,1,0,37.0,2,1,0,0,0.0,0.0,1.0,0.8899999856948853,95.9990005493164,0.0,0.0,0.0,0.0,1.0,0.0,0.0,0.0,0.0,0.0,0.0,0.0
0,0,0,1,0,39.0,2,1,0,0,0.0,0.0,1.0,0.8899999856948853,71.58799743652344,0.0,0.0,0.0,0.0,2.0,0.0,0.0,0.0,0.0,0.0,0.0,0.0
0,0,0,0,0,18.0,0,1,0,0,1.0,0.0,0.0,4.449999809265137,42.380001068115234,2.0,0.0,1.0,1.0,0.0,0.0,0.0,0.0,1.0,2.0,0.0,0.0
1,0,0,0,0,25.0,2,0,0,0,0.0,0.0,1.0,3.2300000190734863,27.715999603271484,0.0,0.0,1.0,0.0,0.0,0.0,0.0,1.0,2.0,1.0,0.0,0.0
0,1,0,0,0,25.0,1,0,0,0,0.0,0.0,1.0,2.5299999713897705,96.6259994506836,0.0,0.0,0.0,0.0,1.0,0.0,0.0,1.0,1.0,0.0,0.0,0.0
0,0,0,0,0,27.0,1,0,0,0,0.0,0.0,1.0,4.190000057220459,88.63099670410156,4.0,2.0,0.0,0.0,0.0,0.0,0.0,2.0,4.0,0.0,0.0,0.0
0,1,0,0,0,30.0,0,0,0,0,0.0,1.0,0.0,3.9600000381469727,78.2959976196289,0.0,0.0,0.0,0.0,0.0,0.0,1.0,2.0,1.0,1.0,1.0,0.0
0,1,0,0,0,23.0,1,0,0,0,0.0,0.0,1.0,3.6500000953674316,93.83699798583984,0.0,0.0,0.0,0.0,0.0,0.0,0.0,0.0,2.0,0.0,0.0,0.0
0,0,0,0,0,26.0,1,0,1,0,1.0,0.0,0.0,2.619999885559082,35.79899978637695,0.0,0.0,0.0,0.0,0.0,1.0,0.0,0.0,0.0,0.0,0.0,0.0
1,0,0,0,0,28.0,0,0,0,0,0.0,1.0,0.0,6.940000057220459,93.71099853515625,1.0,1.0,0.0,0.0,2.0,1.0,0.0,4.0,4.0,4.0,2.0,1.0
1,1,0,0,0,16.0,3,0,0,0,0.0,0.0,0.0,2.0299999713897705,23.993999481201172,2.0,1.0,1.0,1.0,1.0,0.0,1.0,2.0,1.0,1.0,0.0,0.0
1,0,0,0,0,18.0,3,0,0,0,0.0,0.0,0.0,2.0299999713897705,0.2809999883174896,0.0,0.0,0.0,0.0,1.0,2.0,1.0,3.0,1.0,1.0,0.0,0.0
1,0,0,0,0,19.0,3,0,0,0,0.0,0.0,0.0,2.0299999713897705,21.4060001373291,3.0,4.0,2.0,2.0,2.0,2.0,1.0,4.0,3.0,0.0,1.0,1.0
0,1,0,0,0,19.0,3,1,0,0,0.0,0.0,0.0,0.0,42.00299835205078,0.0,0.0,0.0,0.0,1.0,0.0,0.0,1.0,1.0,0.0,0.0,0.0
0,0,0,0,0,21.0,0,0,1,0,0.0,1.0,0.0,4.650000095367432,66.84300231933594,0.0,0.0,0.0,0.0,0.0,1.0,0.0,2.0,4.0,0.0,0.0,0.0
0,0,1,0,0,19.0,2,0,0,0,1.0,0.0,0.0,2.4600000381469727,8.281000137329102,0.0,0.0,0.0,0.0,1.0,0.0,1.0,0.0,0.0,0.0,0.0,1.0
0,1,0,0,0,30.0,1,1,0,0,0.0,0.0,1.0,2.869999885559082,3.5429999828338623,0.0,0.0,0.0,0.0,0.0,0.0,0.0,0.0,0.0,0.0,0.0,0.0
1,0,1,0,0,21.0,3,0,0,0,1.0,0.0,0.0,2.319999933242798,14.314000129699707,0.0,0.0,0.0,0.0,2.0,0.0,0.0,0.0,0.0,0.0,0.0,0.0
0,1,1,0,0,21.0,3,0,0,0,1.0,0.0,0.0,2.319999933242798,62.46699905395508,0.0,0.0,0.0,0.0,0.0,0.0,0.0,0.0,2.0,0.0,0.0,0.0
0,0,1,0,0,21.0,1,1,0,0,1.0,0.0,0.0,0.0,29.878999710083008,0.0,0.0,0.0,0.0,0.0,0.0,1.0,1.0,1.0,0.0,0.0,0.0
0,1,1,0,0,32.0,1,0,0,0,0.0,1.0,0.0,4.269999980926514,59.790000915527344,0.0,0.0,0.0,0.0,0.0,0.0,0.0,0.0,4.0,0.0,0.0,0.0
0,1,0,0,0,22.0,1,0,0,0,0.0,0.0,0.0,0.5600000023841858,58.43199920654297,0.0,0.0,0.0,0.0,0.0,0.0,0.0,0.0,0.0,0.0,0.0,0.0
0,1,0,0,0,35.0,1,0,0,0,1.0,0.0,0.0,0.5299999713897705,38.797000885009766,0.0,0.0,0.0,0.0,0.0,0.0,0.0,2.0,1.0,0.0,0.0,0.0
0,1,0,0,0,15.0,1,0,1,0,1.0,0.0,0.0,0.6299999952316284,43.56399917602539,0.0,0.0,0.0,0.0,1.0,0.0,0.0,3.0,2.0,0.0,0.0,0.0
1,0,1,0,0,33.0,1,0,0,0,0.0,1.0,0.0,1.8200000524520874,14.753999710083008,0.0,1.0,0.0,0.0,2.0,0.0,0.0,2.0,2.0,0.0,0.0,0.0
0,1,0,0,0,17.0,1,0,0,0,0.0,0.0,0.0,0.6899999976158142,60.77199935913086,0.0,0.0,0.0,0.0,0.0,0.0,0.0,0.0,0.0,0.0,0.0,0.0
0,0,1,0,0,20.0,3,1,0,0,1.0,0.0,0.0,0.5400000214576721,3.2790000438690186,1.0,1.0,0.0,0.0,0.0,1.0,1.0,0.0,0.0,1.0,1.0,0.0
1,0,1,0,0,21.0,3,1,0,0,1.0,0.0,0.0,0.5400000214576721,23.570999145507812,0.0,0.0,0.0,0.0,0.0,1.0,1.0,2.0,1.0,0.0,0.0,0.0
0,0,1,0,0,20.0,1,0,0,0,1.0,0.0,0.0,2.509999990463257,22.77400016784668,0.0,0.0,0.0,1.0,1.0,0.0,0.0,0.0,0.0,0.0,0.0,0.0
0,1,0,0,0,17.0,2,0,0,0,0.0,0.0,0.0,0.8700000047683716,50.882999420166016,0.0,0.0,0.0,0.0,0.0,0.0,0.0,0.0,0.0,0.0,0.0,0.0
0,0,1,0,0,23.0,1,0,0,0,1.0,0.0,0.0,1.9800000190734863,44.28300094604492,0.0,0.0,0.0,0.0,0.0,0.0,0.0,1.0,2.0,0.0,0.0,0.0
1,0,1,0,0,26.0,1,0,0,0,0.0,1.0,0.0,2.369999885559082,18.884000778198242,1.0,0.0,0.0,0.0,1.0,0.0,0.0,1.0,1.0,0.0,0.0,0.0
1,1,1,0,0,24.0,1,1,0,0,0.0,0.0,1.0,2.5299999713897705,76.42500305175781,1.0,0.0,0.0,0.0,0.0,0.0,0.0,0.0,0.0,0.0,0.0,0.0
0,1,1,0,0,19.0,2,0,1,0,1.0,0.0,0.0,2.0399999618530273,29.593000411987305,0.0,0.0,0.0,0.0,0.0,0.0,0.0,0.0,0.0,0.0,0.0,0.0
0,0,0,0,0,27.0,1,0,0,0,0.0,0.0,1.0,16.270000457763672,48.117000579833984,0.0,0.0,0.0,0.0,0.0,0.0,0.0,2.0,2.0,1.0,0.0,0.0
0,1,0,0,0,28.0,1,1,0,0,0.0,0.0,1.0,2.5899999141693115,60.83100128173828,0.0,1.0,0.0,0.0,0.0,0.0,0.0,2.0,3.0,1.0,0.0,0.0
0,1,1,0,0,31.0,1,0,0,0,0.0,0.0,0.0,1.7699999809265137,43.97100067138672,0.0,0.0,0.0,0.0,0.0,0.0,0.0,0.0,1.0,0.0,0.0,0.0
0,1,1,0,0,28.0,1,1,0,0,1.0,0.0,0.0,1.4900000095367432,1.9240000247955322,0.0,0.0,0.0,0.0,0.0,0.0,0.0,1.0,0.0,0.0,0.0,0.0
0,1,1,0,0,20.0,2,1,0,0,1.0,0.0,0.0,0.75,7.6620001792907715,0.0,0.0,0.0,0.0,1.0,0.0,0.0,0.0,0.0,0.0,0.0,0.0
0,0,1,0,0,24.0,2,1,0,0,1.0,0.0,0.0,0.75,22.829999923706055,1.0,0.0,0.0,0.0,0.0,0.0,0.0,0.0,0.0,0.0,0.0,0.0
1,1,1,0,0,17.0,1,1,0,0,0.0,1.0,0.0,0.6000000238418579,42.89899826049805,0.0,3.0,0.0,0.0,0.0,0.0,1.0,3.0,1.0,2.0,0.0,1.0
1,0,1,0,0,24.0,0,1,0,0,1.0,0.0,0.0,2.0299999713897705,22.291000366210938,1.0,1.0,0.0,0.0,1.0,0.0,1.0,3.0,3.0,2.0,0.0,0.0
0,0,0,0,0,35.0,0,0,0,0,1.0,0.0,0.0,2.4800000190734863,28.405000686645508,0.0,0.0,0.0,0.0,0.0,0.0,0.0,0.0,0.0,0.0,0.0,1.0
1,0,1,0,0,28.0,0,1,0,0,0.0,0.0,0.0,0.18000000715255737,8.604999542236328,0.0,0.0,0.0,0.0,0.0,0.0,0.0,2.0,0.0,0.0,0.0,1.0
1,1,1,0,0,20.0,2,0,1,0,0.0,1.0,0.0,1.1799999475479126,23.908000946044922,0.0,0.0,0.0,0.0,0.0,0.0,0.0,0.0,0.0,0.0,0.0,0.0
0,1,0,0,0,22.0,1,1,0,0,1.0,0.0,0.0,2.109999895095825,78.7959976196289,0.0,0.0,0.0,0.0,0.0,0.0,0.0,0.0,0.0,0.0,0.0,0.0
1,0,0,1,0,24.0,2,0,0,0,1.0,0.0,0.0,2.549999952316284,23.468000411987305,0.0,0.0,0.0,0.0,0.0,0.0,0.0,2.0,1.0,0.0,1.0,0.0
0,0,0,1,0,26.0,2,0,0,0,1.0,0.0,0.0,2.549999952316284,68.09300231933594,1.0,0.0,0.0,0.0,0.0,0.0,0.0,2.0,2.0,0.0,0.0,0.0
0,0,0,0,0,35.0,2,0,0,0,0.0,0.0,1.0,2.0,42.20000076293945,0.0,0.0,0.0,0.0,0.0,0.0,0.0,0.0,0.0,0.0,0.0,0.0
0,0,0,0,0,38.0,2,0,0,0,0.0,0.0,1.0,2.0,93.43499755859375,0.0,0.0,0.0,0.0,0.0,0.0,0.0,0.0,0.0,0.0,0.0,0.0
0,0,0,0,0,34.0,1,0,0,0,0.0,0.0,1.0,5.760000228881836,60.375999450683594,0.0,0.0,0.0,0.0,0.0,0.0,0.0,0.0,1.0,0.0,0.0,0.0
0,0,0,0,0,24.0,1,0,0,0,0.0,1.0,0.0,2.7899999618530273,35.861000061035156,1.0,0.0,0.0,1.0,1.0,1.0,0.0,0.0,1.0,0.0,0.0,0.0
0,1,0,0,0,27.0,1,0,0,0,0.0,1.0,0.0,2.7899999618530273,27.08300018310547,0.0,0.0,0.0,0.0,1.0,0.0,0.0,0.0,2.0,0.0,0.0,0.0
0,1,0,0,0,26.0,2,1,0,0,1.0,0.0,0.0,0.1899999976158142,64.04299926757812,0.0,0.0,0.0,0.0,0.0,0.0,0.0,1.0,0.0,0.0,0.0,0.0
1,1,0,0,0,28.0,2,1,0,0,1.0,0.0,0.0,0.1899999976158142,25.732999801635742,0.0,0.0,0.0,0.0,1.0,0.0,0.0,4.0,2.0,0.0,0.0,0.0
1,1,0,0,0,28.0,2,1,0,0,1.0,0.0,0.0,0.1899999976158142,31.95599937438965,1.0,0.0,0.0,0.0,0.0,0.0,0.0,1.0,0.0,0.0,0.0,0.0
1,0,0,0,0,25.0,4,0,0,0,0.0,0.0,0.0,1.3600000143051147,50.03200149536133,0.0,1.0,0.0,2.0,1.0,1.0,1.0,3.0,2.0,2.0,2.0,1.0
1,0,0,0,0,17.0,2,0,0,0,0.0,0.0,0.0,1.2799999713897705,3.7730000019073486,1.0,1.0,0.0,1.0,0.0,1.0,1.0,1.0,2.0,1.0,1.0,0.0
0,1,0,0,0,19.0,2,0,0,0,0.0,0.0,0.0,1.2799999713897705,5.263999938964844,0.0,0.0,0.0,0.0,0.0,0.0,0.0,4.0,2.0,0.0,0.0,0.0
0,1,0,0,0,35.0,1,0,0,0,0.0,0.0,1.0,4.840000152587891,45.81100082397461,0.0,0.0,0.0,0.0,0.0,0.0,0.0,1.0,1.0,0.0,0.0,0.0
0,1,0,0,0,24.0,1,0,0,0,0.0,0.0,0.0,1.100000023841858,13.437000274658203,0.0,0.0,0.0,0.0,0.0,0.0,0.0,0.0,0.0,0.0,0.0,0.0
1,0,0,0,0,21.0,2,1,0,0,0.0,0.0,0.0,2.190000057220459,24.9689998626709,1.0,1.0,1.0,0.0,0.0,1.0,0.0,2.0,2.0,2.0,0.0,0.0
1,0,0,0,0,29.0,0,0,0,0,1.0,0.0,0.0,2.299999952316284,36.779998779296875,0.0,0.0,0.0,0.0,0.0,0.0,0.0,4.0,1.0,0.0,0.0,0.0
0,0,0,0,0,20.0,0,0,0,0,1.0,0.0,0.0,1.1100000143051147,28.086999893188477,0.0,0.0,0.0,0.0,1.0,1.0,0.0,0.0,1.0,0.0,0.0,0.0
0,1,0,0,0,28.0,3,0,0,0,0.0,0.0,1.0,1.1299999952316284,79.21399688720703,0.0,0.0,0.0,0.0,0.0,0.0,0.0,0.0,0.0,0.0,0.0,0.0
0,1,0,0,0,26.0,0,0,0,0,1.0,0.0,0.0,1.5,29.23699951171875,0.0,0.0,0.0,0.0,0.0,0.0,1.0,1.0,2.0,0.0,0.0,0.0
0,1,0,0,0,27.0,1,1,0,0,0.0,0.0,1.0,2.990000009536743,61.875,0.0,0.0,0.0,0.0,0.0,0.0,0.0,0.0,0.0,0.0,0.0,0.0
0,1,0,0,0,26.0,2,0,0,0,0.0,0.0,1.0,3.9700000286102295,18.844999313354492,0.0,0.0,0.0,0.0,0.0,0.0,0.0,0.0,0.0,0.0,0.0,0.0
0,1,0,0,0,19.0,0,0,0,0,1.0,0.0,0.0,1.2400000095367432,5.8480000495910645,0.0,0.0,0.0,0.0,0.0,0.0,0.0,4.0,2.0,0.0,0.0,0.0
0,1,0,0,0,30.0,0,0,0,0,0.0,0.0,0.0,1.4299999475479126,31.309999465942383,0.0,0.0,0.0,0.0,1.0,0.0,0.0,0.0,4.0,0.0,0.0,0.0
0,1,0,0,0,27.0,0,0,0,0,1.0,0.0,0.0,2.2300000190734863,40.54999923706055,0.0,0.0,0.0,0.0,0.0,0.0,0.0,0.0,1.0,0.0,0.0,0.0
0,0,1,0,0,27.0,2,0,0,0,1.0,0.0,0.0,1.0700000524520874,2.005000114440918,0.0,0.0,0.0,0.0,0.0,0.0,0.0,2.0,1.0,1.0,0.0,0.0
0,1,1,0,0,33.0,0,1,0,0,1.0,0.0,0.0,1.2899999618530273,17.43400001525879,0.0,0.0,0.0,0.0,0.0,0.0,0.0,0.0,0.0,0.0,0.0,0.0
0,0,0,1,0,24.0,1,1,0,0,0.0,0.0,0.0,0.8700000047683716,5.874000072479248,0.0,0.0,0.0,0.0,0.0,0.0,0.0,0.0,0.0,0.0,0.0,0.0
0,0,0,0,0,43.0,0,0,0,0,0.0,0.0,0.0,0.38999998569488525,32.98899841308594,0.0,0.0,0.0,0.0,0.0,2.0,0.0,2.0,2.0,1.0,0.0,0.0
0,1,0,0,0,17.0,3,0,0,0,1.0,0.0,0.0,0.0,3.9560000896453857,0.0,0.0,0.0,0.0,0.0,0.0,0.0,3.0,3.0,0.0,0.0,0.0
0,1,1,0,0,20.0,1,0,0,0,1.0,0.0,0.0,2.200000047683716,20.382999420166016,0.0,0.0,0.0,0.0,0.0,0.0,0.0,0.0,0.0,0.0,0.0,0.0
0,0,1,0,0,21.0,1,0,0,0,1.0,0.0,0.0,2.200000047683716,3.634000062942505,0.0,0.0,0.0,0.0,0.0,0.0,0.0,0.0,0.0,0.0,0.0,0.0
1,0,0,0,0,25.0,1,0,0,0,1.0,0.0,0.0,2.390000104904175,25.708999633789062,2.0,0.0,0.0,0.0,0.0,0.0,0.0,0.0,0.0,0.0,0.0,0.0
1,1,0,0,0,20.0,2,1,0,0,1.0,0.0,0.0,1.1299999952316284,86.36599731445312,0.0,0.0,0.0,0.0,0.0,0.0,0.0,4.0,4.0,1.0,0.0,0.0
0,1,0,0,0,22.0,0,0,1,0,1.0,0.0,0.0,4.489999771118164,31.384000778198242,0.0,0.0,0.0,0.0,0.0,0.0,0.0,0.0,0.0,0.0,0.0,0.0
0,0,0,0,0,35.0,1,0,0,0,1.0,0.0,0.0,2.259999990463257,93.88400268554688,0.0,1.0,0.0,1.0,0.0,0.0,0.0,1.0,1.0,1.0,0.0,0.0
0,0,0,0,0,37.0,1,0,0,0,1.0,0.0,0.0,2.259999990463257,62.98400115966797,0.0,0.0,0.0,0.0,1.0,1.0,0.0,3.0,3.0,0.0,0.0,0.0
0,0,1,0,0,29.0,4,0,0,0,1.0,0.0,0.0,1.1200000047683716,51.604000091552734,0.0,0.0,0.0,0.0,1.0,0.0,0.0,1.0,1.0,0.0,0.0,0.0
0,1,0,0,0,31.0,2,0,0,0,0.0,0.0,0.0,0.6700000166893005,29.464000701904297,0.0,0.0,0.0,0.0,1.0,0.0,0.0,3.0,2.0,1.0,0.0,0.0
1,0,0,0,0,25.0,2,0,0,0,1.0,0.0,0.0,1.9199999570846558,16.12299919128418,3.0,3.0,0.0,1.0,1.0,2.0,0.0,3.0,1.0,1.0,0.0,0.0
1,1,0,0,0,20.0,1,0,0,0,0.0,1.0,0.0,2.7200000286102295,39.8849983215332,0.0,0.0,0.0,0.0,0.0,0.0,2.0,4.0,4.0,3.0,0.0,1.0
1,0,1,0,0,33.0,1,0,0,0,1.0,0.0,0.0,0.6299999952316284,3.7660000324249268,0.0,0.0,0.0,0.0,0.0,0.0,0.0,2.0,1.0,0.0,0.0,0.0
0,0,0,0,0,26.0,1,0,0,0,0.0,0.0,1.0,3.4600000381469727,53.861000061035156,1.0,2.0,0.0,0.0,0.0,0.0,0.0,1.0,3.0,1.0,0.0,0.0
0,1,1,0,0,19.0,4,0,0,0,1.0,0.0,0.0,0.5099999904632568,68.16000366210938,0.0,0.0,0.0,0.0,0.0,0.0,0.0,0.0,0.0,0.0,0.0,0.0
0,1,1,0,0,21.0,4,0,0,0,1.0,0.0,0.0,0.5099999904632568,27.565000534057617,0.0,0.0,1.0,0.0,0.0,0.0,0.0,0.0,0.0,0.0,0.0,0.0
1,0,1,0,0,31.0,1,0,0,0,0.0,0.0,1.0,3.2699999809265137,16.655000686645508,0.0,0.0,0.0,0.0,0.0,0.0,0.0,0.0,0.0,0.0,0.0,0.0
0,1,1,0,0,28.0,1,0,0,0,0.0,0.0,1.0,4.400000095367432,51.487998962402344,0.0,0.0,0.0,0.0,0.0,0.0,0.0,0.0,0.0,0.0,0.0,0.0
0,0,1,0,0,22.0,2,0,0,0,0.0,1.0,0.0,2.880000114440918,86.40899658203125,0.0,0.0,0.0,0.0,1.0,0.0,0.0,0.0,0.0,0.0,0.0,0.0
0,1,1,0,0,24.0,2,0,1,0,0.0,0.0,0.0,0.8799999952316284,6.004000186920166,0.0,0.0,0.0,0.0,1.0,0.0,0.0,0.0,0.0,0.0,0.0,0.0
0,1,1,0,0,22.0,1,0,1,0,0.0,1.0,0.0,2.140000104904175,45.43899917602539,0.0,0.0,0.0,0.0,0.0,0.0,0.0,1.0,2.0,0.0,0.0,0.0
1,0,0,0,0,32.0,1,0,0,0,0.0,1.0,0.0,1.1699999570846558,25.586000442504883,0.0,1.0,0.0,0.0,1.0,0.0,0.0,1.0,1.0,0.0,0.0,0.0
0,0,0,0,0,28.0,1,0,0,0,0.0,0.0,1.0,4.309999942779541,58.79800033569336,3.0,2.0,0.0,0.0,1.0,2.0,0.0,3.0,3.0,0.0,0.0,1.0
0,0,1,0,0,23.0,1,0,0,0,1.0,0.0,0.0,0.07999999821186066,4.126999855041504,0.0,0.0,2.0,1.0,0.0,0.0,0.0,2.0,0.0,0.0,0.0,0.0
0,1,0,0,0,20.0,1,1,0,0,0.0,1.0,0.0,3.5399999618530273,57.99100112915039,0.0,0.0,0.0,0.0,0.0,0.0,0.0,0.0,2.0,0.0,0.0,0.0
1,0,0,0,0,20.0,1,0,0,0,0.0,0.0,0.0,0.9599999785423279,4.933000087738037,1.0,0.0,0.0,0.0,1.0,0.0,0.0,0.0,1.0,0.0,0.0,0.0
0,1,0,0,0,21.0,1,0,0,0,0.0,0.0,0.0,0.9599999785423279,1.0049999952316284,0.0,1.0,1.0,0.0,0.0,0.0,0.0,0.0,0.0,0.0,0.0,0.0
1,0,0,0,0,30.0,2,0,0,0,0.0,1.0,0.0,2.369999885559082,38.047000885009766,1.0,1.0,0.0,1.0,0.0,1.0,1.0,2.0,1.0,1.0,1.0,0.0
0,0,0,0,0,26.0,3,0,0,0,0.0,0.0,1.0,2.0999999046325684,38.040000915527344,0.0,0.0,0.0,0.0,1.0,0.0,0.0,0.0,0.0,0.0,0.0,0.0
0,1,0,0,0,28.0,1,0,0,0,0.0,0.0,1.0,2.430000066757202,79.0459976196289,0.0,0.0,0.0,0.0,0.0,0.0,0.0,0.0,0.0,0.0,0.0,0.0
0,0,0,0,0,24.0,1,0,0,0,0.0,1.0,0.0,2.640000104904175,75.51399993896484,0.0,0.0,0.0,0.0,1.0,0.0,0.0,2.0,1.0,0.0,0.0,0.0
1,0,1,0,0,34.0,0,1,0,0,0.0,1.0,0.0,0.07000000029802322,1.4329999685287476,0.0,0.0,0.0,0.0,0.0,0.0,0.0,0.0,1.0,0.0,0.0,0.0
0,0,1,0,0,32.0,0,0,0,0,0.0,1.0,0.0,4.070000171661377,16.038000106811523,1.0,0.0,0.0,0.0,0.0,1.0,0.0,1.0,1.0,1.0,0.0,0.0
0,1,1,0,0,17.0,1,0,0,0,0.0,1.0,0.0,1.0099999904632568,3.377000093460083,0.0,0.0,0.0,0.0,1.0,0.0,0.0,1.0,2.0,0.0,0.0,0.0
0,1,1,0,0,22.0,3,1,0,0,1.0,0.0,0.0,0.1899999976158142,26.12700080871582,1.0,1.0,0.0,0.0,0.0,0.0,0.0,2.0,1.0,0.0,0.0,0.0
1,0,1,0,0,23.0,3,1,0,0,1.0,0.0,0.0,0.1899999976158142,15.244999885559082,3.0,1.0,0.0,0.0,1.0,0.0,0.0,3.0,2.0,0.0,0.0,0.0
1,1,0,0,0,20.0,1,1,0,0,1.0,0.0,0.0,0.949999988079071,59.21200180053711,0.0,0.0,0.0,0.0,1.0,2.0,1.0,3.0,1.0,0.0,0.0,0.0
1,0,1,0,0,25.0,3,1,0,0,0.0,0.0,0.0,0.3499999940395355,1.0920000076293945,1.0,1.0,0.0,0.0,1.0,0.0,0.0,2.0,1.0,0.0,1.0,0.0
0,0,1,0,0,26.0,2,1,0,0,0.0,1.0,0.0,0.6600000262260437,6.117000102996826,0.0,0.0,0.0,0.0,0.0,0.0,0.0,0.0,0.0,0.0,0.0,0.0
1,0,1,0,0,27.0,2,1,0,0,0.0,1.0,0.0,0.6600000262260437,2.615999937057495,1.0,1.0,0.0,0.0,0.0,0.0,0.0,0.0,0.0,0.0,0.0,0.0
1,1,1,0,0,19.0,2,1,0,0,0.0,0.0,0.0,0.20000000298023224,4.428999900817871,2.0,1.0,1.0,1.0,1.0,0.0,2.0,3.0,3.0,2.0,1.0,0.0
1,1,1,0,0,16.0,4,1,0,0,0.0,0.0,0.0,0.5099999904632568,0.9589999914169312,0.0,0.0,0.0,0.0,1.0,0.0,0.0,0.0,0.0,0.0,0.0,0.0
1,0,1,0,0,18.0,4,1,0,0,0.0,0.0,0.0,0.5099999904632568,9.5,0.0,0.0,0.0,0.0,1.0,0.0,0.0,0.0,0.0,0.0,0.0,0.0
0,1,1,0,0,20.0,3,1,0,0,1.0,0.0,0.0,0.2800000011920929,0.47999998927116394,0.0,0.0,0.0,0.0,0.0,0.0,0.0,0.0,0.0,0.0,0.0,0.0
0,1,1,0,0,24.0,1,1,0,0,1.0,0.0,0.0,0.0,10.947999954223633,0.0,0.0,0.0,0.0,1.0,0.0,0.0,2.0,0.0,1.0,0.0,0.0
0,1,1,0,0,32.0,0,1,0,0,0.0,1.0,0.0,0.9200000166893005,50.895999908447266,0.0,0.0,0.0,0.0,1.0,0.0,0.0,0.0,3.0,0.0,0.0,0.0
0,0,0,0,0,24.0,1,0,0,0,0.0,0.0,1.0,3.2100000381469727,65.09200286865234,0.0,0.0,0.0,1.0,0.0,1.0,0.0,0.0,1.0,0.0,0.0,0.0
1,1,0,0,0,25.0,1,0,0,0,0.0,0.0,1.0,3.2100000381469727,63.4640007019043,0.0,0.0,0.0,0.0,0.0,0.0,0.0,0.0,2.0,0.0,0.0,0.0
0,1,1,0,0,27.0,0,0,1,0,0.0,1.0,0.0,6.019999980926514,29.125999450683594,0.0,0.0,0.0,0.0,1.0,0.0,0.0,1.0,1.0,0.0,0.0,0.0
1,0,1,0,0,31.0,3,0,0,0,0.0,0.0,1.0,3.990000009536743,0.6269999742507935,0.0,0.0,0.0,0.0,0.0,0.0,0.0,1.0,0.0,0.0,0.0,0.0
0,1,1,0,0,25.0,1,0,0,0,0.0,0.0,1.0,3.3299999237060547,50.816001892089844,0.0,0.0,0.0,0.0,0.0,0.0,0.0,0.0,0.0,0.0,0.0,0.0
0,1,1,0,0,20.0,1,0,0,0,1.0,0.0,0.0,1.5099999904632568,23.53499984741211,0.0,0.0,0.0,0.0,1.0,0.0,0.0,0.0,1.0,0.0,0.0,0.0
0,1,1,0,0,28.0,0,1,0,0,0.0,0.0,0.0,0.5099999904632568,7.614999771118164,0.0,0.0,0.0,0.0,1.0,0.0,1.0,0.0,0.0,0.0,0.0,0.0
1,0,1,0,0,26.0,2,0,0,0,0.0,0.0,0.0,0.7900000214576721,5.940999984741211,1.0,0.0,0.0,0.0,1.0,0.0,0.0,3.0,0.0,1.0,0.0,1.0
0,1,1,0,0,37.0,3,1,0,0,1.0,0.0,0.0,0.2800000011920929,30.219999313354492,0.0,0.0,0.0,0.0,1.0,0.0,0.0,1.0,0.0,0.0,0.0,0.0
0,1,1,0,0,38.0,3,1,0,0,1.0,0.0,0.0,0.2800000011920929,61.757999420166016,0.0,0.0,0.0,0.0,0.0,0.0,0.0,0.0,0.0,0.0,0.0,0.0
0,1,1,0,0,38.0,3,1,0,0,1.0,0.0,0.0,0.2800000011920929,29.922000885009766,0.0,0.0,0.0,0.0,0.0,0.0,0.0,0.0,3.0,0.0,0.0,0.0
0,1,0,0,0,32.0,0,0,0,0,0.0,0.0,0.0,1.2699999809265137,91.93499755859375,0.0,0.0,0.0,0.0,0.0,0.0,0.0,0.0,0.0,0.0,0.0,0.0
0,0,0,0,0,22.0,3,0,0,0,1.0,0.0,0.0,1.5299999713897705,97.13099670410156,0.0,0.0,0.0,0.0,0.0,1.0,0.0,0.0,0.0,0.0,0.0,0.0
1,0,0,0,0,18.0,2,0,0,0,0.0,0.0,1.0,1.8600000143051147,3.0250000953674316,0.0,0.0,1.0,0.0,1.0,0.0,0.0,2.0,1.0,0.0,0.0,0.0
0,1,0,0,0,20.0,2,0,0,0,0.0,0.0,1.0,1.8600000143051147,80.26699829101562,1.0,0.0,0.0,0.0,1.0,0.0,0.0,0.0,2.0,0.0,0.0,0.0
0,0,0,0,0,25.0,0,0,0,0,0.0,1.0,0.0,5.320000171661377,57.06399917602539,0.0,0.0,0.0,0.0,0.0,0.0,0.0,0.0,0.0,0.0,0.0,0.0
1,0,0,0,0,26.0,1,0,1,0,1.0,0.0,0.0,3.109999895095825,74.91999816894531,2.0,0.0,0.0,1.0,0.0,1.0,0.0,1.0,1.0,0.0,0.0,1.0
1,0,0,0,0,29.0,0,0,1,0,1.0,0.0,0.0,3.6600000858306885,8.571000099182129,0.0,1.0,2.0,0.0,0.0,1.0,0.0,0.0,1.0,0.0,0.0,1.0
0,1,0,0,0,26.0,0,0,0,0,1.0,0.0,0.0,4.46999979019165,29.777000427246094,0.0,1.0,0.0,0.0,0.0,0.0,1.0,2.0,1.0,1.0,0.0,0.0
0,1,0,0,0,20.0,1,0,0,0,1.0,0.0,0.0,3.0199999809265137,73.68099975585938,0.0,0.0,0.0,0.0,0.0,0.0,0.0,0.0,2.0,0.0,0.0,0.0
0,1,0,0,0,26.0,2,0,0,0,0.0,0.0,1.0,4.539999961853027,43.25299835205078,0.0,0.0,0.0,0.0,1.0,0.0,0.0,0.0,1.0,0.0,0.0,0.0
0,1,0,0,0,28.0,2,0,0,0,0.0,0.0,1.0,4.539999961853027,49.45600128173828,0.0,0.0,0.0,0.0,0.0,0.0,0.0,0.0,1.0,0.0,0.0,0.0
0,1,0,0,0,24.0,3,0,0,0,0.0,1.0,0.0,2.240000009536743,14.220999717712402,1.0,1.0,0.0,0.0,0.0,0.0,0.0,2.0,1.0,1.0,0.0,0.0
1,1,0,0,0,25.0,3,0,0,0,0.0,1.0,0.0,2.240000009536743,69.03800201416016,0.0,2.0,0.0,0.0,1.0,0.0,0.0,3.0,2.0,2.0,2.0,0.0
0,1,1,0,0,20.0,2,0,0,0,0.0,0.0,1.0,2.700000047683716,35.64500045776367,0.0,0.0,0.0,0.0,0.0,0.0,0.0,1.0,0.0,0.0,0.0,0.0
1,0,0,1,0,22.0,1,0,0,0,0.0,1.0,0.0,2.509999990463257,15.95199966430664,0.0,0.0,0.0,0.0,0.0,0.0,0.0,0.0,1.0,0.0,0.0,0.0
0,1,0,1,0,25.0,1,0,0,0,0.0,1.0,0.0,2.509999990463257,81.31099700927734,0.0,0.0,0.0,0.0,0.0,0.0,0.0,2.0,2.0,0.0,0.0,0.0
0,1,0,0,0,30.0,0,0,0,0,0.0,0.0,1.0,7.159999847412109,73.08699798583984,0.0,1.0,0.0,0.0,2.0,0.0,0.0,1.0,2.0,0.0,0.0,0.0
1,0,1,0,0,20.0,2,1,0,0,1.0,0.0,0.0,1.2699999809265137,19.90399932861328,0.0,0.0,2.0,0.0,1.0,2.0,0.0,2.0,0.0,0.0,0.0,0.0
1,1,1,0,0,22.0,2,1,0,0,1.0,0.0,0.0,1.2699999809265137,37.9630012512207,0.0,2.0,1.0,0.0,1.0,0.0,1.0,4.0,4.0,2.0,1.0,0.0
1,1,1,0,0,17.0,2,0,1,0,0.0,1.0,0.0,1.7100000381469727,17.239999771118164,0.0,0.0,0.0,0.0,0.0,0.0,1.0,1.0,1.0,1.0,0.0,0.0
1,1,1,0,0,25.0,1,1,0,0,1.0,0.0,0.0,1.809999942779541,4.223999977111816,0.0,0.0,0.0,0.0,0.0,0.0,0.0,0.0,1.0,0.0,0.0,0.0
0,0,0,0,0,27.0,2,0,0,0,0.0,0.0,1.0,2.4000000953674316,60.46699905395508,0.0,0.0,0.0,0.0,0.0,0.0,0.0,2.0,1.0,0.0,0.0,0.0
0,0,0,0,0,30.0,2,0,0,0,0.0,0.0,1.0,2.4000000953674316,42.19900131225586,0.0,1.0,0.0,0.0,1.0,0.0,0.0,3.0,1.0,1.0,0.0,0.0
1,0,0,0,0,24.0,1,0,0,0,0.0,1.0,0.0,4.53000020980835,64.22000122070312,1.0,1.0,0.0,0.0,0.0,2.0,0.0,2.0,0.0,0.0,0.0,0.0
0,1,0,0,0,26.0,1,0,0,0,0.0,1.0,0.0,4.53000020980835,65.4530029296875,0.0,0.0,0.0,0.0,0.0,0.0,0.0,0.0,2.0,0.0,0.0,0.0
0,1,0,0,0,21.0,2,0,0,0,0.0,1.0,0.0,3.5299999713897705,58.35100173950195,0.0,0.0,0.0,0.0,0.0,0.0,0.0,3.0,2.0,1.0,0.0,0.0
0,1,1,0,0,18.0,1,0,0,0,1.0,0.0,0.0,1.6299999952316284,3.2829999923706055,1.0,0.0,0.0,0.0,0.0,0.0,0.0,0.0,0.0,0.0,0.0,0.0
0,1,1,0,0,24.0,1,0,0,0,1.0,0.0,0.0,2.8299999237060547,60.805999755859375,0.0,0.0,0.0,0.0,1.0,0.0,0.0,1.0,1.0,0.0,0.0,0.0
1,1,1,0,0,27.0,1,0,0,0,1.0,0.0,0.0,2.8299999237060547,23.19099998474121,1.0,0.0,1.0,0.0,0.0,0.0,0.0,0.0,1.0,0.0,0.0,0.0
0,1,0,0,0,37.0,0,1,0,0,0.0,0.0,1.0,5.639999866485596,81.47899627685547,0.0,0.0,0.0,0.0,1.0,0.0,0.0,1.0,1.0,1.0,0.0,0.0
0,0,1,0,0,23.0,1,0,1,0,1.0,0.0,0.0,0.6299999952316284,2.5959999561309814,0.0,0.0,0.0,0.0,0.0,0.0,0.0,2.0,1.0,0.0,0.0,0.0
0,1,1,0,0,24.0,1,0,0,0,1.0,0.0,0.0,1.4700000286102295,27.086999893188477,0.0,0.0,0.0,0.0,0.0,0.0,0.0,0.0,0.0,0.0,0.0,0.0
0,1,1,0,0,30.0,6,0,0,0,1.0,0.0,0.0,1.2000000476837158,34.231998443603516,0.0,0.0,0.0,0.0,1.0,0.0,0.0,0.0,0.0,0.0,0.0,0.0
0,1,1,0,0,18.0,1,1,0,0,1.0,0.0,0.0,1.4199999570846558,6.697999954223633,0.0,1.0,0.0,0.0,0.0,0.0,0.0,0.0,1.0,0.0,0.0,0.0
1,0,1,0,0,19.0,0,1,0,0,1.0,0.0,0.0,1.2000000476837158,24.82900047302246,0.0,0.0,0.0,0.0,0.0,0.0,0.0,0.0,0.0,0.0,0.0,0.0
0,0,1,0,0,29.0,1,1,0,0,0.0,1.0,0.0,1.340000033378601,12.916999816894531,1.0,1.0,0.0,0.0,0.0,1.0,0.0,2.0,1.0,0.0,0.0,0.0
0,1,1,0,0,17.0,1,1,0,0,1.0,0.0,0.0,1.2599999904632568,27.547000885009766,0.0,0.0,0.0,0.0,0.0,0.0,0.0,1.0,1.0,0.0,0.0,1.0
1,1,1,0,0,27.0,2,1,0,0,1.0,0.0,0.0,0.8100000023841858,29.600000381469727,0.0,1.0,1.0,0.0,0.0,0.0,0.0,0.0,0.0,0.0,0.0,0.0
1,0,1,0,0,20.0,2,0,1,0,0.0,1.0,0.0,2.109999895095825,96.14800262451172,0.0,0.0,0.0,0.0,1.0,0.0,0.0,0.0,0.0,0.0,0.0,0.0
0,1,1,0,0,22.0,2,0,1,0,0.0,1.0,0.0,2.109999895095825,31.964000701904297,0.0,1.0,0.0,0.0,1.0,0.0,0.0,0.0,0.0,0.0,0.0,0.0
0,1,1,0,0,24.0,0,0,1,0,1.0,0.0,0.0,3.559999942779541,17.761999130249023,0.0,0.0,0.0,0.0,0.0,0.0,0.0,0.0,1.0,0.0,0.0,0.0
0,1,1,0,0,20.0,1,0,0,0,1.0,0.0,0.0,4.710000038146973,55.00600051879883,0.0,0.0,0.0,0.0,1.0,0.0,0.0,0.0,0.0,0.0,0.0,0.0
0,1,1,0,0,22.0,2,0,1,0,0.0,1.0,0.0,2.7799999713897705,80.74500274658203,0.0,2.0,1.0,0.0,1.0,0.0,0.0,1.0,2.0,0.0,0.0,0.0
1,0,1,0,0,23.0,2,0,0,0,0.0,1.0,0.0,2.7799999713897705,41.38199996948242,1.0,0.0,0.0,0.0,1.0,0.0,0.0,0.0,1.0,0.0,0.0,0.0
0,0,1,0,0,22.0,2,0,0,0,0.0,0.0,1.0,0.5799999833106995,18.05500030517578,0.0,0.0,0.0,0.0,0.0,0.0,0.0,0.0,0.0,0.0,0.0,0.0
0,1,1,0,0,24.0,1,0,0,0,0.0,0.0,1.0,2.2300000190734863,47.492000579833984,0.0,0.0,0.0,0.0,1.0,0.0,0.0,0.0,0.0,0.0,0.0,0.0
0,0,1,0,0,23.0,1,0,0,0,1.0,0.0,0.0,2.509999990463257,62.67100143432617,0.0,0.0,0.0,0.0,1.0,0.0,0.0,0.0,0.0,0.0,0.0,0.0
0,0,1,0,0,18.0,1,1,0,0,0.0,0.0,0.0,1.0499999523162842,39.319000244140625,1.0,1.0,0.0,0.0,1.0,0.0,0.0,2.0,0.0,0.0,0.0,0.0
0,0,1,0,0,23.0,1,0,0,0,0.0,1.0,0.0,4.78000020980835,32.47100067138672,0.0,0.0,0.0,0.0,0.0,0.0,0.0,0.0,0.0,0.0,0.0,0.0
0,0,1,0,0,22.0,2,1,0,0,1.0,0.0,0.0,0.7799999713897705,23.180999755859375,0.0,0.0,0.0,0.0,1.0,0.0,0.0,0.0,0.0,0.0,0.0,0.0
1,0,1,0,0,36.0,0,1,0,0,0.0,0.0,0.0,3.5,21.30699920654297,0.0,0.0,0.0,0.0,0.0,0.0,0.0,1.0,0.0,0.0,0.0,1.0
0,1,1,0,0,24.0,1,1,0,0,0.0,1.0,0.0,2.690000057220459,59.00600051879883,0.0,1.0,0.0,0.0,1.0,0.0,0.0,0.0,0.0,0.0,0.0,0.0
0,1,0,0,0,35.0,1,1,0,0,1.0,0.0,0.0,3.9600000381469727,56.59199905395508,0.0,1.0,1.0,0.0,0.0,0.0,0.0,2.0,1.0,0.0,0.0,0.0
1,0,0,0,0,20.0,1,1,0,0,0.0,0.0,1.0,2.3399999141693115,16.297000885009766,2.0,0.0,0.0,0.0,1.0,2.0,0.0,3.0,2.0,0.0,0.0,1.0
1,0,0,0,0,28.0,1,0,0,0,1.0,0.0,0.0,2.890000104904175,8.71500015258789,1.0,0.0,0.0,0.0,0.0,1.0,0.0,3.0,1.0,1.0,0.0,0.0
0,1,0,0,0,30.0,1,1,0,0,1.0,0.0,0.0,3.2799999713897705,32.31100082397461,0.0,0.0,0.0,0.0,1.0,0.0,0.0,4.0,1.0,0.0,0.0,0.0
1,1,0,0,0,30.0,2,0,0,0,0.0,1.0,0.0,2.3499999046325684,45.59600067138672,0.0,0.0,0.0,0.0,0.0,0.0,0.0,2.0,3.0,0.0,0.0,0.0
1,1,0,0,0,30.0,2,0,0,0,0.0,1.0,0.0,2.3499999046325684,33.14099884033203,1.0,1.0,0.0,0.0,0.0,0.0,0.0,1.0,3.0,0.0,0.0,0.0
1,1,0,0,0,30.0,1,0,0,0,0.0,1.0,0.0,4.519999980926514,63.3650016784668,0.0,0.0,0.0,0.0,0.0,0.0,1.0,4.0,4.0,0.0,0.0,0.0
1,1,0,0,0,26.0,1,0,0,0,1.0,0.0,0.0,4.070000171661377,26.04400062561035,0.0,0.0,0.0,0.0,0.0,0.0,0.0,2.0,1.0,0.0,0.0,0.0
0,1,0,0,0,23.0,0,0,0,0,0.0,0.0,1.0,5.489999771118164,41.18600082397461,0.0,0.0,0.0,0.0,0.0,0.0,0.0,1.0,0.0,0.0,0.0,0.0
1,0,1,0,0,20.0,2,1,0,0,0.0,1.0,0.0,1.3799999952316284,11.402000427246094,0.0,0.0,0.0,0.0,0.0,0.0,0.0,2.0,0.0,0.0,0.0,0.0
0,1,1,0,0,20.0,2,0,0,0,0.0,1.0,0.0,1.2300000190734863,14.621999740600586,0.0,0.0,0.0,0.0,0.0,0.0,0.0,0.0,0.0,0.0,0.0,0.0
0,0,1,0,0,18.0,3,0,0,0,1.0,0.0,0.0,1.659999966621399,24.650999069213867,0.0,0.0,0.0,0.0,1.0,0.0,0.0,0.0,0.0,0.0,0.0,0.0
1,0,0,0,0,20.0,2,0,1,0,1.0,0.0,0.0,1.190000057220459,44.59700012207031,0.0,1.0,0.0,0.0,1.0,0.0,1.0,4.0,3.0,2.0,1.0,0.0
0,1,1,0,0,26.0,4,1,0,0,0.0,0.0,0.0,0.6700000166893005,18.650999069213867,0.0,0.0,0.0,0.0,0.0,0.0,0.0,0.0,0.0,0.0,0.0,0.0
0,0,1,0,0,27.0,4,1,0,0,0.0,0.0,0.0,0.6700000166893005,12.142999649047852,0.0,0.0,0.0,0.0,0.0,1.0,0.0,3.0,0.0,1.0,0.0,0.0
1,0,1,0,0,13.0,2,1,0,0,1.0,0.0,0.0,1.3799999952316284,2.6989998817443848,0.0,1.0,0.0,0.0,1.0,0.0,0.0,2.0,1.0,0.0,0.0,0.0
1,0,0,0,0,25.0,1,0,0,0,0.0,1.0,0.0,3.9000000953674316,77.56800079345703,2.0,2.0,1.0,1.0,1.0,0.0,0.0,1.0,1.0,1.0,1.0,1.0
1,0,0,0,0,23.0,1,1,0,0,1.0,0.0,0.0,1.7200000286102295,51.47200012207031,0.0,0.0,0.0,0.0,1.0,0.0,1.0,4.0,3.0,2.0,0.0,1.0
1,0,0,0,0,27.0,3,0,0,0,0.0,0.0,1.0,2.619999885559082,79.0979995727539,0.0,0.0,0.0,0.0,0.0,0.0,0.0,1.0,0.0,0.0,0.0,0.0
0,0,0,1,0,29.0,3,0,0,0,0.0,0.0,1.0,2.619999885559082,79.18699645996094,0.0,2.0,0.0,0.0,0.0,0.0,0.0,4.0,4.0,0.0,0.0,0.0
0,0,0,0,0,30.0,1,1,0,0,1.0,0.0,0.0,0.5899999737739563,56.48099899291992,0.0,0.0,0.0,0.0,1.0,0.0,0.0,3.0,2.0,2.0,0.0,0.0
0,1,0,0,0,27.0,0,1,0,0,0.0,1.0,0.0,2.4000000953674316,66.13899993896484,1.0,0.0,0.0,0.0,0.0,0.0,0.0,1.0,1.0,1.0,0.0,0.0
0,1,0,0,0,35.0,0,1,0,0,0.0,1.0,0.0,6.519999980926514,56.88999938964844,0.0,0.0,0.0,0.0,1.0,0.0,0.0,0.0,0.0,0.0,0.0,0.0
1,1,1,0,0,25.0,1,0,1,0,0.0,0.0,0.0,1.5700000524520874,9.565999984741211,0.0,0.0,0.0,0.0,0.0,0.0,0.0,1.0,1.0,0.0,0.0,0.0
0,1,1,0,0,29.0,1,0,1,0,0.0,0.0,1.0,2.190000057220459,36.972999572753906,0.0,0.0,0.0,0.0,0.0,0.0,1.0,3.0,4.0,3.0,0.0,0.0
1,0,1,0,0,32.0,0,0,0,0,0.0,0.0,0.0,0.7900000214576721,2.190000057220459,1.0,0.0,0.0,2.0,0.0,0.0,0.0,4.0,0.0,1.0,0.0,1.0
0,0,1,0,0,17.0,1,1,0,0,0.0,0.0,0.0,0.5600000023841858,2.4110000133514404,0.0,0.0,0.0,0.0,0.0,0.0,0.0,2.0,0.0,0.0,0.0,0.0
0,1,1,0,0,24.0,2,0,0,0,1.0,0.0,0.0,1.7100000381469727,52.14099884033203,1.0,0.0,0.0,0.0,0.0,0.0,0.0,0.0,0.0,0.0,0.0,0.0
0,0,0,0,0,19.0,0,0,0,0,0.0,0.0,1.0,2.380000114440918,81.8499984741211,1.0,0.0,0.0,0.0,0.0,0.0,0.0,1.0,1.0,1.0,0.0,0.0
0,0,0,0,0,27.0,0,0,0,0,1.0,0.0,0.0,2.059999942779541,31.583999633789062,0.0,0.0,0.0,0.0,0.0,0.0,0.0,0.0,1.0,0.0,0.0,1.0
0,0,0,0,0,32.0,0,1,0,0,0.0,0.0,1.0,4.809999942779541,98.00299835205078,0.0,3.0,0.0,0.0,0.0,0.0,0.0,0.0,3.0,0.0,0.0,0.0
0,0,1,0,0,20.0,1,1,0,0,1.0,0.0,0.0,0.20999999344348907,9.086999893188477,0.0,0.0,0.0,0.0,0.0,0.0,0.0,0.0,0.0,0.0,0.0,1.0
0,1,0,0,0,21.0,0,0,1,0,0.0,1.0,0.0,5.010000228881836,55.18600082397461,0.0,0.0,0.0,0.0,1.0,0.0,0.0,1.0,1.0,0.0,0.0,0.0
0,1,0,0,0,22.0,1,0,1,0,0.0,0.0,1.0,3.859999895095825,69.9209976196289,1.0,0.0,0.0,0.0,0.0,0.0,0.0,0.0,2.0,0.0,0.0,0.0
0,1,0,0,0,21.0,1,0,0,0,1.0,0.0,0.0,2.390000104904175,18.63599967956543,0.0,0.0,0.0,0.0,0.0,0.0,0.0,1.0,0.0,0.0,0.0,0.0
0,1,0,0,0,37.0,0,0,0,0,0.0,0.0,0.0,0.949999988079071,22.458999633789062,1.0,0.0,1.0,0.0,2.0,0.0,0.0,4.0,1.0,3.0,0.0,0.0
0,1,0,0,0,19.0,3,0,1,0,0.0,1.0,0.0,1.350000023841858,32.8650016784668,0.0,0.0,0.0,0.0,1.0,0.0,1.0,2.0,1.0,1.0,0.0,1.0
0,1,0,0,0,19.0,1,1,0,0,1.0,0.0,0.0,1.5800000429153442,24.48200035095215,0.0,0.0,0.0,0.0,0.0,0.0,0.0,2.0,1.0,1.0,0.0,0.0
0,0,0,0,0,36.0,0,0,0,0,1.0,0.0,0.0,0.7900000214576721,45.93899917602539,0.0,0.0,0.0,0.0,0.0,0.0,0.0,0.0,0.0,0.0,0.0,0.0
0,0,1,0,0,19.0,2,0,0,0,0.0,0.0,0.0,0.4399999976158142,77.77899932861328,0.0,0.0,0.0,0.0,1.0,0.0,0.0,2.0,1.0,0.0,0.0,0.0
0,0,0,0,0,18.0,1,0,1,0,1.0,0.0,0.0,1.100000023841858,68.91300201416016,0.0,1.0,0.0,0.0,0.0,0.0,0.0,3.0,2.0,2.0,1.0,1.0
1,1,0,0,0,18.0,0,0,0,0,1.0,0.0,0.0,2.7799999713897705,53.13800048828125,0.0,0.0,0.0,0.0,1.0,0.0,0.0,0.0,0.0,0.0,0.0,0.0
0,1,0,0,0,24.0,1,0,0,0,0.0,0.0,0.0,4.050000190734863,34.6879997253418,0.0,0.0,0.0,0.0,1.0,0.0,0.0,2.0,0.0,0.0,0.0,0.0
0,1,0,0,0,22.0,2,0,0,0,1.0,0.0,0.0,1.1799999475479126,90.11399841308594,0.0,0.0,0.0,0.0,1.0,0.0,0.0,1.0,0.0,0.0,0.0,0.0
0,1,0,0,0,25.0,2,0,0,0,1.0,0.0,0.0,1.1799999475479126,58.314998626708984,0.0,0.0,0.0,0.0,1.0,0.0,0.0,0.0,4.0,0.0,0.0,0.0
0,0,0,0,0,31.0,0,0,0,0,1.0,0.0,0.0,4.699999809265137,65.69100189208984,1.0,0.0,0.0,0.0,0.0,0.0,0.0,2.0,0.0,0.0,0.0,0.0
0,1,0,0,0,24.0,2,0,1,0,0.0,0.0,0.0,5.510000228881836,53.9379997253418,0.0,0.0,0.0,0.0,0.0,0.0,0.0,0.0,1.0,0.0,0.0,0.0
1,1,0,0,0,20.0,1,0,0,0,0.0,1.0,0.0,3.0799999237060547,77.0,2.0,0.0,0.0,0.0,2.0,0.0,1.0,3.0,3.0,3.0,2.0,0.0
0,1,0,0,0,24.0,0,0,1,0,0.0,0.0,0.0,1.8200000524520874,44.55699920654297,0.0,0.0,0.0,0.0,1.0,0.0,0.0,2.0,0.0,0.0,0.0,0.0
0,0,1,0,0,20.0,1,1,0,0,1.0,0.0,0.0,0.03999999910593033,19.506999969482422,0.0,0.0,0.0,0.0,0.0,0.0,0.0,0.0,1.0,0.0,0.0,0.0
1,0,0,1,0,40.0,0,1,0,0,0.0,0.0,0.0,0.20000000298023224,26.820999145507812,0.0,0.0,0.0,0.0,0.0,0.0,0.0,0.0,0.0,0.0,0.0,1.0
0,0,0,1,0,20.0,2,0,1,0,0.0,0.0,0.0,2.299999952316284,12.3149995803833,0.0,0.0,1.0,0.0,0.0,0.0,0.0,0.0,1.0,0.0,0.0,0.0
1,0,0,1,0,22.0,2,0,1,0,0.0,0.0,0.0,2.299999952316284,17.371999740600586,0.0,1.0,1.0,1.0,1.0,1.0,0.0,4.0,2.0,3.0,2.0,1.0
0,1,0,0,0,27.0,0,0,0,0,0.0,1.0,0.0,3.2100000381469727,93.1969985961914,0.0,0.0,0.0,0.0,0.0,0.0,0.0,1.0,1.0,0.0,0.0,0.0
0,0,0,1,0,22.0,4,0,0,0,0.0,0.0,0.0,0.7699999809265137,16.64699935913086,0.0,0.0,0.0,0.0,0.0,0.0,0.0,0.0,0.0,0.0,0.0,0.0
0,0,0,0,0,29.0,1,0,0,0,0.0,1.0,0.0,4.230000019073486,71.74800109863281,0.0,0.0,0.0,0.0,0.0,0.0,0.0,0.0,1.0,0.0,0.0,0.0
0,1,0,0,0,35.0,1,0,0,0,0.0,0.0,1.0,4.090000152587891,94.45999908447266,0.0,0.0,0.0,0.0,0.0,0.0,0.0,0.0,0.0,0.0,0.0,0.0
0,1,0,1,0,25.0,2,0,0,0,1.0,0.0,0.0,4.820000171661377,90.0479965209961,0.0,0.0,0.0,0.0,0.0,0.0,0.0,0.0,0.0,0.0,0.0,0.0
0,1,0,1,0,27.0,2,0,0,0,1.0,0.0,0.0,4.820000171661377,82.79100036621094,0.0,0.0,0.0,0.0,0.0,0.0,0.0,2.0,2.0,0.0,0.0,0.0
0,0,0,0,1,23.0,2,1,0,0,1.0,0.0,0.0,1.340000033378601,36.104000091552734,0.0,0.0,0.0,0.0,1.0,0.0,0.0,2.0,1.0,0.0,0.0,0.0
0,1,0,0,1,24.0,2,1,0,0,1.0,0.0,0.0,1.340000033378601,70.33399963378906,0.0,0.0,0.0,0.0,0.0,0.0,1.0,3.0,1.0,0.0,0.0,0.0
0,0,0,0,1,25.0,2,1,0,0,1.0,0.0,0.0,1.340000033378601,79.26000213623047,0.0,0.0,0.0,0.0,0.0,0.0,0.0,0.0,1.0,0.0,0.0,0.0
0,0,0,1,0,23.0,3,0,0,0,0.0,1.0,0.0,0.9900000095367432,13.866000175476074,0.0,0.0,0.0,0.0,1.0,0.0,0.0,1.0,0.0,0.0,0.0,0.0
0,1,0,1,0,24.0,3,0,0,0,0.0,1.0,0.0,0.9900000095367432,36.270999908447266,0.0,0.0,0.0,0.0,1.0,0.0,0.0,0.0,0.0,0.0,0.0,0.0
0,1,0,0,0,23.0,1,0,0,0,0.0,1.0,0.0,2.200000047683716,87.41100311279297,0.0,0.0,0.0,0.0,0.0,0.0,0.0,0.0,1.0,0.0,0.0,0.0
1,1,0,0,0,23.0,2,0,1,0,0.0,1.0,0.0,1.9199999570846558,6.269000053405762,0.0,0.0,0.0,0.0,0.0,0.0,0.0,0.0,1.0,0.0,0.0,0.0
1,0,0,0,0,25.0,2,0,0,1,0.0,1.0,0.0,1.9199999570846558,0.0,0.0,0.0,0.0,0.0,0.0,0.0,0.0,2.0,0.0,1.0,0.0,0.0
0,0,0,0,0,26.0,0,1,0,0,0.0,1.0,0.0,3.700000047683716,37.832000732421875,0.0,0.0,0.0,0.0,1.0,0.0,0.0,1.0,1.0,0.0,0.0,0.0
1,0,0,0,0,22.0,2,0,0,0,1.0,0.0,0.0,2.0999999046325684,33.40999984741211,1.0,1.0,0.0,1.0,1.0,0.0,1.0,1.0,1.0,1.0,0.0,0.0
0,1,0,0,0,20.0,1,0,0,0,0.0,1.0,0.0,3.4600000381469727,19.60300064086914,0.0,0.0,0.0,0.0,1.0,0.0,0.0,0.0,0.0,0.0,0.0,0.0
0,0,0,0,0,23.0,1,0,0,0,0.0,1.0,0.0,3.4600000381469727,15.70199966430664,0.0,0.0,0.0,0.0,0.0,2.0,0.0,0.0,0.0,0.0,0.0,0.0
0,0,0,0,0,28.0,2,0,1,0,0.0,0.0,1.0,5.840000152587891,91.6240005493164,0.0,0.0,0.0,0.0,0.0,0.0,0.0,2.0,2.0,1.0,0.0,0.0
0,1,0,0,0,23.0,2,0,0,0,0.0,1.0,0.0,4.210000038146973,52.290000915527344,0.0,0.0,0.0,0.0,0.0,0.0,0.0,0.0,1.0,0.0,0.0,0.0
1,0,0,0,0,26.0,2,0,0,0,0.0,1.0,0.0,4.210000038146973,37.70199966430664,1.0,0.0,0.0,1.0,0.0,0.0,1.0,1.0,2.0,0.0,0.0,0.0
0,0,1,0,0,21.0,1,1,0,0,1.0,0.0,0.0,0.6299999952316284,15.668000221252441,0.0,0.0,0.0,0.0,0.0,0.0,0.0,0.0,0.0,0.0,0.0,0.0
1,0,1,0,0,19.0,1,1,0,0,1.0,0.0,0.0,0.3199999928474426,2.9700000286102295,1.0,0.0,0.0,0.0,1.0,0.0,0.0,0.0,0.0,0.0,0.0,0.0
0,0,0,0,0,23.0,2,0,0,0,0.0,1.0,0.0,1.690000057220459,37.41600036621094,0.0,0.0,0.0,0.0,0.0,0.0,0.0,0.0,0.0,0.0,0.0,0.0
0,1,0,0,0,25.0,2,0,0,0,0.0,1.0,0.0,1.690000057220459,59.77000045776367,0.0,1.0,0.0,0.0,0.0,0.0,0.0,0.0,0.0,0.0,0.0,0.0
0,0,0,0,0,26.0,2,0,0,0,0.0,1.0,0.0,1.690000057220459,13.852999687194824,1.0,1.0,0.0,0.0,0.0,0.0,1.0,3.0,4.0,0.0,0.0,0.0
0,1,0,0,0,24.0,1,0,1,0,1.0,0.0,0.0,3.890000104904175,56.6870002746582,0.0,0.0,0.0,0.0,1.0,0.0,0.0,1.0,1.0,1.0,0.0,0.0
0,1,0,0,0,20.0,1,0,1,0,1.0,0.0,0.0,2.9200000762939453,55.777000427246094,0.0,1.0,0.0,0.0,1.0,0.0,0.0,2.0,4.0,2.0,2.0,0.0
0,1,0,0,0,22.0,1,0,1,0,0.0,1.0,0.0,10.010000228881836,71.10299682617188,0.0,0.0,0.0,0.0,0.0,0.0,0.0,0.0,1.0,1.0,0.0,0.0
1,1,0,0,0,23.0,1,0,1,0,0.0,1.0,0.0,2.5799999237060547,36.7869987487793,0.0,0.0,0.0,0.0,1.0,0.0,1.0,3.0,3.0,1.0,0.0,0.0
0,0,0,0,0,26.0,2,0,0,0,0.0,1.0,0.0,16.270000457763672,64.90399932861328,0.0,0.0,0.0,0.0,0.0,0.0,0.0,0.0,1.0,0.0,0.0,0.0
0,0,0,0,0,24.0,0,1,0,0,0.0,1.0,0.0,2.569999933242798,96.90599822998047,0.0,0.0,0.0,0.0,0.0,0.0,0.0,0.0,2.0,0.0,0.0,1.0
0,1,0,0,0,26.0,2,0,0,0,0.0,1.0,0.0,2.7799999713897705,69.29100036621094,0.0,0.0,0.0,0.0,0.0,0.0,0.0,0.0,2.0,0.0,0.0,0.0
0,1,0,0,0,20.0,1,0,1,0,1.0,0.0,0.0,1.6699999570846558,16.586999893188477,0.0,0.0,0.0,0.0,0.0,0.0,0.0,1.0,1.0,0.0,0.0,0.0
0,1,1,0,0,24.0,2,0,0,0,0.0,1.0,0.0,1.5499999523162842,52.90700149536133,0.0,0.0,0.0,0.0,0.0,0.0,0.0,0.0,0.0,0.0,0.0,0.0
0,1,1,0,0,28.0,1,0,1,0,0.0,1.0,0.0,1.8899999856948853,3.5220000743865967,0.0,0.0,1.0,0.0,0.0,0.0,0.0,2.0,1.0,1.0,0.0,1.0
1,0,1,0,0,23.0,1,1,0,0,1.0,0.0,0.0,0.029999999329447746,34.32600021362305,0.0,0.0,0.0,0.0,0.0,0.0,0.0,0.0,0.0,0.0,0.0,0.0
0,1,0,0,0,26.0,3,0,0,0,0.0,0.0,1.0,2.4600000381469727,57.33399963378906,0.0,0.0,0.0,0.0,1.0,0.0,0.0,0.0,0.0,0.0,0.0,0.0
1,0,0,0,0,28.0,3,0,0,0,0.0,0.0,1.0,2.4600000381469727,89.23600006103516,2.0,0.0,2.0,1.0,1.0,1.0,0.0,0.0,1.0,0.0,0.0,0.0
0,1,0,0,0,18.0,1,0,0,0,1.0,0.0,0.0,2.509999990463257,48.22100067138672,0.0,0.0,0.0,0.0,0.0,0.0,1.0,2.0,3.0,0.0,0.0,1.0
0,0,0,0,0,30.0,0,1,0,0,1.0,0.0,0.0,5.739999771118164,40.46799850463867,0.0,0.0,0.0,0.0,1.0,0.0,0.0,1.0,0.0,0.0,0.0,0.0
0,1,0,0,0,23.0,2,0,0,0,0.0,1.0,0.0,1.5,97.71700286865234,0.0,0.0,0.0,0.0,0.0,0.0,0.0,0.0,0.0,0.0,0.0,0.0
0,1,0,0,0,25.0,2,0,0,0,0.0,1.0,0.0,1.5,89.50199890136719,1.0,0.0,0.0,0.0,0.0,0.0,0.0,0.0,0.0,0.0,0.0,0.0
0,1,0,0,0,28.0,0,0,0,0,0.0,1.0,0.0,4.949999809265137,60.40800094604492,1.0,1.0,0.0,0.0,1.0,0.0,0.0,2.0,2.0,0.0,0.0,0.0
0,0,0,0,0,30.0,0,0,0,0,0.0,0.0,1.0,4.099999904632568,65.56400299072266,2.0,2.0,0.0,0.0,0.0,1.0,0.0,1.0,2.0,0.0,0.0,1.0
0,1,0,0,0,33.0,2,0,0,0,0.0,0.0,1.0,3.319999933242798,75.08899688720703,0.0,0.0,0.0,0.0,0.0,0.0,0.0,2.0,1.0,0.0,0.0,0.0
1,0,1,0,0,23.0,2,1,0,0,1.0,0.0,0.0,0.3799999952316284,13.986000061035156,0.0,0.0,0.0,0.0,0.0,1.0,0.0,0.0,1.0,1.0,0.0,0.0
1,1,1,0,0,24.0,2,1,0,0,1.0,0.0,0.0,0.3799999952316284,13.225000381469727,0.0,0.0,0.0,0.0,0.0,0.0,1.0,0.0,1.0,0.0,0.0,1.0
1,1,0,0,0,25.0,2,1,0,0,1.0,0.0,0.0,0.3799999952316284,11.392999649047852,0.0,0.0,0.0,0.0,0.0,1.0,0.0,2.0,1.0,0.0,0.0,1.0
0,1,0,0,0,27.0,1,0,1,0,0.0,0.0,1.0,4.139999866485596,65.44599914550781,0.0,0.0,0.0,0.0,1.0,0.0,0.0,3.0,3.0,0.0,0.0,0.0
1,0,0,0,0,20.0,2,0,0,0,1.0,0.0,0.0,2.5799999237060547,58.72100067138672,0.0,0.0,0.0,0.0,0.0,3.0,0.0,4.0,4.0,3.0,0.0,1.0
0,1,0,0,0,20.0,1,0,1,0,1.0,0.0,0.0,3.0299999713897705,90.84400177001953,0.0,0.0,0.0,0.0,0.0,0.0,0.0,0.0,0.0,0.0,0.0,0.0
1,1,0,0,0,22.0,1,1,0,0,0.0,0.0,0.0,0.7900000214576721,12.505000114440918,0.0,0.0,0.0,0.0,0.0,0.0,0.0,2.0,2.0,0.0,0.0,1.0
0,1,0,0,0,19.0,0,0,1,0,0.0,1.0,0.0,2.2899999618530273,38.69599914550781,0.0,0.0,0.0,0.0,1.0,0.0,0.0,2.0,0.0,0.0,0.0,1.0
1,1,0,0,0,15.0,0,0,0,1,0.0,1.0,0.0,1.9800000190734863,65.8280029296875,0.0,0.0,0.0,0.0,0.0,0.0,0.0,1.0,2.0,0.0,0.0,0.0
0,1,0,0,0,34.0,1,0,0,0,1.0,0.0,0.0,4.710000038146973,86.68299865722656,0.0,0.0,0.0,0.0,0.0,0.0,0.0,0.0,0.0,0.0,0.0,0.0
1,1,0,0,0,19.0,1,1,0,0,1.0,0.0,0.0,2.490000009536743,47.94200134277344,1.0,0.0,0.0,0.0,0.0,0.0,1.0,4.0,2.0,0.0,1.0,0.0
0,1,0,0,0,33.0,2,0,0,0,0.0,0.0,1.0,16.270000457763672,67.6520004272461,0.0,0.0,0.0,0.0,0.0,0.0,0.0,1.0,1.0,0.0,0.0,0.0
0,0,0,0,0,18.0,1,0,0,1,0.0,0.0,1.0,3.490000009536743,88.86499786376953,0.0,0.0,0.0,0.0,0.0,0.0,0.0,0.0,1.0,0.0,0.0,0.0
1,0,0,0,0,18.0,1,0,0,1,0.0,0.0,1.0,3.490000009536743,88.1500015258789,2.0,1.0,0.0,1.0,1.0,0.0,0.0,0.0,1.0,0.0,0.0,1.0
1,0,0,0,0,16.0,3,0,1,0,0.0,0.0,0.0,1.7899999618530273,35.2760009765625,0.0,0.0,0.0,0.0,0.0,0.0,0.0,2.0,1.0,1.0,0.0,0.0
0,1,0,0,0,26.0,1,0,0,0,1.0,0.0,0.0,2.8299999237060547,12.230999946594238,0.0,0.0,0.0,0.0,1.0,0.0,0.0,0.0,0.0,0.0,0.0,0.0
0,1,0,0,0,26.0,1,0,0,0,1.0,0.0,0.0,2.8299999237060547,16.69300079345703,0.0,0.0,0.0,0.0,0.0,0.0,0.0,1.0,0.0,0.0,0.0,0.0
0,1,0,0,0,21.0,2,0,0,0,0.0,1.0,0.0,2.559999942779541,69.83300018310547,0.0,0.0,0.0,0.0,0.0,0.0,0.0,1.0,0.0,0.0,0.0,0.0
0,1,0,0,0,23.0,2,0,0,0,0.0,1.0,0.0,2.559999942779541,57.23699951171875,0.0,0.0,0.0,0.0,1.0,0.0,0.0,3.0,3.0,1.0,0.0,0.0
0,0,0,0,0,22.0,3,1,0,0,1.0,0.0,0.0,0.8100000023841858,66.16500091552734,0.0,0.0,0.0,0.0,0.0,0.0,0.0,0.0,0.0,0.0,0.0,0.0
1,1,0,0,0,21.0,2,0,0,0,1.0,0.0,0.0,1.8700000047683716,1.7309999465942383,0.0,0.0,0.0,0.0,1.0,0.0,0.0,2.0,0.0,0.0,1.0,0.0
0,0,0,0,0,22.0,2,0,0,0,1.0,0.0,0.0,1.8700000047683716,9.486000061035156,0.0,0.0,0.0,0.0,1.0,0.0,0.0,3.0,1.0,0.0,0.0,0.0
1,0,0,0,0,24.0,2,0,0,0,1.0,0.0,0.0,1.8700000047683716,4.5879998207092285,2.0,1.0,1.0,0.0,2.0,2.0,2.0,3.0,3.0,2.0,0.0,1.0
0,1,1,0,0,30.0,1,1,0,0,0.0,1.0,0.0,3.1700000762939453,66.2509994506836,0.0,0.0,0.0,0.0,1.0,0.0,0.0,1.0,2.0,0.0,0.0,0.0
0,0,1,0,0,20.0,1,0,0,0,0.0,1.0,0.0,4.820000171661377,62.2400016784668,0.0,0.0,0.0,0.0,0.0,0.0,0.0,0.0,2.0,0.0,0.0,0.0
1,1,1,0,0,25.0,1,0,0,0,1.0,0.0,0.0,5.809999942779541,12.180999755859375,1.0,0.0,0.0,0.0,1.0,0.0,0.0,1.0,1.0,0.0,0.0,0.0
0,1,0,0,0,26.0,1,0,0,0,1.0,0.0,0.0,1.6299999952316284,58.439998626708984,0.0,0.0,0.0,0.0,0.0,0.0,0.0,0.0,0.0,0.0,0.0,0.0
0,1,0,0,0,25.0,0,0,0,0,1.0,0.0,0.0,5.980000019073486,57.5,0.0,0.0,0.0,0.0,0.0,0.0,0.0,0.0,0.0,0.0,0.0,0.0
0,1,0,0,0,27.0,2,1,0,0,1.0,0.0,0.0,0.800000011920929,12.036999702453613,1.0,1.0,1.0,0.0,1.0,0.0,0.0,4.0,2.0,0.0,0.0,0.0
0,1,1,0,0,24.0,1,0,0,0,1.0,0.0,0.0,2.200000047683716,12.677000045776367,0.0,0.0,0.0,0.0,0.0,0.0,0.0,0.0,0.0,0.0,0.0,0.0
0,0,1,0,0,20.0,2,0,1,0,0.0,1.0,0.0,1.2000000476837158,17.395000457763672,0.0,0.0,0.0,0.0,0.0,0.0,0.0,0.0,0.0,0.0,0.0,0.0
1,0,1,0,0,22.0,2,0,1,0,0.0,1.0,0.0,1.2000000476837158,68.11499786376953,1.0,0.0,0.0,1.0,0.0,0.0,0.0,0.0,0.0,0.0,0.0,0.0
0,1,0,0,0,25.0,2,0,0,0,0.0,0.0,1.0,4.409999847412109,60.055999755859375,0.0,1.0,0.0,0.0,0.0,0.0,0.0,1.0,1.0,1.0,0.0,0.0
0,1,0,0,0,25.0,2,0,0,0,0.0,0.0,1.0,4.409999847412109,63.86600112915039,1.0,1.0,0.0,0.0,1.0,0.0,0.0,0.0,1.0,0.0,1.0,0.0
0,0,0,0,0,29.0,1,0,0,0,0.0,0.0,1.0,5.28000020980835,91.28299713134766,2.0,2.0,2.0,1.0,0.0,0.0,0.0,3.0,2.0,2.0,2.0,0.0
1,0,0,1,0,20.0,0,1,0,0,1.0,0.0,0.0,2.240000009536743,24.55900001525879,1.0,0.0,0.0,1.0,1.0,0.0,0.0,2.0,1.0,1.0,0.0,1.0
0,0,0,0,0,36.0,0,1,0,0,0.0,0.0,1.0,3.819999933242798,86.31700134277344,0.0,0.0,0.0,0.0,0.0,1.0,0.0,0.0,0.0,0.0,0.0,0.0
0,1,0,0,0,28.0,0,0,1,0,0.0,0.0,1.0,4.340000152587891,99.55799865722656,0.0,0.0,0.0,0.0,0.0,0.0,0.0,0.0,4.0,0.0,0.0,0.0
1,0,0,0,0,29.0,1,0,0,0,0.0,0.0,1.0,4.650000095367432,87.54499816894531,1.0,0.0,0.0,0.0,1.0,0.0,0.0,1.0,1.0,1.0,1.0,0.0
0,0,0,0,0,29.0,0,0,0,0,0.0,0.0,1.0,3.490000009536743,35.874000549316406,0.0,0.0,0.0,0.0,1.0,1.0,0.0,3.0,3.0,0.0,0.0,1.0
1,0,0,0,0,30.0,1,1,0,0,0.0,0.0,1.0,2.6700000762939453,12.956000328063965,0.0,1.0,0.0,1.0,0.0,1.0,1.0,3.0,2.0,1.0,0.0,1.0
0,1,0,0,0,33.0,2,0,0,0,0.0,0.0,1.0,4.309999942779541,54.5359992980957,0.0,0.0,0.0,0.0,0.0,0.0,0.0,3.0,3.0,1.0,0.0,0.0
0,0,0,0,0,30.0,1,0,0,0,0.0,0.0,1.0,2.6700000762939453,90.49099731445312,0.0,0.0,0.0,0.0,1.0,0.0,0.0,3.0,2.0,0.0,0.0,1.0
0,1,0,0,0,33.0,1,0,0,0,0.0,0.0,1.0,2.6700000762939453,43.37300109863281,0.0,0.0,0.0,0.0,1.0,0.0,0.0,1.0,4.0,0.0,0.0,0.0
0,0,0,0,0,34.0,1,0,0,0,0.0,0.0,1.0,7.789999961853027,94.48500061035156,1.0,0.0,0.0,0.0,0.0,0.0,0.0,0.0,2.0,0.0,0.0,0.0
0,1,0,0,0,25.0,1,0,0,0,0.0,0.0,1.0,8.479999542236328,63.150001525878906,0.0,1.0,0.0,0.0,1.0,0.0,0.0,0.0,2.0,0.0,0.0,0.0
1,0,0,0,0,27.0,1,0,0,0,0.0,0.0,1.0,8.479999542236328,61.058998107910156,1.0,2.0,0.0,1.0,1.0,0.0,0.0,1.0,4.0,2.0,1.0,0.0
0,0,0,0,0,31.0,2,0,0,0,0.0,0.0,1.0,6.570000171661377,85.56500244140625,0.0,0.0,0.0,0.0,0.0,0.0,0.0,0.0,4.0,0.0,0.0,0.0
0,1,0,0,0,31.0,1,0,0,0,0.0,0.0,1.0,5.980000019073486,72.54100036621094,1.0,0.0,0.0,0.0,0.0,0.0,0.0,1.0,1.0,0.0,0.0,1.0
1,0,0,0,0,35.0,1,1,0,0,0.0,1.0,0.0,2.549999952316284,17.87700080871582,0.0,0.0,0.0,0.0,0.0,0.0,0.0,0.0,1.0,0.0,0.0,0.0
0,1,0,0,0,33.0,0,0,0,0,0.0,0.0,1.0,1.9800000190734863,90.63099670410156,0.0,0.0,0.0,0.0,0.0,0.0,0.0,0.0,0.0,0.0,0.0,0.0
1,1,0,0,0,25.0,4,0,0,0,0.0,1.0,0.0,1.850000023841858,66.63600158691406,0.0,0.0,0.0,0.0,2.0,0.0,0.0,1.0,0.0,0.0,0.0,0.0
0,0,0,1,0,24.0,1,1,0,0,1.0,0.0,0.0,1.1699999570846558,14.027999877929688,0.0,0.0,0.0,0.0,1.0,0.0,0.0,0.0,0.0,0.0,0.0,0.0
0,0,0,1,0,26.0,1,1,0,0,1.0,0.0,0.0,1.1699999570846558,30.202999114990234,3.0,1.0,0.0,1.0,1.0,0.0,0.0,0.0,0.0,0.0,0.0,1.0
0,0,0,0,0,21.0,2,0,0,0,1.0,0.0,0.0,1.7100000381469727,69.5790023803711,0.0,0.0,0.0,0.0,0.0,0.0,0.0,0.0,0.0,0.0,0.0,0.0
0,1,0,0,0,25.0,1,1,0,0,0.0,0.0,1.0,1.5,77.56099700927734,0.0,0.0,0.0,0.0,1.0,0.0,0.0,0.0,1.0,0.0,0.0,0.0
1,0,0,0,0,31.0,1,0,1,0,0.0,1.0,0.0,2.009999990463257,45.85300064086914,0.0,1.0,0.0,0.0,1.0,0.0,0.0,1.0,1.0,0.0,0.0,0.0
0,1,0,0,0,33.0,1,0,0,0,0.0,1.0,0.0,2.009999990463257,48.452999114990234,0.0,0.0,0.0,0.0,0.0,0.0,0.0,0.0,0.0,0.0,0.0,0.0
0,0,0,0,0,22.0,0,0,0,0,1.0,0.0,0.0,2.9700000286102295,38.57099914550781,0.0,0.0,1.0,0.0,0.0,1.0,0.0,0.0,0.0,0.0,0.0,0.0
0,0,0,0,0,19.0,1,0,0,0,0.0,0.0,0.0,4.090000152587891,16.091999053955078,0.0,0.0,0.0,0.0,0.0,0.0,1.0,2.0,1.0,1.0,0.0,0.0
0,1,0,0,0,30.0,0,1,0,0,0.0,0.0,1.0,1.2699999809265137,95.60199737548828,0.0,0.0,0.0,0.0,0.0,0.0,0.0,1.0,1.0,0.0,0.0,0.0
1,0,0,0,0,21.0,1,1,0,0,1.0,0.0,0.0,2.819999933242798,25.84000015258789,0.0,0.0,0.0,0.0,1.0,0.0,2.0,2.0,1.0,2.0,0.0,0.0
0,0,0,0,0,18.0,1,0,0,0,1.0,0.0,0.0,2.75,29.038000106811523,0.0,0.0,0.0,0.0,1.0,0.0,0.0,2.0,2.0,2.0,0.0,0.0
0,1,0,0,0,19.0,1,0,0,0,1.0,0.0,0.0,2.75,6.578000068664551,1.0,0.0,1.0,0.0,1.0,0.0,1.0,1.0,2.0,1.0,0.0,0.0
0,1,0,0,0,25.0,1,1,0,0,0.0,0.0,1.0,0.23000000417232513,43.803001403808594,0.0,1.0,0.0,0.0,1.0,0.0,0.0,2.0,1.0,1.0,0.0,0.0
0,1,0,0,0,21.0,0,1,0,0,1.0,0.0,0.0,0.5199999809265137,6.0329999923706055,1.0,0.0,0.0,0.0,0.0,0.0,0.0,0.0,0.0,0.0,0.0,0.0
0,1,0,0,0,31.0,0,1,0,0,0.0,0.0,1.0,4.440000057220459,98.18399810791016,0.0,0.0,0.0,0.0,1.0,0.0,0.0,1.0,1.0,1.0,0.0,0.0
1,0,0,0,0,32.0,0,0,0,0,0.0,0.0,1.0,4.96999979019165,45.917999267578125,2.0,1.0,2.0,1.0,3.0,3.0,0.0,1.0,3.0,3.0,1.0,1.0
1,1,0,0,0,26.0,2,0,1,0,0.0,0.0,1.0,2.0799999237060547,16.131999969482422,0.0,0.0,0.0,0.0,1.0,0.0,0.0,0.0,0.0,0.0,0.0,0.0
0,1,0,0,0,29.0,2,0,1,0,0.0,0.0,1.0,2.0799999237060547,39.8129997253418,2.0,0.0,0.0,0.0,0.0,0.0,0.0,0.0,0.0,0.0,0.0,0.0
1,0,0,0,0,27.0,2,0,1,0,0.0,0.0,1.0,3.8299999237060547,84.08999633789062,2.0,1.0,0.0,3.0,1.0,1.0,0.0,3.0,3.0,1.0,0.0,0.0
0,0,0,0,0,35.0,2,0,0,0,0.0,1.0,0.0,5.340000152587891,88.6709976196289,0.0,0.0,0.0,0.0,1.0,0.0,0.0,0.0,0.0,0.0,0.0,0.0
0,1,0,0,0,34.0,1,0,0,0,0.0,1.0,0.0,3.109999895095825,98.12000274658203,2.0,3.0,0.0,0.0,1.0,0.0,0.0,4.0,3.0,0.0,0.0,0.0
0,0,0,0,0,20.0,1,0,1,0,1.0,0.0,0.0,1.2699999809265137,19.365999221801758,0.0,0.0,0.0,0.0,0.0,0.0,0.0,1.0,1.0,1.0,0.0,0.0
0,0,0,0,0,23.0,1,0,1,0,1.0,0.0,0.0,1.2699999809265137,30.309999465942383,0.0,2.0,0.0,0.0,1.0,0.0,0.0,0.0,3.0,0.0,0.0,0.0
0,1,0,0,0,22.0,1,1,0,0,0.0,1.0,0.0,1.4199999570846558,8.597000122070312,0.0,0.0,0.0,0.0,0.0,0.0,0.0,1.0,0.0,0.0,0.0,0.0
0,1,0,0,0,23.0,1,1,0,0,0.0,1.0,0.0,1.4199999570846558,51.78799819946289,0.0,0.0,0.0,0.0,1.0,0.0,0.0,2.0,1.0,0.0,0.0,0.0
1,0,0,0,0,24.0,0,1,0,0,0.0,0.0,1.0,2.5399999618530273,38.10200119018555,0.0,1.0,0.0,0.0,2.0,1.0,1.0,2.0,2.0,0.0,0.0,1.0
0,0,0,0,0,31.0,1,0,0,0,0.0,0.0,1.0,5.849999904632568,80.84500122070312,0.0,1.0,0.0,0.0,0.0,0.0,0.0,2.0,1.0,1.0,0.0,1.0
1,1,0,0,0,32.0,1,1,0,0,0.0,1.0,0.0,7.159999847412109,90.79900360107422,1.0,3.0,0.0,0.0,1.0,0.0,0.0,2.0,3.0,0.0,0.0,0.0
0,1,0,0,0,30.0,0,0,0,0,0.0,0.0,1.0,6.670000076293945,84.70800018310547,0.0,0.0,0.0,0.0,1.0,0.0,0.0,0.0,0.0,0.0,0.0,0.0
1,0,0,1,0,32.0,3,0,0,0,0.0,0.0,1.0,7.489999771118164,48.652000427246094,1.0,1.0,1.0,0.0,0.0,0.0,0.0,3.0,2.0,2.0,0.0,0.0
0,0,0,0,0,25.0,2,0,0,0,1.0,0.0,0.0,1.7899999618530273,91.73999786376953,0.0,0.0,0.0,0.0,0.0,0.0,0.0,0.0,0.0,0.0,0.0,0.0
0,1,0,0,0,28.0,1,0,0,0,0.0,0.0,1.0,3.799999952316284,95.5260009765625,0.0,0.0,0.0,0.0,0.0,0.0,0.0,0.0,1.0,0.0,0.0,0.0
0,1,0,0,0,29.0,1,1,0,0,0.0,1.0,0.0,3.259999990463257,89.3479995727539,0.0,0.0,0.0,0.0,0.0,0.0,0.0,0.0,2.0,0.0,0.0,0.0
0,0,0,0,0,32.0,1,1,0,0,0.0,0.0,1.0,3.9700000286102295,19.694000244140625,0.0,0.0,0.0,0.0,0.0,0.0,0.0,0.0,0.0,0.0,0.0,0.0
0,1,0,0,0,23.0,1,0,1,0,0.0,1.0,0.0,3.930000066757202,1.8630000352859497,0.0,0.0,0.0,0.0,1.0,0.0,0.0,3.0,2.0,0.0,0.0,1.0
1,0,0,0,0,21.0,1,0,0,0,0.0,0.0,1.0,2.5799999237060547,59.492000579833984,0.0,1.0,0.0,0.0,0.0,0.0,0.0,0.0,0.0,0.0,0.0,0.0
0,1,0,0,0,27.0,1,0,0,0,0.0,1.0,0.0,2.890000104904175,92.79100036621094,0.0,0.0,0.0,0.0,0.0,0.0,0.0,0.0,0.0,0.0,0.0,0.0
0,0,0,0,0,21.0,1,1,0,0,0.0,0.0,1.0,1.340000033378601,54.395999908447266,3.0,2.0,0.0,1.0,1.0,0.0,0.0,3.0,3.0,2.0,1.0,0.0
0,1,0,0,0,19.0,1,0,1,0,1.0,0.0,0.0,2.200000047683716,66.34100341796875,0.0,0.0,0.0,0.0,0.0,0.0,0.0,0.0,2.0,0.0,0.0,0.0
1,1,0,0,0,18.0,0,1,0,0,1.0,0.0,0.0,4.820000171661377,31.33300018310547,0.0,0.0,0.0,0.0,0.0,0.0,1.0,3.0,2.0,0.0,0.0,0.0
0,1,0,0,0,25.0,2,0,0,0,0.0,0.0,1.0,2.9000000953674316,79.01799774169922,0.0,0.0,0.0,0.0,1.0,0.0,1.0,0.0,0.0,0.0,0.0,0.0
0,0,0,0,0,29.0,2,0,0,0,0.0,0.0,1.0,2.9000000953674316,63.75600051879883,0.0,3.0,0.0,0.0,0.0,0.0,0.0,1.0,2.0,2.0,1.0,0.0
0,0,0,0,0,24.0,1,1,0,0,0.0,1.0,0.0,0.11999999731779099,15.95300006866455,1.0,0.0,0.0,0.0,0.0,0.0,0.0,2.0,2.0,1.0,0.0,0.0
0,1,0,0,0,26.0,1,0,0,0,0.0,0.0,1.0,3.609999895095825,60.93299865722656,1.0,0.0,0.0,0.0,0.0,0.0,0.0,3.0,2.0,1.0,0.0,0.0
1,0,0,0,0,35.0,0,0,0,0,1.0,0.0,0.0,3.4000000953674316,32.79999923706055,0.0,0.0,0.0,0.0,1.0,0.0,0.0,0.0,0.0,0.0,0.0,0.0
0,0,0,0,0,32.0,1,0,0,0,0.0,0.0,1.0,3.4800000190734863,58.540000915527344,0.0,0.0,0.0,0.0,0.0,0.0,0.0,0.0,1.0,0.0,0.0,0.0
0,1,0,0,0,30.0,0,0,0,0,0.0,0.0,1.0,3.0899999141693115,98.68599700927734,0.0,0.0,0.0,0.0,0.0,1.0,0.0,0.0,3.0,0.0,0.0,0.0
0,1,0,0,0,17.0,1,0,0,0,1.0,0.0,0.0,2.5799999237060547,86.22000122070312,0.0,0.0,0.0,0.0,0.0,0.0,0.0,0.0,1.0,0.0,0.0,0.0
0,1,0,0,0,30.0,0,0,0,0,1.0,0.0,0.0,3.9600000381469727,92.97100067138672,1.0,0.0,0.0,0.0,0.0,0.0,1.0,3.0,3.0,3.0,0.0,1.0
0,0,0,0,0,25.0,2,0,0,0,1.0,0.0,0.0,3.069999933242798,44.19300079345703,2.0,0.0,0.0,0.0,0.0,1.0,0.0,4.0,4.0,4.0,0.0,0.0
0,1,0,0,0,25.0,3,0,0,0,0.0,1.0,0.0,3.890000104904175,44.11600112915039,0.0,0.0,0.0,0.0,1.0,0.0,0.0,1.0,1.0,0.0,0.0,0.0
0,1,0,0,0,25.0,0,0,1,0,1.0,0.0,0.0,3.319999933242798,65.38899993896484,0.0,1.0,0.0,0.0,0.0,0.0,0.0,2.0,1.0,1.0,1.0,0.0
0,0,0,0,0,28.0,2,0,0,0,0.0,0.0,1.0,4.03000020980835,82.4020004272461,0.0,0.0,0.0,0.0,0.0,0.0,0.0,0.0,1.0,0.0,0.0,0.0
0,0,0,0,0,28.0,1,0,0,0,0.0,0.0,1.0,2.940000057220459,56.28499984741211,1.0,0.0,1.0,0.0,0.0,0.0,0.0,0.0,3.0,0.0,0.0,0.0
0,1,0,0,0,27.0,1,0,0,0,0.0,1.0,0.0,1.9800000190734863,41.47800064086914,0.0,0.0,0.0,0.0,0.0,0.0,0.0,2.0,1.0,0.0,0.0,0.0
0,0,0,0,0,29.0,1,0,0,0,0.0,1.0,0.0,1.9800000190734863,38.16600036621094,0.0,1.0,0.0,0.0,0.0,0.0,0.0,4.0,4.0,1.0,0.0,0.0
0,0,0,0,0,25.0,2,0,0,0,1.0,0.0,0.0,1.9199999570846558,65.14199829101562,1.0,0.0,1.0,1.0,0.0,2.0,1.0,3.0,3.0,1.0,0.0,0.0
0,0,0,1,0,23.0,2,0,0,0,0.0,0.0,1.0,2.25,66.58200073242188,0.0,0.0,0.0,0.0,0.0,1.0,0.0,2.0,2.0,2.0,1.0,0.0
1,1,0,0,0,21.0,1,0,0,0,1.0,0.0,0.0,3.490000009536743,89.85800170898438,0.0,0.0,0.0,0.0,0.0,0.0,0.0,2.0,1.0,1.0,0.0,0.0
0,1,0,0,0,24.0,1,0,0,0,0.0,0.0,1.0,2.5,53.310001373291016,0.0,0.0,0.0,0.0,0.0,0.0,0.0,0.0,1.0,0.0,0.0,0.0
0,0,0,0,0,26.0,1,0,0,0,0.0,0.0,1.0,2.5,28.097999572753906,0.0,0.0,0.0,0.0,0.0,2.0,0.0,0.0,2.0,0.0,0.0,0.0
0,0,0,0,0,24.0,1,1,0,0,0.0,1.0,0.0,1.149999976158142,59.63100051879883,0.0,0.0,0.0,0.0,0.0,0.0,0.0,0.0,1.0,0.0,0.0,0.0
0,1,0,1,0,24.0,1,0,0,0,0.0,0.0,1.0,3.8299999237060547,50.314998626708984,0.0,0.0,0.0,0.0,0.0,0.0,0.0,0.0,4.0,0.0,0.0,0.0
0,0,0,0,0,18.0,1,0,0,0,1.0,0.0,0.0,2.240000009536743,27.834999084472656,0.0,0.0,0.0,0.0,0.0,2.0,1.0,0.0,2.0,0.0,0.0,0.0
0,0,0,0,0,37.0,0,0,0,0,0.0,0.0,1.0,16.270000457763672,85.87999725341797,3.0,0.0,0.0,0.0,0.0,0.0,0.0,3.0,4.0,0.0,0.0,0.0
0,0,0,0,0,40.0,1,0,0,0,0.0,1.0,0.0,5.519999980926514,52.95000076293945,1.0,0.0,0.0,0.0,0.0,0.0,0.0,2.0,2.0,0.0,0.0,1.0
0,0,0,0,0,27.0,0,0,0,0,0.0,1.0,0.0,3.9700000286102295,66.05899810791016,0.0,0.0,0.0,0.0,0.0,2.0,0.0,0.0,0.0,0.0,0.0,0.0
1,0,0,0,0,26.0,1,1,0,0,0.0,1.0,0.0,8.899999618530273,60.17399978637695,1.0,1.0,1.0,0.0,0.0,0.0,0.0,2.0,1.0,1.0,0.0,0.0
0,0,0,0,0,22.0,2,0,0,0,1.0,0.0,0.0,1.7899999618530273,20.70800018310547,0.0,0.0,0.0,0.0,0.0,0.0,0.0,0.0,1.0,0.0,0.0,0.0
0,0,0,0,0,24.0,2,0,0,0,1.0,0.0,0.0,1.7899999618530273,77.35600280761719,2.0,2.0,1.0,0.0,0.0,0.0,0.0,3.0,3.0,0.0,0.0,0.0
0,1,0,0,0,35.0,1,0,0,0,0.0,0.0,1.0,2.490000009536743,81.5719985961914,0.0,0.0,0.0,0.0,0.0,0.0,0.0,0.0,0.0,0.0,0.0,0.0
0,0,0,0,0,25.0,2,0,0,0,0.0,1.0,0.0,2.8299999237060547,82.81300354003906,0.0,0.0,0.0,0.0,0.0,0.0,0.0,2.0,1.0,0.0,0.0,0.0
0,0,0,0,0,28.0,2,0,0,0,0.0,1.0,0.0,2.8299999237060547,49.180999755859375,0.0,0.0,0.0,0.0,0.0,1.0,0.0,2.0,3.0,0.0,0.0,0.0
0,1,0,0,0,23.0,1,0,0,0,0.0,1.0,0.0,2.200000047683716,75.69000244140625,0.0,0.0,0.0,0.0,1.0,0.0,0.0,0.0,2.0,0.0,0.0,0.0
0,1,0,0,0,25.0,1,0,0,0,0.0,1.0,0.0,2.200000047683716,60.02899932861328,0.0,0.0,0.0,0.0,0.0,0.0,0.0,2.0,4.0,0.0,0.0,0.0
0,1,0,0,0,26.0,2,0,0,0,0.0,1.0,0.0,2.440000057220459,73.11499786376953,0.0,0.0,0.0,0.0,0.0,0.0,0.0,1.0,1.0,0.0,0.0,0.0
0,1,0,0,0,29.0,1,0,0,0,0.0,1.0,0.0,3.5999999046325684,41.55500030517578,0.0,1.0,0.0,0.0,0.0,0.0,0.0,0.0,0.0,0.0,0.0,0.0
0,0,0,0,0,31.0,1,0,0,0,0.0,1.0,0.0,2.700000047683716,81.9530029296875,0.0,0.0,0.0,0.0,0.0,0.0,0.0,0.0,1.0,0.0,0.0,0.0
0,1,0,0,0,33.0,1,0,0,0,0.0,1.0,0.0,2.700000047683716,68.5719985961914,1.0,0.0,0.0,0.0,0.0,0.0,0.0,2.0,2.0,0.0,0.0,1.0
0,0,0,1,0,36.0,0,0,0,0,0.0,1.0,0.0,2.450000047683716,25.15999984741211,0.0,1.0,0.0,0.0,0.0,1.0,0.0,0.0,4.0,2.0,0.0,0.0
0,1,0,0,0,29.0,1,0,0,0,0.0,0.0,1.0,2.890000104904175,81.0260009765625,0.0,0.0,0.0,0.0,0.0,0.0,0.0,0.0,0.0,0.0,0.0,0.0
0,1,0,0,0,28.0,2,0,0,0,0.0,0.0,1.0,1.340000033378601,87.04499816894531,0.0,0.0,0.0,0.0,0.0,0.0,0.0,0.0,3.0,0.0,0.0,0.0
0,1,0,0,0,25.0,2,0,0,0,1.0,0.0,0.0,2.700000047683716,87.96600341796875,0.0,0.0,0.0,0.0,0.0,0.0,0.0,2.0,4.0,0.0,0.0,0.0
0,0,0,0,0,33.0,1,0,0,0,1.0,0.0,0.0,2.640000104904175,54.48099899291992,0.0,1.0,0.0,0.0,0.0,0.0,0.0,0.0,1.0,1.0,0.0,0.0
0,0,0,0,0,38.0,0,0,0,0,0.0,1.0,0.0,2.619999885559082,40.755001068115234,3.0,0.0,0.0,1.0,0.0,0.0,0.0,1.0,3.0,0.0,0.0,1.0
0,0,0,0,0,26.0,1,0,0,0,0.0,0.0,1.0,2.5799999237060547,87.38099670410156,0.0,0.0,0.0,0.0,0.0,0.0,0.0,0.0,0.0,0.0,0.0,0.0
0,0,0,0,0,23.0,1,0,0,0,1.0,0.0,0.0,2.9800000190734863,48.10499954223633,0.0,1.0,0.0,0.0,0.0,1.0,0.0,3.0,2.0,0.0,0.0,0.0
1,0,0,0,0,34.0,0,0,0,0,0.0,0.0,1.0,5.829999923706055,53.020999908447266,0.0,1.0,1.0,0.0,0.0,1.0,0.0,2.0,0.0,1.0,0.0,1.0
1,1,0,0,0,30.0,2,1,0,0,0.0,1.0,0.0,2.140000104904175,79.96199798583984,4.0,2.0,0.0,2.0,0.0,0.0,0.0,4.0,4.0,2.0,2.0,0.0
0,0,0,0,0,23.0,2,1,0,0,0.0,1.0,0.0,2.1600000858306885,61.242000579833984,0.0,0.0,0.0,0.0,0.0,0.0,0.0,0.0,1.0,0.0,0.0,0.0
0,0,0,0,0,25.0,2,1,0,0,0.0,1.0,0.0,2.1600000858306885,98.8239974975586,0.0,0.0,0.0,0.0,0.0,0.0,0.0,0.0,2.0,0.0,0.0,1.0
1,1,0,0,0,30.0,1,0,0,0,0.0,1.0,0.0,4.269999980926514,57.20000076293945,1.0,0.0,0.0,0.0,1.0,0.0,0.0,0.0,1.0,0.0,0.0,0.0
0,0,0,0,0,31.0,1,0,0,0,0.0,1.0,0.0,4.269999980926514,81.78500366210938,0.0,1.0,0.0,0.0,0.0,0.0,0.0,3.0,3.0,3.0,1.0,0.0
0,0,0,0,0,25.0,2,0,0,0,0.0,1.0,0.0,2.6500000953674316,54.790000915527344,0.0,0.0,0.0,0.0,0.0,0.0,0.0,0.0,2.0,0.0,0.0,0.0
0,0,0,0,0,27.0,2,0,0,0,0.0,1.0,0.0,1.659999966621399,8.52400016784668,0.0,0.0,0.0,0.0,0.0,1.0,0.0,0.0,1.0,1.0,0.0,0.0
0,1,0,0,0,23.0,1,0,0,0,0.0,1.0,0.0,2.2300000190734863,89.22599792480469,0.0,0.0,0.0,0.0,0.0,0.0,0.0,2.0,1.0,1.0,1.0,0.0
0,1,0,0,0,25.0,1,0,0,0,0.0,1.0,0.0,2.2300000190734863,59.36000061035156,0.0,1.0,0.0,0.0,0.0,0.0,0.0,4.0,4.0,4.0,3.0,0.0
0,1,0,0,0,22.0,1,0,0,0,0.0,1.0,0.0,3.299999952316284,20.246999740600586,1.0,0.0,0.0,0.0,0.0,0.0,0.0,2.0,2.0,2.0,1.0,0.0
0,0,0,0,0,32.0,0,0,1,0,0.0,1.0,0.0,2.880000114440918,81.72699737548828,0.0,0.0,0.0,0.0,0.0,0.0,0.0,0.0,0.0,0.0,0.0,0.0
0,0,0,0,0,24.0,1,0,1,0,0.0,1.0,0.0,2.700000047683716,86.21099853515625,1.0,1.0,0.0,0.0,0.0,0.0,0.0,1.0,0.0,0.0,0.0,0.0
0,1,0,0,0,24.0,2,0,0,0,0.0,0.0,1.0,2.009999990463257,79.65699768066406,3.0,0.0,0.0,0.0,0.0,0.0,0.0,0.0,1.0,0.0,0.0,0.0
0,0,0,0,0,24.0,1,0,1,0,1.0,0.0,0.0,2.559999942779541,6.8379998207092285,0.0,0.0,0.0,0.0,1.0,0.0,0.0,0.0,2.0,0.0,0.0,0.0
0,1,0,0,0,30.0,0,1,0,0,0.0,0.0,1.0,1.2999999523162842,43.19200134277344,0.0,0.0,0.0,0.0,0.0,0.0,2.0,1.0,2.0,0.0,0.0,0.0
0,0,0,0,0,26.0,0,0,0,0,1.0,0.0,0.0,3.180000066757202,7.414999961853027,0.0,0.0,0.0,0.0,1.0,1.0,1.0,1.0,0.0,0.0,0.0,0.0
0,1,0,0,0,26.0,2,0,0,0,1.0,0.0,0.0,3.940000057220459,28.878999710083008,0.0,0.0,0.0,0.0,0.0,0.0,0.0,0.0,2.0,0.0,0.0,0.0
1,0,0,0,0,20.0,2,0,0,0,0.0,1.0,0.0,1.159999966621399,6.177000045776367,1.0,1.0,1.0,0.0,0.0,0.0,0.0,2.0,1.0,0.0,0.0,1.0
1,1,0,0,0,22.0,2,0,0,0,0.0,1.0,0.0,1.159999966621399,43.74300003051758,0.0,2.0,0.0,0.0,1.0,0.0,0.0,4.0,3.0,2.0,1.0,1.0
0,1,0,1,0,24.0,1,0,1,0,0.0,1.0,0.0,1.7100000381469727,15.739999771118164,0.0,0.0,0.0,1.0,0.0,0.0,0.0,0.0,0.0,1.0,0.0,0.0
0,1,0,1,0,26.0,1,0,1,0,0.0,1.0,0.0,1.7100000381469727,10.913000106811523,0.0,0.0,0.0,0.0,2.0,0.0,0.0,0.0,1.0,0.0,0.0,0.0
0,0,0,0,0,20.0,2,1,0,0,0.0,0.0,0.0,0.8500000238418579,90.06800079345703,0.0,0.0,0.0,0.0,0.0,0.0,0.0,0.0,0.0,0.0,0.0,0.0
1,0,0,0,0,23.0,1,0,1,0,0.0,0.0,0.0,3.680000066757202,41.00699996948242,0.0,1.0,1.0,0.0,0.0,0.0,1.0,2.0,1.0,1.0,0.0,1.0
0,1,0,0,0,24.0,1,0,1,0,0.0,0.0,0.0,3.680000066757202,21.57200050354004,0.0,0.0,0.0,0.0,0.0,0.0,0.0,0.0,0.0,0.0,0.0,0.0
0,1,0,0,0,25.0,2,0,0,0,0.0,1.0,0.0,3.509999990463257,36.507999420166016,0.0,0.0,0.0,0.0,1.0,1.0,0.0,2.0,1.0,0.0,0.0,1.0
0,0,0,0,0,27.0,2,0,0,0,0.0,1.0,0.0,3.509999990463257,47.007999420166016,2.0,0.0,0.0,0.0,1.0,0.0,0.0,0.0,1.0,0.0,0.0,0.0
1,1,0,0,0,25.0,2,0,0,0,0.0,0.0,1.0,1.6200000047683716,60.152000427246094,0.0,3.0,0.0,0.0,0.0,0.0,3.0,3.0,3.0,3.0,3.0,1.0
0,0,0,0,0,30.0,2,0,0,0,1.0,0.0,0.0,2.259999990463257,28.930999755859375,0.0,0.0,0.0,0.0,0.0,0.0,0.0,2.0,1.0,0.0,0.0,0.0
0,0,0,0,0,31.0,2,0,0,0,1.0,0.0,0.0,2.259999990463257,3.755000114440918,1.0,0.0,0.0,0.0,0.0,0.0,0.0,3.0,2.0,0.0,0.0,0.0
0,1,0,0,0,27.0,0,0,0,0,0.0,1.0,0.0,16.270000457763672,83.53500366210938,0.0,0.0,0.0,0.0,1.0,0.0,0.0,1.0,1.0,0.0,0.0,0.0
0,0,0,0,0,19.0,1,0,1,0,1.0,0.0,0.0,7.230000019073486,59.720001220703125,1.0,0.0,0.0,0.0,0.0,0.0,0.0,4.0,3.0,0.0,0.0,0.0
0,1,0,0,0,29.0,1,1,0,0,0.0,0.0,1.0,9.829999923706055,50.527000427246094,0.0,0.0,0.0,1.0,1.0,0.0,1.0,2.0,3.0,1.0,0.0,0.0
0,0,0,0,0,30.0,1,1,0,0,0.0,0.0,1.0,9.829999923706055,86.78700256347656,2.0,0.0,0.0,0.0,1.0,0.0,0.0,0.0,3.0,1.0,0.0,0.0
1,1,0,0,0,23.0,2,0,0,0,0.0,0.0,0.0,3.4000000953674316,34.96500015258789,0.0,0.0,0.0,0.0,1.0,0.0,0.0,2.0,1.0,0.0,0.0,0.0
0,1,0,0,0,24.0,2,0,0,0,0.0,0.0,1.0,3.359999895095825,48.757999420166016,0.0,0.0,0.0,0.0,0.0,0.0,0.0,0.0,1.0,0.0,0.0,0.0
0,0,0,0,0,22.0,1,0,0,0,1.0,0.0,0.0,3.619999885559082,54.49599838256836,0.0,0.0,0.0,0.0,0.0,1.0,0.0,0.0,0.0,0.0,0.0,0.0
1,0,0,0,0,25.0,2,0,1,0,0.0,0.0,1.0,0.3100000023841858,32.867000579833984,1.0,1.0,0.0,1.0,0.0,1.0,1.0,1.0,1.0,2.0,1.0,0.0
1,0,0,0,0,26.0,2,0,1,0,0.0,0.0,1.0,0.3100000023841858,9.506999969482422,1.0,0.0,0.0,0.0,0.0,0.0,0.0,1.0,2.0,0.0,0.0,0.0
1,1,0,0,0,37.0,1,1,0,0,1.0,0.0,0.0,2.309999942779541,57.86399841308594,0.0,0.0,0.0,0.0,0.0,0.0,0.0,1.0,1.0,1.0,0.0,0.0
0,0,0,0,0,23.0,2,0,0,0,1.0,0.0,0.0,3.430000066757202,59.821998596191406,0.0,0.0,0.0,0.0,0.0,0.0,0.0,2.0,1.0,1.0,1.0,0.0
0,0,0,0,0,26.0,2,0,0,0,1.0,0.0,0.0,3.430000066757202,43.41600036621094,0.0,0.0,0.0,0.0,0.0,0.0,0.0,2.0,2.0,0.0,0.0,0.0
0,1,0,0,0,31.0,1,0,0,0,0.0,0.0,1.0,4.340000152587891,67.61399841308594,0.0,0.0,0.0,0.0,0.0,0.0,0.0,0.0,0.0,0.0,0.0,0.0
0,1,0,0,0,23.0,1,1,0,0,1.0,0.0,0.0,1.3799999952316284,38.23500061035156,1.0,2.0,1.0,0.0,1.0,0.0,0.0,2.0,1.0,1.0,0.0,1.0
1,0,0,0,0,26.0,1,1,0,0,1.0,0.0,0.0,1.3799999952316284,95.2979965209961,1.0,0.0,0.0,0.0,0.0,0.0,0.0,0.0,0.0,0.0,0.0,0.0
0,0,0,0,0,27.0,1,0,1,0,0.0,0.0,1.0,7.789999961853027,92.2969970703125,1.0,1.0,0.0,0.0,0.0,0.0,0.0,1.0,2.0,0.0,0.0,0.0
0,1,0,0,0,27.0,2,0,0,0,0.0,1.0,0.0,3.5799999237060547,90.96900177001953,0.0,0.0,0.0,0.0,0.0,0.0,0.0,0.0,1.0,0.0,0.0,0.0
0,1,0,1,0,29.0,1,1,0,0,0.0,0.0,1.0,5.429999828338623,71.72799682617188,0.0,0.0,0.0,0.0,0.0,0.0,0.0,0.0,1.0,0.0,0.0,0.0
0,1,0,1,0,33.0,1,1,0,0,0.0,0.0,1.0,5.429999828338623,21.590999603271484,0.0,1.0,0.0,0.0,0.0,0.0,1.0,0.0,2.0,1.0,0.0,0.0
1,1,0,0,0,22.0,1,1,0,0,0.0,1.0,0.0,3.5,45.56800079345703,1.0,1.0,0.0,0.0,1.0,0.0,0.0,0.0,0.0,0.0,0.0,0.0
0,0,0,0,0,35.0,2,0,0,0,0.0,0.0,1.0,8.680000305175781,46.52799987792969,0.0,0.0,0.0,0.0,1.0,1.0,0.0,0.0,0.0,0.0,0.0,0.0
1,0,0,0,0,18.0,1,1,0,0,0.0,1.0,0.0,0.47999998927116394,51.9109992980957,2.0,1.0,2.0,2.0,1.0,1.0,1.0,2.0,1.0,0.0,0.0,1.0
0,0,0,0,0,22.0,1,1,0,0,0.0,1.0,0.0,0.47999998927116394,20.03700065612793,0.0,0.0,0.0,0.0,1.0,0.0,0.0,4.0,4.0,4.0,0.0,0.0
0,1,0,0,0,21.0,1,0,0,0,0.0,1.0,0.0,3.0799999237060547,53.42499923706055,0.0,0.0,0.0,0.0,1.0,0.0,0.0,3.0,1.0,0.0,0.0,0.0
0,0,0,0,0,26.0,2,1,0,0,0.0,0.0,1.0,1.2400000095367432,87.00900268554688,1.0,1.0,0.0,0.0,0.0,0.0,0.0,0.0,1.0,1.0,0.0,1.0
0,0,0,0,0,30.0,2,1,0,0,0.0,0.0,1.0,1.2400000095367432,49.17399978637695,0.0,0.0,0.0,0.0,0.0,0.0,1.0,1.0,0.0,0.0,0.0,0.0
0,1,0,0,0,20.0,0,1,0,0,0.0,1.0,0.0,3.140000104904175,9.555999755859375,0.0,0.0,0.0,0.0,0.0,0.0,0.0,0.0,1.0,0.0,0.0,0.0
0,1,0,0,0,26.0,1,1,0,0,0.0,0.0,1.0,6.409999847412109,95.66300201416016,0.0,0.0,0.0,0.0,0.0,0.0,0.0,0.0,0.0,0.0,0.0,0.0
0,0,1,0,0,26.0,1,1,0,0,0.0,1.0,0.0,2.319999933242798,8.395000457763672,0.0,0.0,0.0,0.0,0.0,0.0,0.0,0.0,0.0,0.0,0.0,0.0
0,1,0,0,0,31.0,0,1,0,0,0.0,0.0,1.0,2.569999933242798,44.71900177001953,0.0,2.0,2.0,0.0,1.0,0.0,0.0,2.0,2.0,2.0,0.0,0.0
1,0,0,0,0,27.0,0,0,0,0,0.0,0.0,1.0,5.349999904632568,32.65700149536133,0.0,0.0,0.0,0.0,1.0,1.0,0.0,4.0,3.0,3.0,0.0,0.0
0,1,0,0,0,30.0,0,1,0,0,0.0,0.0,1.0,5.25,74.3280029296875,0.0,1.0,0.0,0.0,0.0,0.0,0.0,2.0,3.0,0.0,0.0,0.0
0,1,0,0,0,30.0,0,0,0,0,1.0,0.0,0.0,9.569999694824219,41.29999923706055,0.0,0.0,0.0,0.0,1.0,0.0,0.0,0.0,2.0,0.0,0.0,0.0
1,0,0,0,0,25.0,1,1,0,0,0.0,0.0,1.0,3.240000009536743,88.01599884033203,1.0,0.0,0.0,0.0,1.0,0.0,0.0,0.0,1.0,0.0,0.0,0.0
1,0,0,0,0,24.0,3,1,0,0,1.0,0.0,0.0,2.890000104904175,30.23200035095215,2.0,0.0,0.0,0.0,1.0,1.0,0.0,1.0,2.0,1.0,1.0,0.0
1,0,0,0,0,26.0,3,1,0,0,1.0,0.0,0.0,2.890000104904175,56.89099884033203,0.0,1.0,0.0,0.0,1.0,0.0,0.0,4.0,4.0,4.0,0.0,1.0
1,0,0,0,0,21.0,5,0,1,0,0.0,0.0,1.0,2.859999895095825,23.98200035095215,1.0,1.0,0.0,0.0,1.0,1.0,0.0,1.0,2.0,0.0,0.0,0.0
1,1,0,0,0,22.0,5,0,1,0,0.0,0.0,1.0,2.859999895095825,22.091999053955078,1.0,0.0,1.0,0.0,1.0,0.0,0.0,3.0,3.0,0.0,0.0,0.0
0,0,0,0,0,30.0,1,0,0,0,0.0,0.0,1.0,4.460000038146973,25.81999969482422,0.0,0.0,0.0,0.0,0.0,1.0,0.0,0.0,0.0,0.0,0.0,0.0
0,1,0,0,0,20.0,0,1,0,0,0.0,0.0,0.0,1.0700000524520874,24.823999404907227,0.0,1.0,0.0,0.0,0.0,0.0,0.0,2.0,3.0,4.0,0.0,0.0
0,1,0,0,0,21.0,7,0,0,0,0.0,1.0,0.0,2.069999933242798,89.56700134277344,0.0,0.0,0.0,0.0,1.0,0.0,0.0,0.0,0.0,0.0,0.0,0.0
0,0,0,0,0,22.0,7,0,0,0,0.0,1.0,0.0,2.069999933242798,72.37300109863281,0.0,0.0,0.0,0.0,2.0,2.0,0.0,0.0,0.0,0.0,0.0,0.0
0,0,0,0,0,24.0,7,0,0,0,0.0,1.0,0.0,2.069999933242798,86.55899810791016,0.0,0.0,0.0,0.0,2.0,3.0,0.0,0.0,0.0,0.0,1.0,0.0
0,1,0,0,0,23.0,1,0,0,0,0.0,0.0,0.0,6.21999979019165,29.97100067138672,0.0,0.0,0.0,0.0,0.0,0.0,0.0,1.0,1.0,1.0,0.0,0.0
0,1,0,0,0,28.0,2,0,0,0,1.0,0.0,0.0,1.3700000047683716,54.58300018310547,0.0,0.0,0.0,0.0,2.0,0.0,0.0,2.0,1.0,1.0,0.0,0.0
1,1,0,0,0,29.0,2,0,0,0,1.0,0.0,0.0,1.3700000047683716,19.590999603271484,1.0,1.0,2.0,0.0,0.0,0.0,2.0,4.0,3.0,3.0,0.0,0.0
1,1,0,0,0,22.0,2,1,0,0,0.0,1.0,0.0,1.7699999809265137,41.08399963378906,0.0,2.0,0.0,1.0,2.0,1.0,1.0,3.0,2.0,2.0,0.0,0.0
1,0,0,0,0,25.0,2,1,0,0,0.0,1.0,0.0,1.7699999809265137,22.010000228881836,1.0,1.0,0.0,1.0,2.0,2.0,0.0,3.0,2.0,2.0,1.0,0.0
1,0,0,0,0,18.0,2,0,1,0,0.0,1.0,0.0,1.3899999856948853,8.741999626159668,1.0,0.0,0.0,0.0,0.0,0.0,1.0,3.0,0.0,0.0,0.0,0.0
1,1,1,0,0,21.0,0,0,0,0,0.0,1.0,0.0,3.6500000953674316,4.828000068664551,2.0,0.0,0.0,0.0,1.0,0.0,0.0,1.0,1.0,0.0,0.0,0.0
1,0,1,0,0,20.0,0,1,0,0,0.0,0.0,0.0,2.190000057220459,6.876999855041504,0.0,0.0,0.0,0.0,0.0,0.0,0.0,1.0,1.0,3.0,1.0,0.0
1,0,1,0,0,22.0,1,0,1,0,0.0,0.0,1.0,0.7900000214576721,55.04999923706055,1.0,4.0,0.0,1.0,2.0,1.0,0.0,2.0,4.0,3.0,0.0,1.0
1,0,0,0,0,30.0,0,1,0,0,1.0,0.0,0.0,1.0,79.36399841308594,0.0,0.0,0.0,0.0,2.0,0.0,0.0,0.0,2.0,1.0,0.0,1.0
0,1,0,1,0,18.0,1,0,0,0,0.0,0.0,0.0,1.8899999856948853,27.60700035095215,0.0,0.0,0.0,0.0,1.0,0.0,0.0,0.0,0.0,0.0,0.0,0.0
1,1,0,1,0,28.0,0,1,0,0,0.0,0.0,0.0,0.46000000834465027,3.700000047683716,1.0,0.0,0.0,0.0,2.0,0.0,0.0,0.0,3.0,4.0,0.0,0.0
0,1,0,1,0,31.0,1,0,0,0,0.0,0.0,0.0,1.5199999809265137,13.362000465393066,1.0,0.0,0.0,0.0,1.0,0.0,0.0,0.0,3.0,0.0,0.0,0.0
0,1,0,1,0,23.0,4,0,0,0,0.0,0.0,0.0,0.5400000214576721,10.668999671936035,0.0,0.0,0.0,0.0,0.0,0.0,0.0,0.0,0.0,0.0,0.0,0.0
0,0,0,1,0,25.0,4,0,0,0,0.0,0.0,0.0,0.5400000214576721,16.861000061035156,0.0,0.0,0.0,0.0,2.0,0.0,0.0,0.0,1.0,0.0,0.0,0.0
0,1,0,1,0,23.0,2,0,1,0,0.0,0.0,0.0,1.149999976158142,12.411999702453613,0.0,0.0,0.0,0.0,2.0,0.0,0.0,2.0,0.0,0.0,0.0,0.0
1,0,0,1,0,34.0,5,0,0,0,0.0,0.0,0.0,1.1100000143051147,15.114999771118164,0.0,0.0,0.0,0.0,0.0,0.0,0.0,0.0,0.0,0.0,0.0,0.0
0,0,0,1,0,36.0,5,0,0,0,0.0,0.0,0.0,1.1100000143051147,22.72100067138672,0.0,0.0,0.0,0.0,0.0,0.0,0.0,0.0,0.0,0.0,0.0,0.0
0,1,0,1,0,34.0,1,1,0,0,0.0,0.0,0.0,0.7300000190734863,8.942999839782715,0.0,0.0,0.0,0.0,1.0,0.0,0.0,0.0,0.0,0.0,0.0,0.0
1,1,0,1,0,37.0,1,1,0,0,0.0,0.0,0.0,0.7300000190734863,24.128999710083008,0.0,0.0,0.0,0.0,0.0,0.0,0.0,0.0,4.0,0.0,1.0,0.0
0,1,0,1,0,25.0,0,1,0,0,0.0,0.0,0.0,1.850000023841858,21.684999465942383,0.0,3.0,0.0,0.0,1.0,0.0,0.0,0.0,2.0,0.0,0.0,0.0
0,1,0,1,0,22.0,1,0,1,0,1.0,0.0,0.0,4.840000152587891,48.96200180053711,0.0,0.0,0.0,0.0,1.0,0.0,0.0,1.0,2.0,0.0,0.0,0.0
0,0,0,1,0,21.0,3,0,0,0,0.0,0.0,0.0,1.190000057220459,19.11400032043457,0.0,0.0,0.0,0.0,1.0,0.0,0.0,1.0,1.0,1.0,0.0,0.0
1,1,0,1,0,33.0,2,1,0,0,0.0,0.0,0.0,0.5600000023841858,14.72700023651123,3.0,1.0,0.0,0.0,2.0,0.0,1.0,4.0,3.0,3.0,3.0,1.0
0,0,0,1,0,18.0,3,0,0,0,0.0,1.0,0.0,0.949999988079071,29.86400032043457,0.0,0.0,0.0,0.0,2.0,0.0,0.0,0.0,0.0,0.0,0.0,0.0
0,1,0,1,0,19.0,3,0,0,0,0.0,1.0,0.0,0.949999988079071,11.736000061035156,0.0,0.0,0.0,0.0,2.0,0.0,0.0,0.0,0.0,0.0,0.0,0.0
0,0,0,1,0,27.0,2,0,0,0,0.0,0.0,0.0,1.350000023841858,5.97599983215332,0.0,0.0,0.0,0.0,0.0,0.0,0.0,0.0,0.0,0.0,0.0,1.0
0,0,0,1,0,27.0,2,0,0,0,0.0,0.0,0.0,1.350000023841858,0.41200000047683716,0.0,0.0,0.0,0.0,1.0,0.0,0.0,0.0,0.0,0.0,0.0,1.0
0,1,0,1,0,29.0,2,0,0,0,0.0,1.0,0.0,2.940000057220459,82.96800231933594,0.0,0.0,0.0,0.0,1.0,0.0,0.0,1.0,1.0,0.0,0.0,0.0
0,0,0,1,0,35.0,2,0,0,0,0.0,0.0,0.0,1.5199999809265137,0.0,0.0,0.0,0.0,0.0,0.0,0.0,0.0,0.0,0.0,0.0,0.0,0.0
1,0,0,1,0,26.0,1,0,0,0,0.0,0.0,0.0,1.9500000476837158,9.04800033569336,2.0,0.0,1.0,0.0,1.0,0.0,1.0,2.0,2.0,2.0,1.0,1.0
1,1,0,1,0,25.0,3,0,0,0,0.0,0.0,0.0,1.0499999523162842,13.857999801635742,0.0,0.0,0.0,0.0,1.0,0.0,0.0,0.0,2.0,0.0,0.0,0.0
0,0,0,1,0,27.0,3,0,0,0,0.0,0.0,0.0,1.0499999523162842,24.590999603271484,0.0,0.0,0.0,0.0,0.0,0.0,0.0,0.0,0.0,0.0,0.0,1.0
1,0,0,1,0,37.0,1,0,0,0,0.0,1.0,0.0,3.5299999713897705,61.09299850463867,0.0,0.0,0.0,0.0,0.0,0.0,0.0,0.0,1.0,0.0,0.0,0.0
0,1,0,1,0,40.0,1,0,0,0,0.0,0.0,0.0,2.9700000286102295,80.12000274658203,0.0,0.0,0.0,0.0,1.0,0.0,0.0,2.0,2.0,0.0,1.0,0.0
0,0,0,1,0,30.0,2,0,0,0,0.0,0.0,0.0,1.0399999618530273,12.668999671936035,0.0,0.0,0.0,0.0,0.0,0.0,0.0,0.0,0.0,0.0,0.0,0.0
0,0,0,1,0,31.0,2,0,0,0,0.0,0.0,0.0,1.0399999618530273,48.03300094604492,0.0,0.0,0.0,0.0,1.0,0.0,0.0,0.0,0.0,0.0,0.0,0.0
0,0,0,1,0,21.0,2,0,0,0,1.0,0.0,0.0,2.190000057220459,1.9079999923706055,0.0,0.0,0.0,0.0,1.0,0.0,0.0,0.0,0.0,0.0,0.0,0.0
0,0,0,1,0,27.0,1,0,0,0,0.0,1.0,0.0,2.5899999141693115,40.50299835205078,0.0,0.0,0.0,0.0,0.0,0.0,0.0,1.0,1.0,1.0,0.0,0.0
0,1,0,1,0,17.0,1,0,1,0,1.0,0.0,0.0,1.659999966621399,15.293999671936035,0.0,0.0,0.0,0.0,0.0,0.0,0.0,0.0,2.0,1.0,0.0,0.0
0,1,0,1,0,22.0,0,1,0,0,1.0,0.0,0.0,0.0,67.91100311279297,0.0,0.0,0.0,0.0,0.0,0.0,0.0,0.0,1.0,0.0,0.0,0.0
0,1,0,1,0,34.0,1,1,0,0,0.0,1.0,0.0,2.5299999713897705,72.30899810791016,0.0,2.0,0.0,0.0,0.0,0.0,0.0,3.0,3.0,2.0,0.0,0.0
0,0,0,1,0,20.0,0,0,0,0,0.0,0.0,0.0,2.380000114440918,21.583999633789062,0.0,0.0,0.0,0.0,0.0,0.0,0.0,0.0,1.0,0.0,0.0,0.0
0,1,0,1,0,24.0,3,1,0,0,0.0,0.0,0.0,0.7099999785423279,67.83499908447266,0.0,0.0,0.0,0.0,1.0,0.0,0.0,1.0,1.0,0.0,0.0,0.0
1,0,0,1,0,24.0,1,0,0,0,0.0,0.0,0.0,1.1699999570846558,1.6059999465942383,2.0,0.0,1.0,0.0,1.0,0.0,0.0,0.0,0.0,0.0,0.0,1.0
0,0,0,1,0,21.0,4,0,0,0,0.0,0.0,0.0,1.2300000190734863,14.038000106811523,1.0,0.0,0.0,0.0,1.0,0.0,0.0,0.0,0.0,0.0,0.0,0.0
0,0,0,1,0,27.0,0,0,0,0,0.0,0.0,1.0,5.539999961853027,45.35200119018555,0.0,0.0,0.0,0.0,2.0,1.0,0.0,0.0,1.0,1.0,0.0,0.0
0,1,0,1,0,23.0,4,1,0,0,0.0,0.0,0.0,0.4300000071525574,33.07899856567383,0.0,0.0,0.0,0.0,1.0,0.0,0.0,0.0,0.0,0.0,0.0,0.0
0,1,0,1,0,25.0,4,1,0,0,0.0,0.0,0.0,0.4300000071525574,25.409000396728516,0.0,0.0,0.0,0.0,1.0,0.0,0.0,0.0,0.0,0.0,0.0,0.0
0,0,0,1,0,26.0,4,1,0,0,0.0,0.0,0.0,0.4300000071525574,5.045000076293945,0.0,0.0,0.0,0.0,1.0,0.0,0.0,0.0,1.0,0.0,0.0,0.0
0,1,0,1,0,31.0,1,1,0,0,0.0,0.0,0.0,0.6100000143051147,30.67300033569336,1.0,2.0,0.0,0.0,1.0,0.0,0.0,0.0,2.0,1.0,0.0,0.0
0,0,0,1,0,30.0,0,0,0,0,0.0,0.0,0.0,1.2799999713897705,19.718000411987305,0.0,0.0,0.0,0.0,1.0,0.0,0.0,0.0,2.0,0.0,0.0,0.0
0,1,0,1,0,21.0,2,0,0,0,0.0,0.0,0.0,0.75,10.760000228881836,0.0,0.0,0.0,0.0,0.0,0.0,0.0,0.0,0.0,0.0,0.0,0.0
0,1,0,1,0,23.0,1,0,0,0,1.0,0.0,0.0,4.510000228881836,25.882999420166016,0.0,1.0,0.0,0.0,1.0,0.0,0.0,1.0,1.0,0.0,0.0,0.0
0,1,0,1,0,29.0,0,0,1,0,0.0,1.0,0.0,6.320000171661377,42.917999267578125,0.0,0.0,0.0,0.0,0.0,0.0,0.0,0.0,0.0,0.0,0.0,0.0
0,0,0,1,0,31.0,3,0,0,0,1.0,0.0,0.0,4.210000038146973,11.218999862670898,0.0,0.0,0.0,0.0,0.0,0.0,0.0,0.0,2.0,0.0,0.0,0.0
1,0,1,0,0,18.0,0,1,0,0,0.0,1.0,0.0,0.05999999865889549,39.8120002746582,2.0,1.0,0.0,0.0,1.0,0.0,1.0,2.0,2.0,0.0,0.0,0.0
1,1,0,1,0,22.0,2,0,0,0,0.0,0.0,0.0,1.409999966621399,28.281999588012695,0.0,0.0,0.0,0.0,1.0,0.0,1.0,1.0,2.0,0.0,0.0,0.0
1,0,0,1,0,20.0,2,0,0,0,1.0,0.0,0.0,1.8700000047683716,72.7509994506836,0.0,2.0,0.0,0.0,1.0,0.0,0.0,0.0,1.0,0.0,0.0,0.0
1,1,0,1,0,24.0,2,0,0,0,1.0,0.0,0.0,1.8700000047683716,16.274999618530273,0.0,0.0,0.0,0.0,2.0,0.0,0.0,0.0,0.0,0.0,0.0,0.0
1,1,0,1,0,24.0,3,0,0,0,1.0,0.0,0.0,2.2899999618530273,48.72700119018555,0.0,3.0,0.0,0.0,2.0,0.0,1.0,0.0,4.0,2.0,0.0,0.0
1,1,0,1,0,28.0,3,0,0,0,0.0,0.0,0.0,1.7899999618530273,12.628999710083008,0.0,2.0,0.0,0.0,2.0,1.0,2.0,4.0,4.0,4.0,1.0,0.0
0,0,0,1,0,22.0,3,0,0,0,0.0,0.0,0.0,0.5699999928474426,13.708999633789062,0.0,0.0,0.0,0.0,1.0,0.0,0.0,0.0,1.0,0.0,0.0,0.0
1,1,0,1,0,25.0,3,0,0,0,0.0,0.0,0.0,0.5699999928474426,23.31599998474121,3.0,0.0,0.0,0.0,2.0,0.0,0.0,3.0,4.0,3.0,2.0,0.0
0,1,1,0,0,21.0,1,0,0,0,1.0,0.0,0.0,3.5199999809265137,51.23899841308594,0.0,2.0,1.0,0.0,1.0,0.0,0.0,2.0,1.0,1.0,0.0,0.0
1,0,1,0,0,23.0,1,0,0,0,1.0,0.0,0.0,3.5199999809265137,12.14799976348877,1.0,1.0,1.0,0.0,1.0,0.0,1.0,3.0,2.0,2.0,1.0,0.0
0,1,0,1,0,18.0,4,0,0,0,0.0,0.0,0.0,0.6399999856948853,0.621999979019165,0.0,0.0,0.0,0.0,1.0,0.0,0.0,0.0,0.0,0.0,0.0,0.0
1,0,0,1,0,21.0,2,0,0,0,0.0,1.0,0.0,1.1200000047683716,47.61800003051758,0.0,0.0,0.0,0.0,1.0,0.0,0.0,0.0,1.0,0.0,0.0,0.0
0,1,0,1,0,22.0,3,1,0,0,1.0,0.0,0.0,0.8500000238418579,13.664999961853027,0.0,0.0,0.0,0.0,0.0,0.0,0.0,0.0,2.0,0.0,0.0,0.0
1,0,0,1,0,24.0,3,0,0,0,0.0,0.0,0.0,1.4199999570846558,76.67900085449219,0.0,0.0,0.0,0.0,1.0,0.0,0.0,0.0,0.0,0.0,0.0,0.0
0,1,0,1,0,27.0,3,0,0,0,0.0,0.0,0.0,1.4199999570846558,7.910999774932861,0.0,0.0,0.0,0.0,1.0,0.0,0.0,0.0,0.0,0.0,0.0,0.0
0,1,1,0,0,26.0,1,0,0,0,0.0,1.0,0.0,0.3100000023841858,37.22999954223633,0.0,0.0,0.0,0.0,0.0,0.0,1.0,0.0,1.0,0.0,0.0,0.0
1,0,0,1,0,20.0,3,1,0,0,1.0,0.0,0.0,0.23999999463558197,51.93000030517578,3.0,2.0,2.0,3.0,2.0,2.0,0.0,2.0,2.0,1.0,1.0,1.0
0,0,1,0,0,23.0,4,0,0,0,1.0,0.0,0.0,1.190000057220459,0.6840000152587891,0.0,0.0,1.0,1.0,2.0,2.0,0.0,1.0,1.0,1.0,0.0,0.0
1,0,0,1,0,34.0,0,0,0,0,0.0,0.0,1.0,1.4299999475479126,13.67300033569336,0.0,0.0,0.0,0.0,2.0,0.0,0.0,0.0,2.0,0.0,0.0,0.0
0,0,0,1,0,20.0,0,0,0,0,1.0,0.0,0.0,1.5700000524520874,6.5289998054504395,0.0,2.0,0.0,0.0,0.0,0.0,1.0,1.0,1.0,0.0,0.0,0.0
0,0,0,1,0,38.0,1,0,0,0,0.0,1.0,0.0,0.6000000238418579,72.89600372314453,0.0,0.0,0.0,0.0,0.0,0.0,0.0,0.0,0.0,0.0,0.0,0.0
1,0,1,0,0,24.0,2,0,1,0,0.0,1.0,0.0,1.3600000143051147,3.5199999809265137,0.0,0.0,0.0,0.0,0.0,0.0,0.0,1.0,1.0,0.0,0.0,1.0
1,0,1,0,0,28.0,1,0,0,0,0.0,1.0,0.0,3.7699999809265137,27.214000701904297,1.0,0.0,0.0,0.0,1.0,0.0,1.0,1.0,0.0,1.0,0.0,0.0
1,0,1,0,0,24.0,2,1,0,0,0.0,1.0,0.0,1.1299999952316284,8.390999794006348,0.0,0.0,0.0,0.0,1.0,0.0,0.0,2.0,1.0,0.0,0.0,0.0
0,0,1,0,0,25.0,2,1,0,0,0.0,1.0,0.0,1.1299999952316284,17.601999282836914,2.0,1.0,0.0,0.0,1.0,0.0,0.0,0.0,0.0,0.0,0.0,0.0
1,0,1,0,0,27.0,2,1,0,0,0.0,1.0,0.0,0.8399999737739563,4.494999885559082,0.0,0.0,0.0,0.0,2.0,2.0,0.0,2.0,1.0,2.0,0.0,1.0
0,0,1,0,0,19.0,3,0,1,0,0.0,1.0,0.0,1.0,8.069999694824219,0.0,0.0,0.0,0.0,1.0,0.0,0.0,1.0,0.0,0.0,0.0,1.0
1,1,1,0,0,15.0,3,1,0,0,1.0,0.0,0.0,0.8100000023841858,59.69900131225586,0.0,0.0,0.0,0.0,1.0,0.0,0.0,0.0,0.0,0.0,0.0,1.0
1,0,1,0,0,17.0,3,1,0,0,1.0,0.0,0.0,0.8100000023841858,7.135000228881836,1.0,1.0,1.0,0.0,1.0,2.0,1.0,0.0,0.0,2.0,1.0,0.0
0,0,1,0,0,28.0,1,1,0,0,0.0,0.0,0.0,1.4500000476837158,30.420000076293945,2.0,0.0,0.0,0.0,1.0,1.0,0.0,0.0,1.0,0.0,0.0,0.0
0,1,1,0,0,20.0,2,0,1,0,1.0,0.0,0.0,0.8500000238418579,16.06999969482422,0.0,1.0,1.0,0.0,0.0,0.0,0.0,3.0,1.0,1.0,0.0,1.0
1,1,1,0,0,16.0,6,1,0,0,0.0,0.0,0.0,0.029999999329447746,20.990999221801758,0.0,0.0,0.0,0.0,1.0,0.0,0.0,0.0,0.0,0.0,0.0,1.0
1,1,1,0,0,17.0,6,1,0,0,0.0,0.0,0.0,0.029999999329447746,33.494998931884766,2.0,0.0,0.0,0.0,2.0,0.0,0.0,0.0,1.0,0.0,0.0,0.0
1,1,1,0,0,19.0,6,1,0,0,0.0,0.0,0.0,0.029999999329447746,14.826000213623047,0.0,1.0,0.0,0.0,3.0,1.0,1.0,1.0,2.0,2.0,0.0,1.0
0,0,1,0,0,18.0,1,0,1,0,1.0,0.0,0.0,1.2599999904632568,43.52000045776367,0.0,0.0,0.0,0.0,1.0,0.0,0.0,0.0,0.0,0.0,0.0,0.0
0,0,1,0,0,22.0,1,0,1,0,1.0,0.0,0.0,1.2599999904632568,16.16900062561035,0.0,0.0,0.0,0.0,1.0,0.0,0.0,0.0,0.0,0.0,0.0,0.0
0,0,1,0,0,22.0,2,1,0,0,0.0,1.0,0.0,2.0,59.09600067138672,0.0,1.0,0.0,0.0,1.0,0.0,0.0,0.0,0.0,0.0,0.0,0.0
0,1,1,0,0,25.0,2,1,0,0,0.0,1.0,0.0,2.0,59.31100082397461,0.0,0.0,0.0,0.0,2.0,0.0,0.0,0.0,0.0,0.0,0.0,0.0
1,1,1,0,0,28.0,6,0,0,0,1.0,0.0,0.0,0.38999998569488525,45.85599899291992,0.0,0.0,0.0,0.0,2.0,0.0,0.0,0.0,0.0,0.0,0.0,0.0
1,1,1,0,0,29.0,6,0,0,0,1.0,0.0,0.0,0.38999998569488525,42.75199890136719,1.0,0.0,0.0,0.0,2.0,0.0,0.0,0.0,0.0,0.0,0.0,0.0
0,0,1,0,0,28.0,0,1,0,0,1.0,0.0,0.0,0.0,19.343000411987305,0.0,0.0,0.0,0.0,2.0,1.0,0.0,0.0,1.0,1.0,0.0,1.0
1,1,1,0,0,24.0,1,1,0,0,1.0,0.0,0.0,0.4699999988079071,14.491000175476074,1.0,0.0,0.0,0.0,2.0,0.0,0.0,0.0,1.0,1.0,0.0,0.0
1,0,0,1,0,24.0,1,0,0,0,0.0,0.0,0.0,2.7799999713897705,27.82200050354004,3.0,3.0,0.0,0.0,2.0,1.0,0.0,1.0,2.0,0.0,0.0,0.0
0,1,0,1,0,26.0,1,0,0,0,0.0,0.0,0.0,0.0,16.979000091552734,0.0,0.0,0.0,0.0,1.0,0.0,0.0,0.0,1.0,0.0,0.0,0.0
0,0,0,1,0,21.0,4,1,0,0,0.0,0.0,0.0,0.0,31.937999725341797,0.0,0.0,0.0,0.0,1.0,0.0,0.0,0.0,0.0,0.0,0.0,0.0
1,0,1,0,0,24.0,1,1,0,0,0.0,1.0,0.0,1.840000033378601,6.284999847412109,2.0,0.0,0.0,2.0,2.0,1.0,0.0,1.0,1.0,1.0,0.0,1.0
1,1,1,0,0,25.0,1,1,0,0,0.0,1.0,0.0,1.840000033378601,24.32200050354004,0.0,2.0,0.0,0.0,1.0,0.0,0.0,2.0,2.0,1.0,0.0,1.0
0,1,1,0,0,34.0,0,1,0,0,0.0,1.0,0.0,1.940000057220459,23.361000061035156,0.0,0.0,0.0,0.0,1.0,0.0,0.0,0.0,1.0,0.0,0.0,0.0
0,0,1,0,0,24.0,1,1,0,0,1.0,0.0,0.0,1.8899999856948853,8.074000358581543,0.0,0.0,0.0,0.0,1.0,0.0,0.0,0.0,0.0,0.0,0.0,0.0
1,0,1,0,0,27.0,1,1,0,0,1.0,0.0,0.0,1.8899999856948853,7.710000038146973,0.0,0.0,0.0,0.0,2.0,1.0,0.0,1.0,4.0,1.0,1.0,0.0
0,1,0,1,0,29.0,2,0,0,0,0.0,1.0,0.0,0.9300000071525574,6.172999858856201,0.0,0.0,1.0,0.0,1.0,0.0,0.0,1.0,0.0,0.0,0.0,0.0
0,0,0,1,0,23.0,5,0,0,0,0.0,0.0,0.0,2.5999999046325684,4.928999900817871,0.0,0.0,0.0,0.0,1.0,0.0,0.0,0.0,1.0,1.0,0.0,0.0
1,1,0,1,0,27.0,5,0,0,0,0.0,0.0,0.0,2.5999999046325684,14.416000366210938,0.0,0.0,0.0,0.0,2.0,0.0,0.0,0.0,1.0,0.0,0.0,0.0
0,1,0,1,0,39.0,4,0,0,0,0.0,0.0,0.0,1.9900000095367432,8.567000389099121,0.0,1.0,0.0,0.0,2.0,0.0,0.0,0.0,0.0,0.0,0.0,0.0
0,1,0,1,0,21.0,2,1,0,0,0.0,0.0,0.0,3.3299999237060547,47.11399841308594,0.0,0.0,0.0,0.0,1.0,0.0,0.0,0.0,2.0,0.0,0.0,0.0
0,0,1,0,0,39.0,5,0,0,0,0.0,1.0,0.0,2.4800000190734863,30.288000106811523,0.0,0.0,0.0,0.0,1.0,0.0,0.0,1.0,0.0,1.0,0.0,0.0
0,1,1,0,0,31.0,0,0,1,0,0.0,0.0,1.0,5.650000095367432,99.22000122070312,0.0,0.0,0.0,0.0,0.0,0.0,0.0,0.0,0.0,0.0,0.0,0.0
0,0,1,0,0,19.0,1,1,0,0,0.0,0.0,0.0,1.4199999570846558,5.264999866485596,0.0,0.0,0.0,0.0,1.0,0.0,0.0,0.0,0.0,0.0,0.0,0.0
0,1,1,0,0,23.0,1,1,0,0,1.0,0.0,0.0,2.3299999237060547,30.71299934387207,0.0,0.0,0.0,0.0,1.0,0.0,0.0,0.0,0.0,0.0,0.0,0.0
0,1,1,0,0,18.0,6,0,1,0,1.0,0.0,0.0,2.450000047683716,14.678999900817871,0.0,1.0,0.0,0.0,0.0,0.0,0.0,0.0,0.0,0.0,0.0,0.0
0,0,1,0,0,19.0,2,0,1,0,0.0,1.0,0.0,0.0,45.76900100708008,0.0,0.0,0.0,0.0,0.0,0.0,0.0,0.0,0.0,0.0,0.0,0.0
0,0,1,0,0,18.0,4,1,0,0,1.0,0.0,0.0,0.0,45.04600143432617,0.0,0.0,0.0,0.0,2.0,0.0,0.0,0.0,0.0,0.0,0.0,0.0
0,1,0,1,0,29.0,1,1,0,0,0.0,1.0,0.0,1.600000023841858,9.79699993133545,0.0,0.0,0.0,0.0,1.0,0.0,0.0,0.0,1.0,0.0,0.0,0.0
0,1,0,1,0,21.0,2,1,0,0,0.0,0.0,0.0,0.0,15.468999862670898,0.0,0.0,0.0,0.0,1.0,0.0,1.0,3.0,3.0,2.0,0.0,0.0
0,1,0,1,0,17.0,0,1,0,0,0.0,1.0,0.0,3.009999990463257,43.39400100708008,0.0,0.0,0.0,0.0,2.0,0.0,0.0,1.0,3.0,0.0,0.0,0.0
1,0,0,1,0,19.0,2,0,0,0,0.0,1.0,0.0,1.1200000047683716,60.97999954223633,1.0,1.0,0.0,0.0,1.0,0.0,0.0,0.0,1.0,0.0,0.0,0.0
1,0,0,1,0,21.0,1,0,1,0,0.0,0.0,0.0,0.1599999964237213,10.487000465393066,1.0,1.0,0.0,0.0,1.0,0.0,3.0,1.0,2.0,2.0,0.0,1.0
0,1,0,1,0,18.0,2,0,1,0,0.0,0.0,0.0,2.2899999618530273,46.13399887084961,1.0,0.0,0.0,0.0,1.0,0.0,0.0,1.0,0.0,0.0,0.0,0.0
0,1,0,1,0,19.0,2,0,1,0,0.0,0.0,0.0,2.2899999618530273,70.94499969482422,0.0,0.0,0.0,0.0,0.0,0.0,0.0,0.0,0.0,0.0,0.0,0.0
1,0,1,0,0,30.0,0,0,0,0,0.0,0.0,1.0,5.940000057220459,29.02400016784668,1.0,2.0,0.0,1.0,0.0,0.0,1.0,4.0,2.0,1.0,0.0,0.0
0,1,1,0,0,30.0,1,1,0,0,1.0,0.0,0.0,2.2899999618530273,40.19300079345703,0.0,0.0,0.0,0.0,1.0,0.0,0.0,0.0,0.0,0.0,0.0,0.0
0,0,0,1,0,26.0,1,1,0,0,0.0,0.0,0.0,0.09000000357627869,19.68899917602539,0.0,1.0,0.0,0.0,0.0,0.0,0.0,1.0,0.0,0.0,0.0,1.0
0,1,0,1,0,28.0,1,1,0,0,1.0,0.0,0.0,1.0,51.448001861572266,0.0,0.0,0.0,0.0,0.0,0.0,0.0,2.0,2.0,0.0,0.0,0.0
0,1,1,0,0,35.0,1,0,0,0,0.0,1.0,0.0,3.6500000953674316,20.361000061035156,0.0,1.0,0.0,0.0,0.0,0.0,0.0,0.0,1.0,0.0,0.0,0.0
1,0,0,1,0,40.0,0,0,0,0,1.0,0.0,0.0,1.6799999475479126,19.191999435424805,1.0,0.0,0.0,0.0,2.0,1.0,0.0,3.0,2.0,1.0,0.0,1.0
0,1,1,0,0,40.0,4,0,0,0,0.0,1.0,0.0,0.7200000286102295,62.0880012512207,0.0,0.0,0.0,0.0,1.0,0.0,0.0,0.0,0.0,0.0,0.0,0.0
1,0,0,1,0,39.0,2,1,0,0,1.0,0.0,0.0,0.5,2.8499999046325684,1.0,2.0,2.0,1.0,1.0,0.0,1.0,1.0,1.0,1.0,0.0,0.0
0,1,1,0,0,34.0,1,0,0,0,1.0,0.0,0.0,1.8899999856948853,58.46200180053711,0.0,1.0,0.0,0.0,1.0,0.0,0.0,2.0,4.0,1.0,0.0,0.0
0,1,1,0,0,30.0,1,0,0,0,1.0,0.0,0.0,1.9800000190734863,67.27200317382812,0.0,0.0,0.0,0.0,0.0,0.0,0.0,0.0,3.0,0.0,0.0,0.0
0,0,1,0,0,20.0,2,1,0,0,1.0,0.0,0.0,0.30000001192092896,25.81100082397461,0.0,0.0,0.0,0.0,0.0,0.0,0.0,0.0,0.0,0.0,0.0,0.0
1,0,1,0,0,22.0,0,0,1,0,1.0,0.0,0.0,2.6500000953674316,21.030000686645508,0.0,0.0,0.0,0.0,1.0,0.0,0.0,0.0,2.0,0.0,0.0,0.0
1,0,1,0,0,40.0,0,1,0,0,0.0,1.0,0.0,0.0,41.0890007019043,3.0,2.0,0.0,2.0,0.0,1.0,0.0,1.0,2.0,1.0,0.0,1.0
0,0,0,1,0,26.0,3,0,0,0,0.0,0.0,0.0,1.6200000047683716,35.494998931884766,0.0,0.0,0.0,0.0,0.0,0.0,0.0,0.0,0.0,0.0,0.0,0.0
0,0,0,1,0,28.0,3,0,0,0,0.0,0.0,0.0,1.6200000047683716,37.03099822998047,0.0,0.0,0.0,0.0,0.0,0.0,0.0,0.0,0.0,0.0,0.0,0.0
0,1,0,1,0,21.0,3,0,1,0,0.0,1.0,0.0,0.6899999976158142,82.4800033569336,0.0,0.0,0.0,0.0,1.0,0.0,0.0,0.0,0.0,0.0,0.0,0.0
0,1,0,1,0,38.0,0,0,0,0,1.0,0.0,0.0,3.049999952316284,63.58300018310547,0.0,0.0,0.0,0.0,0.0,0.0,0.0,1.0,0.0,0.0,0.0,0.0
1,1,1,0,0,24.0,0,1,0,0,1.0,0.0,0.0,1.3799999952316284,10.98799991607666,0.0,0.0,0.0,0.0,1.0,0.0,0.0,1.0,2.0,1.0,0.0,0.0
0,1,0,1,0,19.0,1,1,0,0,0.0,0.0,0.0,0.949999988079071,68.76599884033203,0.0,0.0,0.0,0.0,0.0,0.0,0.0,0.0,0.0,0.0,0.0,0.0
0,0,1,0,0,21.0,1,0,0,0,0.0,1.0,0.0,4.239999771118164,67.76599884033203,0.0,0.0,0.0,0.0,1.0,0.0,0.0,0.0,0.0,0.0,0.0,0.0
1,1,1,0,0,22.0,2,0,0,0,0.0,0.0,1.0,4.820000171661377,86.12200164794922,0.0,1.0,0.0,0.0,0.0,0.0,0.0,0.0,1.0,0.0,0.0,0.0
1,0,1,0,0,29.0,0,1,0,0,0.0,1.0,0.0,2.6500000953674316,62.25899887084961,1.0,1.0,1.0,1.0,1.0,1.0,1.0,0.0,1.0,1.0,0.0,0.0
1,0,0,1,0,35.0,0,1,0,0,1.0,0.0,0.0,0.0,31.344999313354492,1.0,0.0,0.0,0.0,1.0,1.0,0.0,3.0,2.0,2.0,1.0,0.0
0,0,1,0,0,34.0,0,1,0,0,1.0,0.0,0.0,0.5799999833106995,7.563000202178955,0.0,0.0,0.0,0.0,0.0,0.0,0.0,0.0,0.0,0.0,0.0,0.0
0,1,1,0,0,14.0,1,0,1,0,0.0,0.0,1.0,2.890000104904175,18.52400016784668,0.0,0.0,0.0,0.0,0.0,0.0,0.0,0.0,1.0,0.0,0.0,0.0
0,1,0,1,0,21.0,2,1,0,0,0.0,1.0,0.0,0.1899999976158142,6.920000076293945,0.0,0.0,0.0,0.0,1.0,0.0,0.0,0.0,0.0,0.0,0.0,0.0
1,0,1,0,0,17.0,2,1,0,0,0.0,0.0,0.0,0.3100000023841858,3.122999906539917,2.0,1.0,1.0,1.0,0.0,2.0,1.0,2.0,1.0,2.0,0.0,0.0
0,1,0,1,0,37.0,1,0,0,0,0.0,0.0,1.0,1.6200000047683716,33.68600082397461,0.0,0.0,0.0,0.0,1.0,0.0,0.0,0.0,0.0,0.0,0.0,0.0
0,0,0,1,0,26.0,3,0,0,0,1.0,0.0,0.0,1.5399999618530273,19.986000061035156,0.0,1.0,0.0,0.0,1.0,0.0,0.0,1.0,1.0,1.0,0.0,1.0
0,0,0,1,0,24.0,1,0,0,0,1.0,0.0,0.0,2.5299999713897705,66.06800079345703,0.0,0.0,0.0,0.0,1.0,0.0,0.0,0.0,0.0,0.0,0.0,0.0
0,1,0,1,0,25.0,3,0,0,0,0.0,0.0,0.0,0.6700000166893005,31.30900001525879,0.0,0.0,0.0,0.0,1.0,0.0,0.0,0.0,0.0,0.0,0.0,0.0
1,1,0,1,0,28.0,3,0,0,0,0.0,0.0,0.0,0.6700000166893005,47.24800109863281,0.0,0.0,0.0,0.0,3.0,1.0,0.0,0.0,1.0,0.0,0.0,0.0
0,1,0,1,0,25.0,2,0,0,0,0.0,0.0,0.0,0.1599999964237213,12.517000198364258,0.0,0.0,0.0,0.0,2.0,0.0,0.0,0.0,4.0,0.0,0.0,0.0
1,0,0,1,0,23.0,3,0,0,0,0.0,1.0,0.0,1.5,42.391998291015625,0.0,1.0,0.0,0.0,2.0,1.0,0.0,0.0,1.0,0.0,0.0,0.0
0,1,0,1,0,23.0,3,0,0,0,0.0,1.0,0.0,1.5,10.27299976348877,0.0,0.0,0.0,0.0,1.0,0.0,0.0,0.0,2.0,0.0,0.0,0.0
1,0,0,1,0,37.0,1,1,0,0,1.0,0.0,0.0,1.190000057220459,27.51099967956543,2.0,2.0,1.0,0.0,1.0,0.0,0.0,1.0,2.0,1.0,0.0,1.0
0,1,0,1,0,36.0,2,0,0,0,0.0,1.0,0.0,1.2999999523162842,26.41900062561035,0.0,0.0,0.0,0.0,2.0,0.0,0.0,0.0,0.0,0.0,0.0,0.0
0,0,0,1,0,31.0,1,1,0,0,1.0,0.0,0.0,0.7900000214576721,49.00299835205078,2.0,2.0,2.0,2.0,1.0,1.0,0.0,2.0,1.0,1.0,1.0,1.0
0,1,0,1,0,31.0,1,1,0,0,1.0,0.0,0.0,0.7900000214576721,11.986000061035156,0.0,1.0,1.0,0.0,1.0,0.0,0.0,1.0,1.0,1.0,0.0,0.0
0,1,0,1,0,31.0,0,1,0,0,1.0,0.0,0.0,2.569999933242798,38.71799850463867,1.0,0.0,0.0,0.0,0.0,0.0,1.0,2.0,1.0,0.0,0.0,0.0
1,0,0,1,0,15.0,4,1,0,0,1.0,0.0,0.0,0.15000000596046448,15.359999656677246,1.0,0.0,0.0,0.0,2.0,0.0,0.0,0.0,2.0,0.0,0.0,1.0
0,1,0,1,0,28.0,2,0,0,0,0.0,1.0,0.0,6.880000114440918,33.9010009765625,0.0,0.0,0.0,0.0,1.0,0.0,0.0,0.0,1.0,0.0,0.0,0.0
0,0,0,1,0,31.0,2,0,0,0,0.0,1.0,0.0,6.880000114440918,74.94000244140625,2.0,1.0,0.0,0.0,1.0,1.0,0.0,0.0,1.0,0.0,1.0,0.0
0,1,0,1,0,25.0,2,0,0,0,0.0,0.0,1.0,3.1500000953674316,39.3380012512207,0.0,0.0,0.0,0.0,1.0,0.0,0.0,2.0,2.0,0.0,0.0,0.0
0,1,0,1,0,27.0,1,0,0,0,0.0,0.0,1.0,5.119999885559082,14.343000411987305,0.0,1.0,0.0,0.0,0.0,0.0,0.0,0.0,4.0,0.0,0.0,0.0
1,0,0,1,0,28.0,2,0,0,0,0.0,0.0,1.0,5.110000133514404,24.878000259399414,0.0,0.0,0.0,0.0,1.0,0.0,0.0,0.0,0.0,0.0,0.0,0.0
0,1,0,1,0,35.0,0,0,0,0,1.0,0.0,0.0,2.0,9.9399995803833,0.0,0.0,0.0,0.0,0.0,0.0,0.0,0.0,1.0,0.0,0.0,0.0
1,1,1,0,0,17.0,1,1,0,0,1.0,0.0,0.0,0.7699999809265137,17.90999984741211,0.0,0.0,0.0,0.0,0.0,0.0,0.0,1.0,1.0,0.0,0.0,0.0
0,1,0,1,0,27.0,0,1,0,0,1.0,0.0,0.0,1.659999966621399,71.26100158691406,0.0,0.0,0.0,0.0,1.0,0.0,0.0,0.0,1.0,0.0,0.0,0.0
0,1,0,1,0,32.0,3,0,0,0,0.0,0.0,0.0,0.0,2.2699999809265137,0.0,0.0,0.0,0.0,1.0,0.0,0.0,1.0,0.0,0.0,0.0,0.0
0,0,0,1,0,35.0,2,0,0,0,0.0,0.0,0.0,0.0,8.895999908447266,0.0,0.0,0.0,0.0,1.0,0.0,0.0,1.0,1.0,1.0,0.0,0.0
0,0,1,0,0,35.0,0,1,0,0,0.0,0.0,1.0,16.270000457763672,59.36000061035156,0.0,1.0,0.0,0.0,0.0,0.0,0.0,0.0,1.0,1.0,0.0,0.0
0,0,0,1,0,20.0,4,1,0,0,0.0,0.0,1.0,1.590000033378601,54.439998626708984,0.0,1.0,0.0,0.0,1.0,0.0,0.0,1.0,0.0,0.0,0.0,0.0
0,1,0,1,0,22.0,4,1,0,0,0.0,0.0,1.0,1.590000033378601,65.08399963378906,1.0,0.0,0.0,0.0,1.0,0.0,2.0,2.0,2.0,1.0,0.0,1.0
1,1,0,1,0,23.0,4,1,0,0,0.0,0.0,1.0,1.590000033378601,48.83700180053711,2.0,1.0,0.0,0.0,2.0,0.0,1.0,4.0,4.0,3.0,2.0,0.0
1,1,0,1,0,37.0,0,0,0,0,1.0,0.0,0.0,2.380000114440918,56.555999755859375,0.0,0.0,0.0,0.0,1.0,0.0,0.0,1.0,1.0,0.0,0.0,0.0
0,0,0,1,0,24.0,1,1,0,0,0.0,0.0,0.0,1.0700000524520874,37.94300079345703,2.0,0.0,0.0,1.0,0.0,0.0,0.0,0.0,1.0,1.0,0.0,0.0
0,0,0,1,0,20.0,2,0,0,0,0.0,0.0,0.0,0.949999988079071,16.506000518798828,2.0,2.0,0.0,3.0,0.0,1.0,0.0,4.0,3.0,3.0,1.0,0.0
0,1,0,1,0,16.0,2,0,0,0,0.0,1.0,0.0,1.1200000047683716,56.41999816894531,0.0,0.0,0.0,0.0,1.0,1.0,0.0,3.0,2.0,1.0,0.0,0.0
0,1,0,1,0,30.0,2,0,0,0,0.0,0.0,1.0,3.630000114440918,29.003000259399414,0.0,0.0,0.0,0.0,0.0,0.0,0.0,1.0,1.0,0.0,0.0,0.0
1,0,1,0,0,31.0,7,1,0,0,1.0,0.0,0.0,0.3199999928474426,1.1339999437332153,2.0,1.0,1.0,0.0,0.0,0.0,0.0,2.0,1.0,0.0,0.0,1.0
1,0,1,0,0,33.0,7,1,0,0,1.0,0.0,0.0,0.3199999928474426,19.854999542236328,1.0,1.0,0.0,0.0,0.0,0.0,0.0,1.0,0.0,0.0,0.0,1.0
0,0,0,1,0,32.0,1,0,0,0,0.0,0.0,0.0,0.9100000262260437,22.547000885009766,0.0,0.0,0.0,0.0,1.0,0.0,0.0,0.0,0.0,0.0,0.0,0.0
1,0,1,0,0,16.0,2,1,0,0,0.0,0.0,0.0,1.9900000095367432,16.45199966430664,0.0,0.0,0.0,0.0,1.0,1.0,1.0,0.0,1.0,0.0,0.0,0.0
1,0,0,1,0,24.0,3,0,0,0,1.0,0.0,0.0,3.4800000190734863,31.062999725341797,3.0,0.0,0.0,0.0,0.0,0.0,1.0,0.0,1.0,0.0,0.0,0.0
1,0,1,0,0,25.0,1,0,0,0,0.0,0.0,1.0,8.670000076293945,61.46799850463867,0.0,2.0,0.0,0.0,1.0,1.0,0.0,0.0,0.0,0.0,0.0,1.0
0,0,0,1,0,23.0,2,0,0,0,1.0,0.0,0.0,4.269999980926514,19.964000701904297,0.0,0.0,0.0,0.0,0.0,0.0,0.0,0.0,0.0,0.0,0.0,0.0
0,0,1,0,0,19.0,2,1,0,0,1.0,0.0,0.0,0.8999999761581421,4.526000022888184,0.0,0.0,0.0,0.0,0.0,1.0,0.0,0.0,0.0,0.0,0.0,0.0
0,1,1,0,0,16.0,2,1,0,0,0.0,1.0,0.0,0.46000000834465027,1.6460000276565552,0.0,0.0,0.0,0.0,0.0,0.0,0.0,0.0,1.0,0.0,0.0,0.0
0,1,1,0,0,18.0,2,1,0,0,0.0,1.0,0.0,0.46000000834465027,10.343000411987305,0.0,0.0,0.0,0.0,0.0,0.0,0.0,0.0,2.0,0.0,0.0,0.0
1,1,1,0,0,15.0,2,1,0,0,1.0,0.0,0.0,2.319999933242798,54.71099853515625,0.0,0.0,0.0,0.0,0.0,0.0,0.0,0.0,3.0,0.0,0.0,0.0
0,0,1,0,0,35.0,1,0,0,0,1.0,0.0,0.0,1.2100000381469727,5.939000129699707,0.0,0.0,0.0,0.0,0.0,0.0,0.0,0.0,1.0,0.0,0.0,0.0
1,0,1,0,0,28.0,1,1,0,0,1.0,0.0,0.0,3.009999990463257,27.405000686645508,2.0,1.0,0.0,1.0,1.0,0.0,1.0,2.0,2.0,0.0,0.0,0.0
1,1,1,0,0,29.0,1,1,0,0,0.0,0.0,0.0,0.3799999952316284,23.724000930786133,0.0,0.0,0.0,0.0,0.0,0.0,1.0,0.0,0.0,0.0,0.0,0.0
0,0,1,0,0,25.0,3,0,0,0,0.0,1.0,0.0,0.38999998569488525,4.5279998779296875,1.0,0.0,0.0,0.0,0.0,0.0,0.0,1.0,2.0,0.0,0.0,0.0
1,0,1,0,0,25.0,3,1,0,0,0.0,0.0,0.0,1.3200000524520874,5.724999904632568,2.0,1.0,0.0,2.0,1.0,1.0,0.0,0.0,2.0,0.0,0.0,0.0
1,0,1,0,0,26.0,3,1,0,0,0.0,0.0,0.0,1.3200000524520874,28.19099998474121,0.0,0.0,0.0,0.0,2.0,0.0,0.0,0.0,0.0,0.0,0.0,0.0
0,0,1,0,0,30.0,2,1,0,0,0.0,1.0,0.0,1.9199999570846558,16.6299991607666,0.0,0.0,0.0,0.0,0.0,0.0,0.0,0.0,2.0,0.0,0.0,0.0
0,1,1,0,0,20.0,3,0,0,0,1.0,0.0,0.0,1.6699999570846558,61.83300018310547,0.0,0.0,0.0,0.0,0.0,0.0,0.0,0.0,0.0,0.0,0.0,0.0
0,0,1,0,0,25.0,2,1,0,0,0.0,0.0,0.0,0.5299999713897705,0.2770000100135803,0.0,0.0,0.0,0.0,0.0,0.0,0.0,0.0,1.0,0.0,0.0,0.0
0,0,1,0,0,20.0,1,1,0,0,0.0,1.0,0.0,2.0899999141693115,38.99800109863281,0.0,0.0,0.0,0.0,0.0,0.0,0.0,0.0,0.0,0.0,0.0,0.0
0,0,1,0,0,22.0,1,1,0,0,1.0,0.0,0.0,3.119999885559082,67.28600311279297,0.0,0.0,0.0,0.0,0.0,0.0,0.0,0.0,1.0,0.0,0.0,0.0
1,0,1,0,0,27.0,3,0,0,0,0.0,0.0,1.0,2.1500000953674316,30.097999572753906,0.0,0.0,0.0,0.0,1.0,0.0,0.0,0.0,1.0,0.0,0.0,0.0
1,1,1,0,0,26.0,2,1,0,0,0.0,1.0,0.0,3.75,46.71799850463867,0.0,0.0,0.0,0.0,1.0,0.0,0.0,0.0,1.0,0.0,0.0,0.0
0,0,1,0,0,28.0,0,0,0,0,0.0,1.0,0.0,6.53000020980835,18.996999740600586,0.0,0.0,0.0,0.0,1.0,0.0,0.0,0.0,1.0,0.0,0.0,0.0
0,1,1,0,0,24.0,1,0,0,0,0.0,0.0,1.0,4.150000095367432,38.93199920654297,1.0,0.0,0.0,0.0,1.0,0.0,0.0,0.0,0.0,0.0,0.0,0.0
1,1,1,0,0,27.0,1,0,0,0,0.0,0.0,1.0,4.150000095367432,41.3120002746582,0.0,0.0,0.0,0.0,0.0,0.0,0.0,0.0,0.0,0.0,0.0,0.0
0,1,1,0,0,27.0,1,0,0,0,1.0,0.0,0.0,5.050000190734863,70.41999816894531,0.0,0.0,0.0,0.0,1.0,0.0,0.0,0.0,2.0,0.0,0.0,0.0
1,1,1,0,0,18.0,1,1,0,0,1.0,0.0,0.0,1.5,38.09600067138672,0.0,0.0,0.0,0.0,1.0,0.0,1.0,0.0,1.0,0.0,0.0,0.0
0,1,1,0,0,26.0,1,1,0,0,0.0,1.0,0.0,1.0199999809265137,62.5629997253418,0.0,0.0,0.0,0.0,1.0,0.0,0.0,0.0,0.0,0.0,0.0,0.0
0,1,1,0,0,28.0,1,1,0,0,0.0,1.0,0.0,1.0199999809265137,17.738000869750977,0.0,0.0,0.0,0.0,0.0,0.0,0.0,0.0,2.0,0.0,0.0,0.0
1,1,1,0,0,23.0,0,1,0,0,0.0,0.0,1.0,3.3299999237060547,49.0890007019043,1.0,0.0,0.0,0.0,1.0,0.0,0.0,0.0,0.0,0.0,0.0,0.0
1,0,1,0,0,35.0,1,0,0,0,0.0,0.0,1.0,5.139999866485596,50.70100021362305,1.0,1.0,0.0,0.0,1.0,0.0,0.0,2.0,0.0,0.0,0.0,0.0
0,0,1,0,0,24.0,2,0,1,0,1.0,0.0,0.0,1.399999976158142,20.19700050354004,0.0,0.0,0.0,0.0,2.0,0.0,0.0,0.0,0.0,0.0,0.0,0.0
0,0,1,0,0,15.0,3,1,0,0,1.0,0.0,0.0,0.2199999988079071,0.4749999940395355,0.0,0.0,0.0,0.0,0.0,0.0,0.0,0.0,0.0,0.0,0.0,1.0
0,1,1,0,0,16.0,3,1,0,0,1.0,0.0,0.0,0.2199999988079071,7.570000171661377,0.0,0.0,0.0,0.0,0.0,0.0,0.0,0.0,1.0,0.0,0.0,0.0
0,1,1,0,0,18.0,2,0,1,0,0.0,1.0,0.0,0.0,32.327999114990234,0.0,0.0,0.0,0.0,1.0,0.0,0.0,0.0,0.0,0.0,0.0,0.0
0,0,1,0,0,24.0,1,0,0,0,0.0,0.0,1.0,0.0,47.37200164794922,0.0,0.0,0.0,0.0,0.0,0.0,0.0,0.0,2.0,0.0,0.0,0.0
1,0,1,0,0,33.0,2,0,0,0,0.0,0.0,1.0,0.05000000074505806,42.198001861572266,0.0,0.0,0.0,0.0,0.0,0.0,0.0,0.0,0.0,0.0,0.0,0.0
0,1,1,0,0,28.0,0,0,0,0,0.0,0.0,1.0,9.210000038146973,85.21800231933594,0.0,0.0,0.0,0.0,0.0,0.0,0.0,0.0,1.0,0.0,0.0,0.0
1,0,1,0,0,23.0,3,0,0,0,1.0,0.0,0.0,2.380000114440918,30.648000717163086,1.0,0.0,0.0,0.0,0.0,0.0,0.0,1.0,1.0,1.0,0.0,0.0
1,1,1,0,0,20.0,5,0,1,0,1.0,0.0,0.0,1.0299999713897705,38.292999267578125,0.0,0.0,0.0,0.0,0.0,0.0,0.0,1.0,1.0,0.0,0.0,0.0
0,1,1,0,0,23.0,5,0,1,0,1.0,0.0,0.0,1.0299999713897705,39.577999114990234,0.0,0.0,0.0,0.0,0.0,0.0,0.0,2.0,2.0,0.0,0.0,0.0
0,1,1,0,0,25.0,0,1,0,0,1.0,0.0,0.0,1.409999966621399,46.00400161743164,0.0,0.0,0.0,0.0,1.0,0.0,0.0,3.0,2.0,1.0,0.0,0.0
1,0,1,0,0,21.0,2,0,0,0,1.0,0.0,0.0,1.659999966621399,21.86400032043457,0.0,0.0,0.0,0.0,1.0,0.0,0.0,0.0,0.0,0.0,0.0,0.0
0,0,1,0,0,21.0,2,0,0,0,1.0,0.0,0.0,1.659999966621399,18.952999114990234,0.0,0.0,0.0,0.0,0.0,0.0,0.0,2.0,1.0,0.0,0.0,0.0
0,0,1,0,0,23.0,2,0,0,0,1.0,0.0,0.0,1.659999966621399,66.30599975585938,0.0,0.0,0.0,0.0,0.0,0.0,0.0,2.0,1.0,0.0,0.0,0.0
1,0,1,0,0,24.0,1,1,0,0,0.0,0.0,0.0,0.23999999463558197,25.593000411987305,0.0,1.0,0.0,0.0,0.0,0.0,0.0,0.0,1.0,1.0,0.0,0.0
0,0,0,1,0,32.0,0,1,0,0,1.0,0.0,0.0,2.4700000286102295,18.30299949645996,0.0,0.0,0.0,0.0,1.0,1.0,1.0,2.0,1.0,0.0,0.0,0.0
0,1,0,1,0,33.0,1,1,0,0,0.0,0.0,0.0,0.41999998688697815,32.625999450683594,0.0,0.0,0.0,0.0,1.0,0.0,0.0,1.0,1.0,0.0,1.0,0.0
0,1,0,1,0,36.0,1,1,0,0,0.0,0.0,0.0,0.41999998688697815,10.404000282287598,0.0,1.0,0.0,0.0,0.0,0.0,0.0,3.0,4.0,4.0,1.0,0.0
1,0,1,0,0,18.0,2,0,1,0,1.0,0.0,0.0,1.659999966621399,10.791000366210938,0.0,0.0,0.0,0.0,0.0,0.0,1.0,0.0,1.0,1.0,0.0,0.0
0,0,1,0,0,31.0,1,1,0,0,1.0,0.0,0.0,0.8700000047683716,9.340999603271484,0.0,0.0,0.0,0.0,0.0,0.0,0.0,0.0,0.0,0.0,0.0,0.0
0,0,0,1,0,20.0,2,1,0,0,0.0,0.0,0.0,0.5799999833106995,29.70199966430664,0.0,0.0,0.0,0.0,0.0,0.0,1.0,0.0,2.0,0.0,0.0,0.0
0,1,0,1,0,24.0,1,0,0,0,1.0,0.0,0.0,7.320000171661377,57.98400115966797,0.0,0.0,0.0,1.0,1.0,0.0,1.0,1.0,2.0,2.0,1.0,0.0
0,1,0,1,0,21.0,2,1,0,0,0.0,0.0,0.0,1.940000057220459,28.131000518798828,0.0,0.0,0.0,0.0,0.0,0.0,0.0,0.0,0.0,0.0,0.0,0.0
0,1,0,1,0,25.0,2,1,0,0,0.0,1.0,0.0,1.559999942779541,12.074999809265137,0.0,1.0,0.0,0.0,1.0,0.0,0.0,2.0,1.0,0.0,0.0,0.0
1,0,0,1,0,24.0,2,0,1,0,0.0,0.0,0.0,2.940000057220459,5.645999908447266,0.0,0.0,0.0,0.0,2.0,0.0,0.0,3.0,3.0,2.0,0.0,1.0
1,0,0,1,0,40.0,0,0,0,0,0.0,0.0,0.0,1.9600000381469727,12.536999702453613,0.0,1.0,2.0,2.0,1.0,1.0,0.0,3.0,2.0,2.0,0.0,1.0
0,1,1,0,0,23.0,0,1,0,0,1.0,0.0,0.0,0.23999999463558197,31.583999633789062,0.0,0.0,0.0,0.0,0.0,0.0,0.0,0.0,0.0,0.0,0.0,0.0
0,0,1,0,0,26.0,4,0,0,0,1.0,0.0,0.0,0.25,2.746000051498413,0.0,0.0,0.0,0.0,0.0,0.0,0.0,0.0,0.0,0.0,0.0,0.0
1,1,1,0,0,28.0,4,0,0,0,1.0,0.0,0.0,0.25,5.177999973297119,1.0,0.0,0.0,0.0,0.0,0.0,0.0,0.0,3.0,0.0,0.0,0.0
0,0,1,0,0,42.0,0,1,0,0,1.0,0.0,0.0,0.0,8.159000396728516,0.0,0.0,0.0,0.0,1.0,0.0,0.0,0.0,0.0,0.0,0.0,0.0
1,0,1,0,0,34.0,0,1,0,0,1.0,0.0,0.0,0.3700000047683716,17.121999740600586,0.0,1.0,0.0,0.0,1.0,0.0,0.0,4.0,3.0,3.0,0.0,0.0
0,1,1,0,0,24.0,2,1,0,0,1.0,0.0,0.0,0.6800000071525574,20.035999298095703,0.0,0.0,0.0,0.0,2.0,0.0,0.0,2.0,3.0,0.0,0.0,1.0
0,1,1,0,0,19.0,2,1,0,0,1.0,0.0,0.0,0.6899999976158142,3.6419999599456787,1.0,0.0,0.0,0.0,1.0,0.0,0.0,1.0,0.0,0.0,0.0,0.0
1,0,1,0,0,31.0,0,1,0,0,0.0,0.0,1.0,3.5199999809265137,19.46500015258789,0.0,0.0,0.0,0.0,0.0,0.0,0.0,1.0,1.0,0.0,0.0,0.0
0,1,1,0,0,32.0,1,0,0,0,0.0,0.0,1.0,4.400000095367432,31.59000015258789,0.0,0.0,0.0,0.0,0.0,0.0,0.0,0.0,1.0,0.0,0.0,0.0
0,0,1,0,0,30.0,1,0,0,0,1.0,0.0,0.0,2.7699999809265137,41.915000915527344,0.0,0.0,0.0,0.0,2.0,0.0,0.0,0.0,0.0,0.0,0.0,0.0
0,1,1,0,0,23.0,2,0,0,0,1.0,0.0,0.0,1.899999976158142,51.071998596191406,0.0,3.0,0.0,0.0,0.0,0.0,0.0,3.0,2.0,0.0,0.0,0.0
0,1,1,0,0,26.0,3,0,0,0,0.0,1.0,0.0,1.909999966621399,12.387999534606934,0.0,0.0,0.0,0.0,0.0,0.0,1.0,2.0,0.0,0.0,0.0,0.0
1,0,1,0,0,23.0,1,0,1,0,0.0,0.0,1.0,1.6799999475479126,25.61400032043457,0.0,1.0,0.0,1.0,1.0,1.0,2.0,0.0,1.0,0.0,0.0,1.0
1,0,1,0,0,21.0,3,1,0,0,1.0,0.0,0.0,0.6000000238418579,35.29199981689453,1.0,0.0,2.0,0.0,1.0,0.0,0.0,0.0,0.0,2.0,0.0,1.0
1,0,1,0,0,23.0,3,1,0,0,1.0,0.0,0.0,0.6000000238418579,0.6000000238418579,2.0,2.0,2.0,4.0,2.0,3.0,2.0,3.0,4.0,4.0,1.0,1.0
0,1,1,0,0,19.0,3,1,0,0,1.0,0.0,0.0,0.49000000953674316,10.972000122070312,0.0,0.0,0.0,0.0,0.0,0.0,0.0,0.0,1.0,0.0,0.0,0.0
0,1,1,0,0,22.0,0,1,0,0,1.0,0.0,0.0,4.679999828338623,33.26900100708008,0.0,0.0,0.0,0.0,0.0,0.0,0.0,0.0,1.0,0.0,0.0,0.0
1,0,1,0,0,30.0,1,1,0,0,0.0,1.0,0.0,1.8700000047683716,9.0600004196167,0.0,2.0,1.0,0.0,1.0,1.0,0.0,2.0,0.0,2.0,0.0,1.0
0,1,1,0,0,19.0,3,0,1,0,0.0,1.0,0.0,1.1799999475479126,22.63599967956543,0.0,3.0,0.0,0.0,0.0,1.0,0.0,2.0,3.0,4.0,0.0,0.0
0,1,1,0,0,18.0,3,1,0,0,0.0,0.0,0.0,0.6200000047683716,1.027999997138977,0.0,1.0,0.0,0.0,0.0,0.0,1.0,1.0,1.0,0.0,0.0,0.0
1,1,1,0,0,20.0,3,1,0,0,0.0,0.0,0.0,0.6200000047683716,4.894000053405762,0.0,0.0,0.0,0.0,0.0,1.0,2.0,1.0,1.0,1.0,0.0,1.0
0,1,0,1,0,22.0,4,0,0,0,1.0,0.0,0.0,2.0899999141693115,20.86199951171875,0.0,0.0,0.0,0.0,0.0,0.0,0.0,0.0,2.0,0.0,0.0,0.0
1,0,1,0,0,30.0,1,0,0,0,0.0,0.0,1.0,7.980000019073486,24.34000015258789,0.0,0.0,0.0,0.0,0.0,0.0,0.0,0.0,0.0,0.0,0.0,0.0
0,0,0,1,0,19.0,0,1,0,0,1.0,0.0,0.0,3.990000009536743,20.5939998626709,1.0,0.0,0.0,0.0,1.0,0.0,0.0,1.0,1.0,0.0,0.0,1.0
0,1,1,0,0,23.0,2,0,0,0,0.0,1.0,0.0,5.96999979019165,88.82499694824219,0.0,1.0,0.0,1.0,1.0,0.0,1.0,0.0,1.0,1.0,0.0,0.0
1,0,1,0,0,25.0,2,0,0,0,0.0,1.0,0.0,5.96999979019165,66.13700103759766,2.0,3.0,1.0,1.0,1.0,0.0,0.0,1.0,1.0,2.0,0.0,1.0
0,0,0,1,0,26.0,4,0,0,0,0.0,0.0,0.0,0.6600000262260437,15.715999603271484,1.0,0.0,1.0,0.0,0.0,0.0,1.0,1.0,0.0,0.0,0.0,1.0
0,0,0,1,0,20.0,1,0,0,0,1.0,0.0,0.0,3.299999952316284,14.04800033569336,0.0,1.0,1.0,0.0,2.0,0.0,0.0,1.0,2.0,0.0,0.0,0.0
1,0,0,1,0,25.0,0,0,0,0,1.0,0.0,0.0,3.880000114440918,33.042999267578125,2.0,0.0,0.0,2.0,2.0,1.0,1.0,3.0,2.0,2.0,2.0,1.0
0,1,0,1,0,22.0,1,0,0,0,1.0,0.0,0.0,2.799999952316284,32.21500015258789,1.0,2.0,1.0,0.0,1.0,0.0,0.0,4.0,4.0,2.0,0.0,0.0
0,0,0,1,0,31.0,1,0,0,0,1.0,0.0,0.0,2.359999895095825,16.392000198364258,0.0,1.0,1.0,0.0,0.0,0.0,0.0,1.0,2.0,0.0,0.0,0.0
0,0,0,1,0,27.0,3,0,0,0,0.0,1.0,0.0,2.5899999141693115,66.35299682617188,0.0,0.0,0.0,1.0,0.0,0.0,0.0,2.0,0.0,0.0,0.0,0.0
0,1,0,1,0,32.0,2,1,0,0,0.0,0.0,0.0,1.1799999475479126,1.2940000295639038,0.0,0.0,0.0,0.0,0.0,0.0,0.0,0.0,0.0,0.0,0.0,0.0
0,0,0,1,0,31.0,5,0,0,0,0.0,0.0,0.0,0.4000000059604645,7.7729997634887695,0.0,0.0,0.0,0.0,0.0,0.0,0.0,0.0,1.0,0.0,0.0,0.0
0,0,0,1,0,31.0,4,0,0,0,0.0,0.0,0.0,0.20999999344348907,40.0260009765625,0.0,1.0,0.0,1.0,1.0,0.0,0.0,2.0,1.0,1.0,0.0,1.0
1,0,0,1,0,29.0,6,0,0,0,0.0,0.0,0.0,1.0499999523162842,41.71699905395508,0.0,0.0,0.0,0.0,1.0,0.0,0.0,0.0,1.0,0.0,0.0,0.0
1,1,0,1,0,30.0,6,0,0,0,0.0,0.0,0.0,1.0499999523162842,7.4730000495910645,1.0,0.0,0.0,0.0,1.0,0.0,0.0,3.0,3.0,1.0,1.0,0.0
0,1,0,1,0,36.0,1,0,0,0,0.0,0.0,0.0,1.0099999904632568,20.264999389648438,0.0,0.0,0.0,0.0,1.0,0.0,0.0,1.0,2.0,0.0,0.0,0.0
0,0,0,1,0,29.0,3,0,0,0,1.0,0.0,0.0,0.800000011920929,1.1649999618530273,0.0,1.0,0.0,0.0,1.0,0.0,0.0,0.0,1.0,0.0,0.0,1.0
1,0,0,1,0,22.0,2,0,0,0,0.0,0.0,0.0,1.5499999523162842,23.80699920654297,3.0,3.0,3.0,0.0,2.0,2.0,1.0,2.0,3.0,3.0,1.0,1.0
0,1,0,1,0,24.0,1,0,0,0,1.0,0.0,0.0,3.0199999809265137,81.4540023803711,0.0,0.0,0.0,0.0,0.0,0.0,1.0,0.0,1.0,1.0,0.0,0.0
0,0,0,1,0,21.0,4,0,0,0,0.0,0.0,0.0,0.6800000071525574,32.73099899291992,0.0,0.0,0.0,0.0,0.0,0.0,0.0,1.0,0.0,0.0,0.0,0.0
1,0,0,1,0,27.0,6,0,0,0,0.0,0.0,0.0,0.75,33.619998931884766,1.0,1.0,1.0,0.0,1.0,1.0,0.0,2.0,1.0,0.0,1.0,0.0
0,1,0,1,0,30.0,6,0,0,0,0.0,0.0,0.0,0.75,14.427000045776367,0.0,0.0,0.0,0.0,1.0,0.0,0.0,0.0,0.0,0.0,0.0,0.0
0,0,0,1,0,18.0,3,1,0,0,0.0,0.0,0.0,0.46000000834465027,1.8009999990463257,0.0,0.0,0.0,0.0,1.0,0.0,0.0,2.0,1.0,1.0,0.0,1.0
0,0,0,1,0,22.0,3,1,0,0,0.0,1.0,0.0,0.3499999940395355,23.70599937438965,0.0,0.0,0.0,0.0,0.0,0.0,0.0,0.0,0.0,0.0,0.0,0.0
1,0,0,1,0,21.0,0,1,0,0,1.0,0.0,0.0,2.309999942779541,5.64900016784668,2.0,0.0,2.0,2.0,2.0,2.0,1.0,2.0,1.0,1.0,1.0,1.0
0,1,0,1,0,28.0,2,0,0,0,0.0,1.0,0.0,2.890000104904175,56.15399932861328,0.0,0.0,0.0,0.0,2.0,0.0,0.0,0.0,1.0,0.0,0.0,0.0
0,1,0,1,0,17.0,3,0,0,0,0.0,0.0,0.0,0.5199999809265137,9.031000137329102,0.0,0.0,0.0,0.0,0.0,0.0,0.0,0.0,0.0,0.0,0.0,0.0
0,1,0,1,0,20.0,3,0,0,0,0.0,0.0,0.0,0.5199999809265137,5.389999866485596,0.0,0.0,0.0,0.0,0.0,0.0,0.0,0.0,0.0,0.0,0.0,0.0
0,0,0,1,0,21.0,2,0,0,0,0.0,0.0,0.0,1.1399999856948853,63.17599868774414,0.0,0.0,0.0,0.0,1.0,0.0,0.0,0.0,0.0,0.0,0.0,0.0
0,0,0,1,0,25.0,1,1,0,0,1.0,0.0,0.0,1.0399999618530273,12.380999565124512,0.0,0.0,0.0,0.0,0.0,0.0,0.0,0.0,1.0,0.0,0.0,0.0
0,1,0,1,0,32.0,1,0,0,0,0.0,0.0,0.0,1.190000057220459,17.39699935913086,0.0,0.0,0.0,0.0,2.0,0.0,0.0,1.0,1.0,0.0,0.0,0.0
1,0,0,1,0,25.0,2,0,0,0,1.0,0.0,0.0,2.190000057220459,16.908000946044922,2.0,0.0,1.0,0.0,1.0,0.0,1.0,2.0,2.0,0.0,0.0,0.0
0,1,0,1,0,22.0,2,1,0,0,0.0,0.0,0.0,0.8500000238418579,16.018999099731445,0.0,0.0,0.0,0.0,2.0,0.0,0.0,0.0,0.0,0.0,1.0,0.0
0,1,0,1,0,19.0,2,0,0,0,1.0,0.0,0.0,2.390000104904175,26.81100082397461,0.0,0.0,0.0,0.0,1.0,0.0,0.0,0.0,2.0,0.0,0.0,0.0
0,0,0,1,0,21.0,3,0,1,0,1.0,0.0,0.0,2.8499999046325684,47.67100143432617,0.0,0.0,0.0,0.0,0.0,0.0,0.0,1.0,0.0,0.0,0.0,0.0
0,1,0,1,0,27.0,1,0,1,0,0.0,1.0,0.0,1.7999999523162842,86.12699890136719,0.0,0.0,0.0,0.0,1.0,0.0,0.0,1.0,1.0,0.0,0.0,0.0
1,1,0,1,0,17.0,3,1,0,0,1.0,0.0,0.0,0.8799999952316284,31.847999572753906,1.0,3.0,0.0,0.0,1.0,0.0,1.0,0.0,2.0,0.0,0.0,0.0
0,1,0,1,0,17.0,3,0,1,0,1.0,0.0,0.0,0.4300000071525574,46.02799987792969,1.0,0.0,0.0,0.0,1.0,0.0,0.0,0.0,1.0,1.0,0.0,0.0
0,1,0,1,0,35.0,2,0,0,0,0.0,1.0,0.0,2.8299999237060547,4.090000152587891,0.0,0.0,0.0,0.0,0.0,0.0,0.0,0.0,0.0,0.0,0.0,0.0
0,0,0,1,0,36.0,2,0,0,0,0.0,1.0,0.0,2.8299999237060547,23.8439998626709,0.0,0.0,0.0,0.0,1.0,0.0,0.0,0.0,0.0,0.0,0.0,0.0
0,0,0,1,0,38.0,1,0,1,0,0.0,0.0,0.0,0.3499999940395355,9.994000434875488,0.0,0.0,0.0,0.0,1.0,0.0,0.0,1.0,0.0,0.0,0.0,0.0
0,1,0,1,0,31.0,2,1,0,0,0.0,0.0,0.0,0.7599999904632568,22.3700008392334,0.0,0.0,0.0,0.0,1.0,0.0,0.0,0.0,0.0,0.0,0.0,0.0
0,1,0,1,0,31.0,2,1,0,0,0.0,0.0,0.0,0.7599999904632568,83.0469970703125,0.0,0.0,0.0,0.0,1.0,0.0,0.0,0.0,0.0,0.0,0.0,0.0
0,1,0,1,0,33.0,2,1,0,0,0.0,0.0,0.0,0.7599999904632568,35.9010009765625,0.0,0.0,0.0,0.0,2.0,0.0,0.0,0.0,0.0,0.0,0.0,0.0
0,0,0,1,0,21.0,3,0,0,0,1.0,0.0,0.0,1.1399999856948853,37.2400016784668,0.0,0.0,0.0,0.0,0.0,0.0,0.0,0.0,0.0,0.0,0.0,0.0
0,0,0,1,0,21.0,4,1,0,0,0.0,0.0,0.0,0.10000000149011612,49.54399871826172,0.0,0.0,0.0,0.0,1.0,0.0,0.0,0.0,1.0,0.0,0.0,0.0
1,0,0,1,0,22.0,4,1,0,0,0.0,0.0,0.0,0.10000000149011612,0.2280000001192093,0.0,0.0,0.0,0.0,3.0,2.0,1.0,2.0,1.0,2.0,0.0,0.0
0,1,0,1,0,18.0,2,0,0,0,0.0,0.0,0.0,0.9100000262260437,37.374000549316406,0.0,0.0,0.0,0.0,0.0,0.0,0.0,0.0,0.0,0.0,0.0,0.0
0,1,0,1,0,18.0,2,0,0,0,0.0,0.0,0.0,0.9100000262260437,24.882999420166016,0.0,0.0,0.0,0.0,1.0,0.0,0.0,0.0,0.0,0.0,0.0,0.0
1,0,0,1,0,20.0,2,0,0,0,0.0,0.0,0.0,0.9100000262260437,30.452999114990234,1.0,0.0,0.0,0.0,3.0,3.0,0.0,0.0,3.0,3.0,0.0,0.0
0,1,0,1,0,25.0,0,1,0,0,0.0,0.0,1.0,1.3899999856948853,71.97699737548828,0.0,0.0,0.0,0.0,1.0,0.0,0.0,1.0,1.0,1.0,1.0,0.0
0,0,0,1,0,32.0,2,1,0,0,0.0,0.0,0.0,1.8200000524520874,42.50699996948242,1.0,2.0,0.0,0.0,2.0,0.0,0.0,2.0,2.0,0.0,0.0,0.0
1,0,0,1,0,20.0,3,0,1,0,0.0,0.0,0.0,1.7200000286102295,90.12300109863281,0.0,0.0,0.0,0.0,1.0,0.0,0.0,3.0,2.0,1.0,0.0,0.0
0,1,0,1,0,21.0,3,0,1,0,0.0,0.0,0.0,1.7200000286102295,39.909000396728516,0.0,0.0,0.0,0.0,1.0,0.0,0.0,0.0,1.0,0.0,0.0,0.0
1,0,0,1,0,19.0,2,0,1,0,0.0,0.0,0.0,0.8399999737739563,10.237000465393066,1.0,1.0,0.0,2.0,1.0,0.0,0.0,0.0,3.0,2.0,0.0,0.0
0,1,0,1,0,20.0,2,1,0,0,0.0,0.0,0.0,0.5699999928474426,17.783000946044922,0.0,0.0,0.0,0.0,2.0,0.0,0.0,1.0,2.0,1.0,0.0,0.0
0,1,0,1,0,21.0,0,1,0,0,0.0,0.0,0.0,0.7900000214576721,37.176998138427734,0.0,0.0,0.0,0.0,1.0,0.0,0.0,0.0,1.0,0.0,0.0,0.0
1,1,0,1,0,20.0,1,0,0,0,0.0,0.0,1.0,2.109999895095825,51.01900100708008,2.0,2.0,2.0,0.0,2.0,0.0,0.0,3.0,3.0,3.0,0.0,0.0
0,0,0,1,0,21.0,1,0,0,0,0.0,0.0,1.0,2.109999895095825,37.04100036621094,0.0,0.0,0.0,0.0,1.0,0.0,0.0,0.0,3.0,0.0,0.0,0.0
1,0,0,1,0,22.0,4,0,0,0,0.0,1.0,0.0,3.069999933242798,18.135000228881836,1.0,0.0,0.0,0.0,1.0,0.0,0.0,2.0,1.0,0.0,0.0,0.0
0,0,1,0,0,36.0,1,0,0,0,0.0,0.0,1.0,5.03000020980835,31.841999053955078,0.0,0.0,0.0,0.0,1.0,0.0,0.0,1.0,0.0,0.0,0.0,0.0
0,1,0,1,0,28.0,2,1,0,0,0.0,1.0,0.0,0.6399999856948853,26.9950008392334,0.0,0.0,0.0,0.0,2.0,0.0,1.0,2.0,2.0,2.0,1.0,0.0
0,0,0,1,0,26.0,1,0,0,0,0.0,0.0,0.0,1.0,17.88800048828125,0.0,0.0,0.0,0.0,1.0,0.0,0.0,0.0,1.0,0.0,0.0,0.0
0,1,0,1,0,28.0,1,0,0,0,0.0,0.0,0.0,1.0,9.98799991607666,1.0,0.0,0.0,0.0,2.0,0.0,0.0,3.0,4.0,2.0,1.0,0.0
0,1,0,1,0,33.0,1,0,0,0,0.0,0.0,1.0,2.6700000762939453,50.180999755859375,1.0,0.0,1.0,0.0,0.0,0.0,0.0,3.0,2.0,2.0,2.0,0.0
1,0,0,1,0,21.0,1,1,0,0,0.0,1.0,0.0,3.0799999237060547,47.75899887084961,2.0,2.0,2.0,2.0,2.0,2.0,0.0,1.0,1.0,1.0,0.0,0.0
0,0,0,1,0,24.0,1,1,0,0,0.0,1.0,0.0,3.0799999237060547,39.53900146484375,1.0,0.0,0.0,0.0,0.0,0.0,0.0,1.0,4.0,2.0,0.0,1.0
1,0,0,1,0,35.0,2,0,0,0,0.0,0.0,1.0,1.149999976158142,18.54599952697754,3.0,0.0,0.0,0.0,1.0,0.0,0.0,3.0,2.0,1.0,0.0,0.0
0,0,1,0,0,30.0,1,0,0,0,0.0,0.0,1.0,7.920000076293945,29.719999313354492,0.0,1.0,1.0,1.0,0.0,0.0,0.0,0.0,2.0,0.0,0.0,0.0
0,1,0,1,0,35.0,0,0,0,0,1.0,0.0,0.0,3.2100000381469727,53.672000885009766,0.0,0.0,0.0,0.0,0.0,0.0,0.0,0.0,0.0,0.0,0.0,0.0
0,1,0,1,0,21.0,4,0,0,0,0.0,0.0,0.0,1.0700000524520874,20.500999450683594,0.0,0.0,0.0,0.0,1.0,0.0,0.0,0.0,0.0,0.0,0.0,0.0
0,1,0,1,0,23.0,4,0,0,0,1.0,0.0,0.0,1.159999966621399,13.369000434875488,0.0,0.0,0.0,0.0,1.0,0.0,0.0,0.0,0.0,0.0,0.0,0.0
1,0,0,1,0,36.0,3,0,0,0,0.0,0.0,0.0,1.0199999809265137,33.95000076293945,2.0,1.0,0.0,1.0,1.0,0.0,0.0,3.0,3.0,2.0,0.0,0.0
1,1,0,1,0,25.0,2,1,0,0,0.0,0.0,0.0,0.75,39.06100082397461,1.0,1.0,0.0,0.0,1.0,1.0,0.0,2.0,2.0,1.0,2.0,1.0
0,0,0,1,0,25.0,1,0,0,0,1.0,0.0,0.0,2.390000104904175,53.99599838256836,0.0,1.0,1.0,0.0,1.0,0.0,1.0,2.0,3.0,2.0,0.0,0.0
0,1,0,1,0,21.0,2,0,0,0,0.0,1.0,0.0,1.159999966621399,98.08599853515625,0.0,0.0,0.0,0.0,1.0,0.0,0.0,0.0,1.0,0.0,0.0,0.0
1,1,0,1,0,23.0,1,0,1,0,0.0,1.0,0.0,3.7799999713897705,76.93000030517578,0.0,3.0,0.0,0.0,2.0,0.0,0.0,0.0,1.0,0.0,0.0,0.0
0,0,0,1,0,32.0,1,0,0,0,0.0,1.0,0.0,0.03999999910593033,35.3380012512207,0.0,0.0,0.0,1.0,1.0,0.0,0.0,0.0,1.0,1.0,0.0,0.0
0,1,0,1,0,20.0,2,0,0,0,0.0,1.0,0.0,0.0,5.9670000076293945,0.0,0.0,0.0,0.0,0.0,0.0,0.0,0.0,0.0,0.0,0.0,0.0
0,0,0,1,0,21.0,2,0,0,0,0.0,1.0,0.0,0.0,6.363999843597412,0.0,0.0,0.0,0.0,1.0,0.0,0.0,0.0,1.0,0.0,0.0,0.0
1,0,0,1,0,18.0,0,0,1,0,0.0,0.0,0.0,2.2799999713897705,28.86400032043457,0.0,1.0,1.0,0.0,1.0,0.0,1.0,4.0,1.0,3.0,0.0,1.0
1,1,0,1,0,23.0,0,0,1,0,0.0,0.0,0.0,3.319999933242798,32.619998931884766,1.0,0.0,0.0,0.0,1.0,0.0,0.0,2.0,1.0,1.0,0.0,1.0
0,1,0,1,0,32.0,1,0,0,0,1.0,0.0,0.0,1.8899999856948853,50.082000732421875,1.0,0.0,0.0,0.0,0.0,0.0,0.0,0.0,2.0,0.0,0.0,0.0
1,1,0,1,0,20.0,1,1,0,0,0.0,1.0,0.0,3.5799999237060547,40.323001861572266,0.0,0.0,0.0,0.0,0.0,0.0,0.0,2.0,2.0,2.0,0.0,0.0
0,1,1,0,0,31.0,0,1,0,0,0.0,0.0,1.0,16.270000457763672,87.37799835205078,0.0,0.0,0.0,0.0,1.0,0.0,0.0,0.0,1.0,0.0,0.0,0.0
1,0,1,0,0,35.0,2,1,0,0,0.0,0.0,0.0,0.75,0.0,0.0,0.0,0.0,0.0,0.0,0.0,0.0,2.0,0.0,0.0,0.0,0.0
1,0,1,0,0,24.0,0,1,0,0,0.0,1.0,0.0,1.7599999904632568,2.7679998874664307,0.0,1.0,1.0,0.0,1.0,2.0,1.0,1.0,0.0,1.0,0.0,1.0
1,1,1,0,0,25.0,4,1,0,0,0.0,1.0,0.0,0.30000001192092896,38.483001708984375,1.0,0.0,0.0,0.0,0.0,0.0,1.0,0.0,1.0,0.0,0.0,0.0
1,1,1,0,0,26.0,4,1,0,0,0.0,1.0,0.0,0.30000001192092896,59.00600051879883,1.0,1.0,0.0,0.0,1.0,0.0,1.0,0.0,1.0,0.0,0.0,0.0
0,1,1,0,0,28.0,4,1,0,0,0.0,1.0,0.0,0.30000001192092896,45.25699996948242,0.0,0.0,0.0,0.0,0.0,0.0,0.0,0.0,0.0,0.0,0.0,0.0
1,0,1,0,0,25.0,1,0,0,0,0.0,0.0,1.0,2.609999895095825,69.60399627685547,0.0,0.0,0.0,0.0,0.0,0.0,0.0,1.0,1.0,0.0,0.0,0.0
1,0,1,0,0,26.0,1,0,1,0,0.0,0.0,1.0,3.809999942779541,42.61199951171875,0.0,1.0,0.0,0.0,0.0,0.0,0.0,0.0,2.0,2.0,0.0,1.0
1,1,1,0,0,19.0,3,1,0,0,1.0,0.0,0.0,0.6800000071525574,30.344999313354492,1.0,0.0,0.0,0.0,0.0,0.0,0.0,0.0,2.0,0.0,0.0,0.0
0,0,1,0,0,26.0,2,0,0,0,0.0,1.0,0.0,3.309999942779541,6.139999866485596,0.0,0.0,0.0,0.0,0.0,0.0,0.0,0.0,1.0,0.0,0.0,0.0
0,1,1,0,0,27.0,2,0,0,0,0.0,1.0,0.0,1.659999966621399,8.420000076293945,0.0,0.0,0.0,0.0,1.0,0.0,0.0,0.0,0.0,0.0,0.0,0.0
0,0,1,0,0,23.0,5,0,1,0,1.0,0.0,0.0,0.6399999856948853,2.5299999713897705,0.0,0.0,1.0,0.0,0.0,0.0,0.0,0.0,0.0,0.0,0.0,0.0
0,0,1,0,0,22.0,2,0,0,0,0.0,0.0,1.0,4.070000171661377,6.791999816894531,0.0,0.0,1.0,0.0,1.0,0.0,0.0,0.0,0.0,0.0,0.0,0.0
0,1,1,0,0,24.0,2,0,0,0,0.0,0.0,1.0,4.070000171661377,24.729000091552734,1.0,1.0,0.0,0.0,0.0,0.0,0.0,0.0,0.0,0.0,0.0,0.0
1,0,1,0,0,19.0,1,0,0,0,0.0,1.0,0.0,5.96999979019165,86.25499725341797,0.0,0.0,0.0,0.0,1.0,0.0,0.0,0.0,0.0,0.0,0.0,0.0
0,1,1,0,0,23.0,1,0,1,0,0.0,1.0,0.0,4.809999942779541,39.893001556396484,1.0,0.0,0.0,0.0,0.0,0.0,0.0,0.0,0.0,0.0,0.0,0.0
0,1,1,0,0,20.0,1,0,1,0,0.0,1.0,0.0,1.7300000190734863,10.666000366210938,0.0,0.0,0.0,0.0,0.0,0.0,1.0,0.0,0.0,0.0,0.0,0.0
1,0,1,0,0,32.0,1,0,0,0,1.0,0.0,0.0,2.8299999237060547,17.756999969482422,0.0,1.0,0.0,0.0,0.0,0.0,0.0,0.0,0.0,1.0,0.0,0.0
0,1,1,0,0,33.0,1,0,0,0,1.0,0.0,0.0,2.8299999237060547,47.512001037597656,0.0,0.0,0.0,0.0,1.0,0.0,0.0,0.0,3.0,0.0,0.0,0.0
0,0,1,0,0,24.0,3,0,0,0,1.0,0.0,0.0,1.75,25.68199920654297,0.0,0.0,0.0,0.0,1.0,1.0,0.0,0.0,1.0,1.0,0.0,0.0
0,0,1,0,0,26.0,3,0,0,0,1.0,0.0,0.0,1.75,0.13500000536441803,0.0,0.0,0.0,0.0,0.0,0.0,0.0,0.0,0.0,0.0,0.0,0.0
0,1,0,1,0,24.0,0,0,0,0,1.0,0.0,0.0,2.690000057220459,11.229000091552734,0.0,0.0,0.0,0.0,0.0,0.0,1.0,2.0,1.0,0.0,0.0,1.0
1,1,1,0,0,23.0,2,0,0,0,0.0,0.0,1.0,1.659999966621399,11.715999603271484,0.0,0.0,0.0,0.0,0.0,0.0,0.0,0.0,0.0,0.0,0.0,0.0
1,1,1,0,0,29.0,2,1,0,0,0.0,0.0,0.0,0.20999999344348907,2.7750000953674316,0.0,0.0,0.0,0.0,0.0,1.0,0.0,1.0,0.0,0.0,0.0,0.0
1,1,1,0,0,17.0,2,1,0,0,0.0,0.0,0.0,0.9399999976158142,1.284000039100647,0.0,0.0,0.0,0.0,1.0,0.0,1.0,0.0,0.0,0.0,0.0,0.0
1,0,0,1,0,32.0,1,1,0,0,0.0,0.0,0.0,0.7900000214576721,14.732999801635742,1.0,0.0,1.0,1.0,1.0,0.0,0.0,3.0,0.0,0.0,0.0,1.0
1,0,0,1,0,19.0,0,0,0,1,0.0,0.0,0.0,0.7900000214576721,6.723999977111816,0.0,0.0,0.0,0.0,1.0,0.0,0.0,2.0,1.0,0.0,0.0,0.0
0,1,1,0,0,38.0,1,0,0,0,0.0,0.0,1.0,5.46999979019165,67.9739990234375,0.0,0.0,0.0,0.0,2.0,0.0,0.0,0.0,0.0,0.0,0.0,0.0
1,1,1,0,0,34.0,1,0,0,0,0.0,0.0,0.0,0.3799999952316284,54.49700164794922,1.0,0.0,0.0,0.0,1.0,0.0,2.0,0.0,2.0,0.0,0.0,1.0
0,0,0,1,0,31.0,0,1,0,0,1.0,0.0,0.0,0.9300000071525574,76.9489974975586,0.0,0.0,0.0,0.0,0.0,0.0,0.0,0.0,0.0,0.0,0.0,0.0
1,1,1,0,0,16.0,1,1,0,0,1.0,0.0,0.0,0.2199999988079071,1.3839999437332153,0.0,0.0,0.0,0.0,0.0,0.0,0.0,0.0,1.0,0.0,0.0,0.0
0,1,1,0,0,20.0,0,1,0,0,0.0,0.0,0.0,0.75,30.13800048828125,0.0,0.0,0.0,0.0,0.0,0.0,0.0,0.0,0.0,0.0,0.0,0.0
1,0,1,0,0,40.0,0,0,0,0,0.0,0.0,0.0,1.6100000143051147,7.295000076293945,0.0,0.0,1.0,0.0,0.0,0.0,0.0,1.0,0.0,0.0,0.0,0.0
0,1,1,0,0,25.0,2,1,0,0,1.0,0.0,0.0,1.190000057220459,39.16299819946289,0.0,0.0,0.0,0.0,0.0,0.0,0.0,0.0,1.0,1.0,0.0,0.0
1,1,1,0,0,22.0,3,1,0,0,0.0,1.0,0.0,0.6000000238418579,16.9689998626709,0.0,1.0,0.0,0.0,0.0,0.0,0.0,0.0,2.0,0.0,0.0,0.0
1,1,1,0,0,28.0,3,1,0,0,1.0,0.0,0.0,0.5600000023841858,16.695999145507812,0.0,0.0,0.0,0.0,0.0,0.0,0.0,0.0,0.0,0.0,0.0,0.0
0,1,1,0,0,30.0,3,1,0,0,1.0,0.0,0.0,0.5600000023841858,0.0,0.0,0.0,0.0,0.0,0.0,0.0,0.0,0.0,0.0,0.0,0.0,0.0
1,0,1,0,0,21.0,2,1,0,0,0.0,1.0,0.0,0.7699999809265137,50.28900146484375,3.0,3.0,0.0,0.0,0.0,0.0,0.0,2.0,2.0,2.0,1.0,0.0
0,0,1,0,0,22.0,2,1,0,0,0.0,1.0,0.0,0.7699999809265137,16.56100082397461,0.0,0.0,0.0,0.0,0.0,0.0,0.0,0.0,2.0,0.0,0.0,0.0
1,0,1,0,0,23.0,4,1,0,0,1.0,0.0,0.0,0.25,5.810999870300293,0.0,1.0,0.0,0.0,1.0,0.0,0.0,0.0,0.0,0.0,0.0,0.0
0,1,1,0,0,25.0,4,1,0,0,1.0,0.0,0.0,0.25,11.253999710083008,0.0,0.0,0.0,0.0,0.0,0.0,0.0,0.0,0.0,0.0,0.0,0.0
0,0,1,0,0,19.0,5,1,0,0,0.0,0.0,0.0,0.27000001072883606,34.0260009765625,0.0,0.0,0.0,0.0,0.0,0.0,0.0,0.0,2.0,1.0,0.0,0.0
0,1,1,0,0,20.0,5,1,0,0,0.0,0.0,0.0,0.27000001072883606,9.892999649047852,0.0,0.0,0.0,0.0,0.0,0.0,0.0,0.0,0.0,0.0,0.0,0.0
0,1,1,0,0,25.0,3,1,0,0,1.0,0.0,0.0,0.8600000143051147,12.406000137329102,1.0,0.0,0.0,0.0,0.0,0.0,0.0,1.0,1.0,1.0,0.0,0.0
1,0,1,0,0,27.0,3,1,0,0,1.0,0.0,0.0,0.8600000143051147,5.9670000076293945,1.0,1.0,0.0,0.0,0.0,2.0,0.0,4.0,0.0,2.0,0.0,0.0
1,1,1,0,0,18.0,1,1,0,0,0.0,0.0,0.0,0.25,10.906000137329102,0.0,0.0,0.0,0.0,0.0,0.0,1.0,0.0,3.0,2.0,0.0,0.0
1,0,1,0,0,18.0,0,1,0,0,0.0,0.0,0.0,0.23000000417232513,6.449999809265137,0.0,0.0,0.0,0.0,0.0,0.0,1.0,2.0,0.0,0.0,0.0,0.0
0,1,1,0,0,23.0,3,0,0,0,1.0,0.0,0.0,1.4299999475479126,78.7040023803711,0.0,0.0,0.0,0.0,0.0,0.0,0.0,0.0,0.0,0.0,0.0,0.0
0,1,1,0,0,35.0,1,1,0,0,0.0,0.0,0.0,1.2799999713897705,12.182000160217285,0.0,0.0,0.0,0.0,0.0,0.0,0.0,0.0,0.0,0.0,0.0,0.0
0,1,1,0,0,28.0,0,1,0,0,1.0,0.0,0.0,0.15000000596046448,14.901000022888184,0.0,0.0,0.0,0.0,0.0,0.0,0.0,0.0,0.0,0.0,0.0,0.0
1,0,1,0,0,32.0,1,0,0,1,0.0,0.0,1.0,1.6100000143051147,43.38600158691406,0.0,0.0,0.0,0.0,0.0,0.0,0.0,0.0,0.0,0.0,0.0,0.0
1,0,1,0,0,33.0,1,0,0,1,0.0,0.0,1.0,1.6100000143051147,13.614999771118164,0.0,0.0,0.0,0.0,0.0,0.0,0.0,0.0,0.0,0.0,0.0,0.0
0,0,1,0,0,28.0,2,1,0,0,0.0,0.0,0.0,0.28999999165534973,0.47699999809265137,0.0,0.0,0.0,0.0,0.0,0.0,0.0,0.0,0.0,0.0,0.0,0.0
0,0,1,0,0,31.0,2,1,0,0,0.0,0.0,0.0,0.28999999165534973,16.52400016784668,0.0,0.0,0.0,0.0,0.0,0.0,0.0,0.0,0.0,1.0,0.0,0.0
0,0,1,0,0,20.0,2,0,0,0,1.0,0.0,0.0,2.2300000190734863,4.202000141143799,0.0,0.0,0.0,0.0,0.0,0.0,0.0,0.0,0.0,0.0,0.0,0.0
0,1,1,0,0,19.0,3,0,0,0,1.0,0.0,0.0,1.0499999523162842,26.81999969482422,0.0,0.0,0.0,0.0,0.0,0.0,0.0,0.0,1.0,0.0,0.0,0.0
0,1,1,0,0,18.0,1,1,0,0,1.0,0.0,0.0,0.8199999928474426,1.8799999952316284,0.0,0.0,0.0,0.0,0.0,0.0,0.0,0.0,0.0,0.0,0.0,0.0
0,0,1,0,0,23.0,2,1,0,0,1.0,0.0,0.0,2.630000114440918,16.077999114990234,0.0,0.0,0.0,0.0,1.0,0.0,0.0,0.0,2.0,1.0,0.0,0.0
1,0,1,0,0,21.0,2,1,0,0,1.0,0.0,0.0,0.41999998688697815,39.9370002746582,1.0,0.0,0.0,0.0,1.0,0.0,0.0,0.0,1.0,0.0,0.0,0.0
0,1,1,0,0,17.0,1,0,0,0,0.0,1.0,0.0,2.869999885559082,27.69099998474121,0.0,0.0,0.0,0.0,2.0,0.0,0.0,0.0,0.0,0.0,0.0,0.0
0,1,1,0,0,22.0,6,0,0,0,1.0,0.0,0.0,1.6799999475479126,13.559000015258789,0.0,0.0,0.0,0.0,0.0,0.0,0.0,0.0,0.0,0.0,0.0,0.0
1,1,1,0,0,23.0,6,0,0,0,1.0,0.0,0.0,1.6799999475479126,10.961000442504883,2.0,0.0,0.0,0.0,1.0,0.0,0.0,0.0,0.0,0.0,0.0,0.0
0,1,1,0,0,21.0,1,0,1,0,0.0,0.0,1.0,2.890000104904175,22.5939998626709,0.0,0.0,0.0,0.0,0.0,0.0,0.0,0.0,0.0,0.0,0.0,0.0
0,1,1,0,0,26.0,2,1,0,0,0.0,1.0,0.0,2.759999990463257,38.38100051879883,0.0,0.0,0.0,0.0,1.0,0.0,1.0,0.0,0.0,0.0,0.0,1.0
0,0,1,0,0,27.0,2,1,0,0,0.0,1.0,0.0,2.759999990463257,37.15700149536133,2.0,2.0,1.0,0.0,0.0,0.0,1.0,1.0,1.0,1.0,0.0,0.0
1,0,1,0,0,26.0,1,1,0,0,0.0,0.0,1.0,0.6299999952316284,25.273000717163086,0.0,0.0,0.0,0.0,0.0,1.0,0.0,0.0,1.0,0.0,0.0,0.0
1,1,1,0,0,23.0,2,1,0,0,1.0,0.0,0.0,2.1700000762939453,17.243000030517578,0.0,0.0,0.0,0.0,1.0,0.0,0.0,0.0,0.0,0.0,0.0,0.0
0,0,1,0,0,23.0,1,1,0,0,0.0,0.0,1.0,1.2699999809265137,47.26499938964844,0.0,0.0,0.0,0.0,1.0,0.0,0.0,0.0,0.0,0.0,0.0,0.0
0,1,1,0,0,33.0,1,0,0,0,0.0,0.0,1.0,4.679999828338623,80.24700164794922,0.0,0.0,0.0,0.0,1.0,0.0,0.0,0.0,0.0,0.0,0.0,0.0
0,0,1,0,0,25.0,4,0,0,0,1.0,0.0,0.0,0.9800000190734863,27.961000442504883,1.0,0.0,0.0,0.0,2.0,0.0,0.0,1.0,3.0,1.0,1.0,0.0
1,0,1,0,0,25.0,6,1,0,0,0.0,0.0,0.0,0.28999999165534973,12.689000129699707,0.0,0.0,0.0,0.0,1.0,0.0,0.0,2.0,0.0,0.0,0.0,0.0
0,1,1,0,0,27.0,6,1,0,0,0.0,0.0,0.0,0.28999999165534973,21.05500030517578,0.0,1.0,0.0,0.0,1.0,0.0,0.0,1.0,1.0,0.0,0.0,0.0
1,0,1,0,0,28.0,6,1,0,0,0.0,0.0,0.0,0.28999999165534973,31.726999282836914,0.0,0.0,0.0,0.0,0.0,0.0,0.0,0.0,0.0,0.0,0.0,1.0
0,0,1,0,0,25.0,4,1,0,0,0.0,0.0,0.0,0.7200000286102295,34.779998779296875,0.0,0.0,0.0,0.0,1.0,0.0,0.0,0.0,0.0,0.0,0.0,0.0
0,1,1,0,0,27.0,4,1,0,0,0.0,0.0,0.0,0.7200000286102295,7.065000057220459,0.0,0.0,0.0,0.0,1.0,0.0,0.0,0.0,0.0,0.0,0.0,0.0
0,1,1,0,0,24.0,1,0,1,0,0.0,0.0,0.0,0.949999988079071,18.304000854492188,0.0,0.0,0.0,0.0,1.0,0.0,0.0,0.0,0.0,0.0,0.0,0.0
0,0,1,0,0,23.0,2,0,0,0,1.0,0.0,0.0,3.0999999046325684,32.150001525878906,0.0,0.0,0.0,0.0,0.0,0.0,0.0,2.0,0.0,0.0,0.0,1.0
0,0,1,0,0,24.0,2,0,0,0,1.0,0.0,0.0,3.0999999046325684,10.375,0.0,0.0,0.0,0.0,1.0,0.0,0.0,2.0,0.0,0.0,0.0,1.0
1,1,1,0,0,21.0,0,1,0,0,1.0,0.0,0.0,5.550000190734863,4.9710001945495605,0.0,0.0,0.0,0.0,1.0,0.0,0.0,1.0,1.0,1.0,0.0,1.0
0,1,1,0,0,20.0,2,0,1,0,0.0,1.0,0.0,0.23999999463558197,42.233001708984375,0.0,0.0,0.0,0.0,1.0,0.0,0.0,0.0,1.0,0.0,0.0,0.0
1,0,1,0,0,20.0,1,0,0,0,0.0,1.0,0.0,3.680000066757202,87.58499908447266,1.0,0.0,0.0,0.0,0.0,0.0,0.0,0.0,0.0,0.0,0.0,0.0
0,1,1,0,0,25.0,1,1,0,0,0.0,1.0,0.0,2.8499999046325684,15.592000007629395,0.0,0.0,0.0,1.0,1.0,0.0,0.0,0.0,0.0,0.0,0.0,0.0
1,0,1,0,0,26.0,1,1,0,0,0.0,1.0,0.0,2.8499999046325684,9.168999671936035,0.0,0.0,0.0,0.0,0.0,0.0,0.0,1.0,2.0,1.0,0.0,0.0
0,1,1,0,0,17.0,1,1,0,0,0.0,0.0,0.0,1.190000057220459,34.75400161743164,0.0,0.0,0.0,0.0,0.0,0.0,0.0,0.0,0.0,0.0,0.0,0.0
0,1,1,0,0,20.0,0,1,0,0,1.0,0.0,0.0,0.14000000059604645,21.204999923706055,0.0,0.0,0.0,0.0,0.0,1.0,0.0,1.0,1.0,0.0,0.0,0.0
0,1,1,0,0,23.0,1,1,0,0,1.0,0.0,0.0,0.3799999952316284,2.2079999446868896,0.0,0.0,0.0,0.0,1.0,0.0,0.0,0.0,0.0,0.0,0.0,0.0
1,1,1,0,0,25.0,1,1,0,0,1.0,0.0,0.0,0.3799999952316284,5.2230000495910645,0.0,0.0,1.0,0.0,2.0,0.0,2.0,0.0,0.0,0.0,0.0,1.0
0,1,1,0,0,19.0,1,1,0,0,0.0,0.0,0.0,0.6200000047683716,8.119000434875488,0.0,0.0,0.0,0.0,0.0,0.0,1.0,0.0,1.0,0.0,0.0,0.0
0,0,1,0,0,19.0,3,0,0,0,1.0,0.0,0.0,1.6699999570846558,9.53600025177002,0.0,0.0,0.0,0.0,1.0,0.0,0.0,0.0,2.0,0.0,0.0,0.0
1,0,1,0,0,21.0,3,0,0,0,1.0,0.0,0.0,1.6699999570846558,5.605999946594238,1.0,0.0,0.0,0.0,0.0,0.0,0.0,3.0,0.0,0.0,0.0,1.0
1,0,1,0,0,36.0,0,1,0,0,0.0,1.0,0.0,2.5899999141693115,42.641998291015625,0.0,0.0,0.0,0.0,1.0,0.0,0.0,0.0,0.0,1.0,0.0,0.0
0,1,1,0,0,18.0,0,0,0,1,0.0,1.0,0.0,1.25,8.819999694824219,0.0,0.0,0.0,0.0,0.0,0.0,0.0,0.0,0.0,0.0,0.0,0.0
0,1,1,0,0,20.0,0,1,0,0,0.0,1.0,0.0,1.25,25.577999114990234,1.0,1.0,1.0,0.0,0.0,0.0,0.0,1.0,1.0,0.0,0.0,0.0
0,0,0,1,0,25.0,1,0,0,0,1.0,0.0,0.0,3.140000104904175,45.86399841308594,0.0,0.0,0.0,0.0,0.0,0.0,0.0,0.0,2.0,1.0,0.0,0.0
0,1,0,1,0,34.0,2,1,0,0,0.0,1.0,0.0,2.3299999237060547,52.74300003051758,0.0,0.0,0.0,0.0,0.0,0.0,0.0,2.0,1.0,0.0,0.0,0.0
0,1,1,0,0,35.0,1,1,0,0,0.0,1.0,0.0,2.5,29.360000610351562,0.0,0.0,0.0,0.0,1.0,0.0,0.0,3.0,2.0,2.0,0.0,0.0
0,0,1,0,0,25.0,3,0,0,0,1.0,0.0,0.0,1.1399999856948853,29.510000228881836,0.0,0.0,0.0,0.0,1.0,0.0,0.0,0.0,0.0,0.0,0.0,0.0
0,0,1,0,0,18.0,2,1,0,0,0.0,1.0,0.0,2.25,24.89900016784668,0.0,1.0,0.0,0.0,0.0,0.0,0.0,1.0,0.0,1.0,0.0,0.0
1,0,1,0,0,30.0,0,1,0,0,1.0,0.0,0.0,2.0399999618530273,20.714000701904297,0.0,1.0,0.0,0.0,1.0,0.0,0.0,2.0,1.0,1.0,0.0,0.0
1,0,1,0,0,25.0,2,1,0,0,0.0,1.0,0.0,1.2300000190734863,0.15000000596046448,0.0,0.0,0.0,0.0,1.0,0.0,1.0,0.0,1.0,1.0,0.0,0.0
0,1,1,0,0,25.0,0,1,0,0,1.0,0.0,0.0,1.399999976158142,14.758999824523926,0.0,0.0,0.0,0.0,1.0,0.0,0.0,0.0,2.0,1.0,0.0,0.0
1,0,1,0,0,22.0,1,1,0,0,0.0,0.0,0.0,1.2699999809265137,0.49900001287460327,0.0,0.0,0.0,0.0,1.0,0.0,1.0,1.0,0.0,0.0,0.0,0.0
1,1,1,0,0,24.0,2,0,1,0,1.0,0.0,0.0,2.4800000190734863,59.58300018310547,0.0,1.0,0.0,0.0,2.0,0.0,0.0,4.0,4.0,4.0,0.0,0.0
1,1,1,0,0,20.0,0,1,0,0,0.0,1.0,0.0,1.659999966621399,23.249000549316406,0.0,0.0,0.0,0.0,1.0,0.0,0.0,0.0,1.0,1.0,0.0,0.0
0,1,1,0,0,22.0,1,1,0,0,1.0,0.0,0.0,2.5299999713897705,7.869999885559082,0.0,0.0,0.0,0.0,1.0,0.0,0.0,0.0,2.0,0.0,0.0,0.0
1,0,1,0,0,21.0,0,0,0,0,0.0,0.0,1.0,1.3700000047683716,6.673999786376953,1.0,0.0,2.0,1.0,0.0,1.0,1.0,2.0,0.0,0.0,0.0,0.0
1,0,1,0,0,18.0,4,1,0,0,0.0,0.0,0.0,0.10999999940395355,0.3160000145435333,1.0,0.0,0.0,0.0,1.0,0.0,0.0,0.0,0.0,1.0,0.0,0.0
0,1,1,0,0,19.0,4,1,0,0,0.0,0.0,0.0,0.10999999940395355,1.6610000133514404,0.0,0.0,0.0,0.0,0.0,0.0,1.0,1.0,0.0,0.0,0.0,0.0
0,1,1,0,0,20.0,2,1,0,0,0.0,0.0,0.0,0.18000000715255737,23.850000381469727,0.0,1.0,0.0,0.0,1.0,0.0,0.0,0.0,1.0,0.0,0.0,0.0
0,1,1,0,0,21.0,2,1,0,0,0.0,0.0,0.0,0.18000000715255737,11.472000122070312,0.0,0.0,0.0,0.0,0.0,0.0,0.0,0.0,0.0,0.0,0.0,0.0
0,0,1,0,0,19.0,3,1,0,0,0.0,1.0,0.0,1.2699999809265137,3.3410000801086426,0.0,0.0,0.0,0.0,1.0,1.0,0.0,0.0,0.0,0.0,0.0,0.0
1,1,1,0,0,21.0,3,1,0,0,0.0,1.0,0.0,1.2699999809265137,43.98099899291992,0.0,0.0,0.0,0.0,0.0,0.0,0.0,0.0,0.0,0.0,0.0,1.0
1,1,1,0,0,20.0,3,1,0,0,0.0,0.0,0.0,0.11999999731779099,46.60900115966797,1.0,1.0,0.0,0.0,2.0,0.0,1.0,1.0,0.0,0.0,0.0,1.0
0,1,1,0,0,20.0,3,1,0,0,0.0,0.0,0.0,0.11999999731779099,40.13600158691406,0.0,0.0,0.0,0.0,2.0,1.0,0.0,0.0,2.0,0.0,0.0,0.0
1,0,1,0,0,21.0,3,1,0,0,0.0,0.0,0.0,0.11999999731779099,48.52299880981445,0.0,0.0,0.0,0.0,0.0,0.0,0.0,1.0,0.0,1.0,0.0,1.0
0,1,1,0,0,22.0,2,1,0,0,0.0,0.0,0.0,0.4699999988079071,5.960000038146973,0.0,0.0,0.0,0.0,0.0,0.0,0.0,1.0,0.0,0.0,0.0,0.0
1,0,1,0,0,24.0,5,1,0,0,1.0,0.0,0.0,0.23999999463558197,10.177000045776367,0.0,1.0,0.0,0.0,2.0,1.0,2.0,1.0,2.0,2.0,1.0,0.0
0,0,1,0,0,21.0,2,0,0,0,1.0,0.0,0.0,0.30000001192092896,8.57800006866455,0.0,0.0,0.0,0.0,1.0,0.0,0.0,0.0,0.0,0.0,0.0,0.0
0,1,1,0,0,20.0,1,0,0,0,0.0,1.0,0.0,2.069999933242798,69.5469970703125,0.0,0.0,0.0,0.0,0.0,0.0,0.0,0.0,0.0,0.0,0.0,0.0
0,1,1,0,0,18.0,2,0,0,0,0.0,0.0,0.0,0.36000001430511475,2.6589999198913574,0.0,0.0,0.0,0.0,0.0,0.0,0.0,2.0,2.0,2.0,0.0,1.0
1,0,1,0,0,34.0,2,0,0,0,1.0,0.0,0.0,0.3700000047683716,17.086999893188477,0.0,1.0,0.0,0.0,1.0,1.0,0.0,4.0,4.0,0.0,0.0,1.0
0,1,1,0,0,22.0,2,0,0,0,1.0,0.0,0.0,1.600000023841858,0.38499999046325684,0.0,1.0,0.0,0.0,0.0,0.0,1.0,0.0,0.0,0.0,0.0,1.0
0,1,0,1,0,18.0,2,1,0,0,0.0,1.0,0.0,0.5099999904632568,8.616000175476074,0.0,0.0,0.0,0.0,0.0,0.0,0.0,0.0,1.0,0.0,0.0,0.0
1,1,0,1,0,32.0,0,1,0,0,0.0,0.0,1.0,6.010000228881836,35.13600158691406,2.0,0.0,0.0,0.0,0.0,0.0,0.0,4.0,4.0,2.0,0.0,0.0
1,0,1,0,0,18.0,1,0,1,0,1.0,0.0,0.0,3.0799999237060547,1.965999960899353,2.0,2.0,2.0,1.0,3.0,3.0,0.0,0.0,2.0,1.0,0.0,1.0
0,1,1,0,0,41.0,0,0,0,0,1.0,0.0,0.0,9.210000038146973,75.4530029296875,0.0,0.0,0.0,0.0,2.0,0.0,0.0,1.0,3.0,0.0,0.0,0.0
1,0,1,0,0,17.0,3,0,1,0,1.0,0.0,0.0,4.360000133514404,26.174999237060547,2.0,0.0,0.0,0.0,0.0,0.0,0.0,0.0,2.0,1.0,0.0,0.0
0,0,1,0,0,19.0,3,0,1,0,1.0,0.0,0.0,4.360000133514404,16.420000076293945,0.0,0.0,0.0,1.0,1.0,0.0,0.0,0.0,0.0,0.0,0.0,0.0
1,0,1,0,0,34.0,0,0,0,0,0.0,1.0,0.0,7.360000133514404,16.507999420166016,1.0,1.0,1.0,0.0,1.0,1.0,1.0,0.0,1.0,0.0,0.0,0.0
1,0,1,0,0,27.0,0,0,0,0,0.0,0.0,1.0,16.270000457763672,91.11299896240234,0.0,0.0,0.0,1.0,1.0,0.0,0.0,0.0,0.0,0.0,0.0,0.0
0,1,1,0,0,26.0,2,1,0,0,0.0,1.0,0.0,1.5700000524520874,69.75299835205078,0.0,4.0,1.0,0.0,0.0,0.0,2.0,2.0,4.0,2.0,0.0,0.0
0,1,1,0,0,31.0,1,1,0,0,0.0,1.0,0.0,5.300000190734863,86.51599884033203,0.0,0.0,0.0,0.0,0.0,0.0,0.0,0.0,0.0,0.0,0.0,0.0
0,1,1,0,0,23.0,1,1,0,0,0.0,0.0,0.0,0.23000000417232513,38.05799865722656,0.0,0.0,0.0,0.0,1.0,0.0,0.0,0.0,0.0,0.0,0.0,0.0
1,0,1,0,0,20.0,3,1,0,0,1.0,0.0,0.0,0.20000000298023224,46.930999755859375,0.0,1.0,0.0,0.0,0.0,0.0,0.0,1.0,3.0,0.0,0.0,0.0
0,1,1,0,0,19.0,1,1,0,0,1.0,0.0,0.0,0.949999988079071,3.4860000610351562,0.0,0.0,0.0,0.0,0.0,0.0,0.0,0.0,0.0,0.0,0.0,0.0
0,1,1,0,0,26.0,0,1,0,0,0.0,1.0,0.0,4.860000133514404,26.695999145507812,0.0,0.0,0.0,0.0,0.0,0.0,0.0,0.0,0.0,0.0,0.0,0.0
0,0,1,0,0,34.0,3,1,0,0,0.0,1.0,0.0,2.140000104904175,51.26100158691406,1.0,0.0,0.0,0.0,1.0,0.0,0.0,1.0,2.0,1.0,0.0,0.0
0,1,0,1,0,27.0,1,0,0,0,1.0,0.0,0.0,3.0799999237060547,22.80900001525879,1.0,0.0,0.0,0.0,1.0,0.0,0.0,3.0,1.0,1.0,1.0,0.0
0,0,1,0,0,15.0,2,0,1,0,0.0,1.0,0.0,0.17000000178813934,3.802000045776367,1.0,0.0,0.0,0.0,0.0,0.0,0.0,0.0,0.0,0.0,0.0,1.0
1,0,1,0,0,16.0,2,0,1,0,0.0,1.0,0.0,0.17000000178813934,17.826000213623047,0.0,0.0,0.0,0.0,1.0,0.0,1.0,3.0,0.0,1.0,1.0,0.0
1,0,1,0,0,21.0,1,1,0,0,0.0,0.0,0.0,0.03999999910593033,8.008000373840332,0.0,0.0,0.0,0.0,0.0,1.0,0.0,0.0,0.0,0.0,0.0,0.0
0,1,1,0,0,31.0,1,0,0,0,0.0,0.0,1.0,3.069999933242798,28.416000366210938,0.0,0.0,0.0,0.0,0.0,0.0,0.0,0.0,0.0,0.0,0.0,0.0
0,1,1,0,0,20.0,1,0,1,0,0.0,0.0,1.0,3.140000104904175,22.416000366210938,0.0,0.0,0.0,0.0,1.0,0.0,0.0,0.0,0.0,0.0,0.0,0.0
0,0,1,0,0,24.0,3,1,0,0,0.0,0.0,0.0,1.8200000524520874,22.961999893188477,1.0,0.0,0.0,1.0,1.0,0.0,0.0,1.0,0.0,0.0,0.0,0.0
0,0,1,0,0,24.0,3,1,0,0,0.0,0.0,0.0,1.8200000524520874,0.24500000476837158,0.0,0.0,0.0,0.0,0.0,0.0,0.0,0.0,0.0,0.0,0.0,1.0
0,0,1,0,0,23.0,1,1,0,0,0.0,0.0,0.0,0.7900000214576721,18.167999267578125,1.0,0.0,0.0,0.0,1.0,0.0,0.0,0.0,0.0,0.0,0.0,0.0
0,1,1,0,0,29.0,2,1,0,0,1.0,0.0,0.0,1.3200000524520874,16.132999420166016,0.0,0.0,0.0,0.0,0.0,0.0,0.0,0.0,1.0,0.0,0.0,0.0
1,1,1,0,0,24.0,2,1,0,0,1.0,0.0,0.0,0.44999998807907104,22.389999389648438,0.0,0.0,0.0,0.0,0.0,0.0,0.0,0.0,1.0,0.0,0.0,0.0
0,1,1,0,0,23.0,2,0,1,0,0.0,1.0,0.0,2.740000009536743,48.17300033569336,0.0,0.0,0.0,0.0,0.0,0.0,0.0,0.0,0.0,0.0,0.0,0.0
0,1,1,0,0,24.0,2,0,1,0,0.0,1.0,0.0,2.740000009536743,4.335000038146973,0.0,0.0,0.0,0.0,0.0,0.0,0.0,0.0,0.0,0.0,0.0,0.0
1,1,1,0,0,21.0,1,1,0,0,0.0,1.0,0.0,0.1899999976158142,56.108001708984375,1.0,0.0,0.0,0.0,1.0,0.0,0.0,0.0,0.0,0.0,0.0,0.0
0,1,1,0,0,30.0,1,0,0,0,0.0,0.0,0.0,2.430000066757202,24.389999389648438,0.0,0.0,0.0,0.0,1.0,0.0,0.0,0.0,0.0,0.0,0.0,0.0
1,1,1,0,0,20.0,1,1,0,0,0.0,0.0,0.0,0.17000000178813934,5.493000030517578,0.0,0.0,0.0,0.0,2.0,0.0,0.0,2.0,2.0,0.0,0.0,1.0
0,1,1,0,0,19.0,5,1,0,0,1.0,0.0,0.0,0.6000000238418579,0.9399999976158142,0.0,0.0,0.0,0.0,1.0,0.0,0.0,0.0,0.0,0.0,0.0,0.0
0,1,1,0,0,20.0,5,1,0,0,1.0,0.0,0.0,0.6000000238418579,5.415999889373779,0.0,0.0,0.0,0.0,1.0,0.0,0.0,0.0,0.0,0.0,0.0,0.0
0,1,1,0,0,28.0,1,0,0,0,0.0,0.0,1.0,2.799999952316284,48.542999267578125,0.0,0.0,0.0,0.0,0.0,1.0,0.0,0.0,0.0,0.0,0.0,0.0
0,0,1,0,0,30.0,1,0,0,0,0.0,0.0,1.0,2.799999952316284,40.86399841308594,0.0,0.0,0.0,0.0,1.0,1.0,0.0,1.0,0.0,0.0,0.0,0.0
0,0,1,0,0,21.0,1,0,0,0,1.0,0.0,0.0,3.6500000953674316,66.27400207519531,0.0,0.0,0.0,0.0,1.0,0.0,0.0,0.0,2.0,0.0,0.0,0.0
0,0,1,0,0,22.0,2,0,1,0,0.0,0.0,1.0,2.8299999237060547,46.797000885009766,0.0,0.0,0.0,0.0,1.0,0.0,0.0,0.0,0.0,0.0,0.0,0.0
0,1,1,0,0,19.0,0,0,0,0,0.0,1.0,0.0,3.3299999237060547,13.28499984741211,0.0,0.0,0.0,0.0,1.0,0.0,0.0,0.0,0.0,0.0,0.0,0.0
1,0,1,0,0,17.0,0,1,0,0,0.0,0.0,1.0,1.1100000143051147,15.621000289916992,0.0,0.0,0.0,0.0,0.0,0.0,0.0,1.0,2.0,1.0,0.0,0.0
0,0,1,0,0,12.0,3,0,0,0,0.0,0.0,0.0,0.3199999928474426,9.052000045776367,1.0,0.0,0.0,0.0,1.0,0.0,0.0,1.0,0.0,0.0,0.0,0.0
0,0,1,0,0,14.0,3,0,0,0,0.0,0.0,0.0,0.3199999928474426,10.045000076293945,0.0,0.0,1.0,0.0,1.0,0.0,0.0,0.0,0.0,0.0,0.0,0.0
1,1,1,0,0,14.0,3,0,0,0,0.0,0.0,0.0,0.3199999928474426,5.114999771118164,0.0,0.0,0.0,0.0,0.0,0.0,0.0,0.0,1.0,0.0,0.0,0.0
0,0,1,0,0,28.0,2,1,0,0,1.0,0.0,0.0,2.359999895095825,21.874000549316406,0.0,0.0,0.0,0.0,1.0,0.0,0.0,0.0,0.0,0.0,0.0,0.0
1,0,1,0,0,24.0,1,1,0,0,0.0,1.0,0.0,2.0799999237060547,49.439998626708984,0.0,0.0,0.0,0.0,1.0,1.0,0.0,1.0,0.0,0.0,0.0,1.0
0,1,1,0,0,29.0,2,0,0,0,1.0,0.0,0.0,3.9600000381469727,44.694000244140625,0.0,0.0,0.0,0.0,0.0,0.0,0.0,0.0,2.0,0.0,0.0,0.0
0,0,1,0,0,20.0,2,1,0,0,0.0,1.0,0.0,1.8899999856948853,1.1410000324249268,0.0,0.0,0.0,0.0,1.0,0.0,0.0,1.0,0.0,0.0,0.0,0.0
1,1,1,0,0,20.0,1,1,0,0,0.0,0.0,0.0,0.20000000298023224,2.006999969482422,2.0,3.0,1.0,1.0,2.0,1.0,0.0,3.0,2.0,3.0,0.0,1.0
0,1,1,0,0,18.0,2,0,1,0,1.0,0.0,0.0,1.5299999713897705,82.03800201416016,0.0,0.0,0.0,0.0,0.0,0.0,1.0,0.0,1.0,0.0,0.0,1.0
0,0,1,0,0,20.0,2,0,1,0,1.0,0.0,0.0,1.5299999713897705,27.90399932861328,0.0,0.0,0.0,0.0,2.0,0.0,0.0,0.0,0.0,0.0,0.0,0.0
0,0,1,0,0,25.0,1,1,0,0,0.0,0.0,1.0,1.340000033378601,13.54800033569336,0.0,0.0,0.0,0.0,0.0,0.0,0.0,0.0,0.0,1.0,0.0,0.0
0,0,1,0,0,22.0,0,0,1,0,1.0,0.0,0.0,3.559999942779541,67.4219970703125,0.0,0.0,0.0,0.0,0.0,0.0,0.0,0.0,0.0,0.0,0.0,0.0
1,0,1,0,0,18.0,2,0,1,0,0.0,1.0,0.0,2.559999942779541,44.981998443603516,1.0,1.0,0.0,2.0,3.0,2.0,0.0,2.0,2.0,2.0,0.0,0.0
1,1,1,0,0,27.0,1,1,0,0,1.0,0.0,0.0,2.9700000286102295,32.08700180053711,1.0,0.0,0.0,0.0,0.0,1.0,0.0,0.0,2.0,0.0,0.0,0.0
0,1,1,0,0,18.0,1,0,0,0,1.0,0.0,0.0,1.1299999952316284,29.761999130249023,0.0,0.0,0.0,0.0,0.0,0.0,1.0,1.0,1.0,1.0,0.0,0.0
1,1,1,0,0,21.0,3,0,1,0,1.0,0.0,0.0,1.3600000143051147,27.468000411987305,0.0,0.0,0.0,0.0,0.0,0.0,0.0,1.0,1.0,0.0,0.0,0.0
0,1,1,0,0,24.0,3,0,0,0,1.0,0.0,0.0,1.3600000143051147,4.484000205993652,0.0,0.0,0.0,0.0,1.0,0.0,0.0,1.0,0.0,0.0,0.0,0.0
0,0,1,0,0,19.0,2,1,0,0,0.0,1.0,0.0,3.759999990463257,13.798999786376953,0.0,0.0,0.0,0.0,2.0,1.0,0.0,2.0,1.0,1.0,0.0,0.0
1,0,1,0,0,23.0,0,1,0,0,0.0,0.0,0.0,0.8100000023841858,7.046999931335449,1.0,0.0,0.0,0.0,1.0,0.0,0.0,0.0,0.0,0.0,0.0,1.0
0,1,0,1,0,17.0,3,1,0,0,0.0,0.0,0.0,0.41999998688697815,9.949999809265137,0.0,0.0,0.0,0.0,0.0,0.0,0.0,0.0,0.0,0.0,0.0,0.0
0,0,1,0,0,22.0,2,1,0,0,1.0,0.0,0.0,0.6299999952316284,5.697000026702881,1.0,0.0,0.0,0.0,0.0,0.0,0.0,0.0,0.0,0.0,0.0,0.0
1,0,0,1,0,25.0,3,0,1,0,1.0,0.0,0.0,1.9600000381469727,5.673999786376953,0.0,0.0,1.0,0.0,1.0,0.0,0.0,2.0,3.0,1.0,0.0,0.0
0,0,0,1,0,33.0,1,1,0,0,0.0,0.0,1.0,0.05000000074505806,55.92900085449219,0.0,0.0,0.0,0.0,1.0,0.0,0.0,0.0,1.0,0.0,0.0,1.0
1,0,0,1,0,20.0,1,0,0,0,0.0,1.0,0.0,2.2699999809265137,65.98899841308594,0.0,0.0,0.0,0.0,0.0,0.0,0.0,2.0,2.0,0.0,0.0,0.0
0,0,0,1,0,41.0,1,1,0,0,0.0,0.0,0.0,0.0,15.440999984741211,1.0,0.0,0.0,0.0,1.0,0.0,1.0,0.0,0.0,0.0,0.0,1.0
0,1,0,1,0,22.0,4,0,1,0,0.0,0.0,0.0,0.0,33.62300109863281,0.0,0.0,0.0,0.0,1.0,0.0,0.0,0.0,2.0,0.0,0.0,0.0
0,1,0,1,0,19.0,1,0,0,0,0.0,1.0,0.0,2.140000104904175,24.2810001373291,0.0,0.0,0.0,0.0,0.0,0.0,0.0,1.0,1.0,1.0,0.0,0.0
0,1,0,1,0,21.0,1,0,0,0,0.0,1.0,0.0,2.140000104904175,40.62200164794922,0.0,0.0,0.0,0.0,0.0,0.0,0.0,2.0,1.0,0.0,0.0,0.0
0,1,0,1,0,30.0,1,0,0,0,0.0,0.0,1.0,5.590000152587891,72.1240005493164,0.0,0.0,0.0,0.0,1.0,0.0,0.0,0.0,0.0,0.0,0.0,0.0
0,1,1,0,0,17.0,3,1,0,0,0.0,1.0,0.0,1.7999999523162842,7.855000019073486,0.0,0.0,0.0,0.0,2.0,0.0,1.0,1.0,0.0,0.0,0.0,0.0
0,1,1,0,0,40.0,0,0,0,0,1.0,0.0,0.0,0.49000000953674316,24.42099952697754,0.0,0.0,0.0,0.0,1.0,0.0,0.0,0.0,0.0,0.0,0.0,0.0
1,1,0,1,0,40.0,1,0,0,0,1.0,0.0,0.0,1.100000023841858,23.615999221801758,0.0,0.0,0.0,0.0,1.0,0.0,1.0,0.0,1.0,0.0,0.0,0.0
1,0,0,1,0,30.0,2,0,0,0,0.0,0.0,0.0,0.029999999329447746,19.131000518798828,0.0,0.0,0.0,0.0,1.0,0.0,0.0,0.0,1.0,0.0,0.0,0.0
0,1,0,1,0,30.0,2,0,0,0,0.0,0.0,0.0,0.029999999329447746,10.83899974822998,0.0,0.0,0.0,0.0,0.0,1.0,2.0,3.0,3.0,2.0,0.0,1.0
0,0,0,1,0,34.0,1,0,0,0,0.0,0.0,0.0,1.7000000476837158,22.586999893188477,0.0,0.0,0.0,0.0,2.0,0.0,0.0,0.0,1.0,0.0,0.0,0.0
1,0,0,1,0,21.0,4,1,0,0,1.0,0.0,0.0,1.4800000190734863,19.31399917602539,0.0,0.0,1.0,0.0,1.0,0.0,0.0,1.0,1.0,0.0,0.0,0.0
1,1,0,1,0,22.0,3,0,0,0,0.0,1.0,0.0,1.4800000190734863,5.541999816894531,1.0,0.0,0.0,0.0,1.0,0.0,1.0,1.0,0.0,0.0,0.0,1.0
1,1,1,0,0,21.0,0,1,0,0,0.0,1.0,0.0,1.6299999952316284,46.75600051879883,0.0,3.0,0.0,1.0,0.0,0.0,0.0,2.0,2.0,2.0,0.0,0.0
0,1,1,0,0,22.0,2,0,0,0,0.0,1.0,0.0,1.7699999809265137,62.84400177001953,0.0,0.0,0.0,0.0,0.0,0.0,0.0,0.0,0.0,0.0,0.0,0.0
0,0,0,1,0,17.0,4,1,0,0,0.0,0.0,0.0,0.3199999928474426,6.567999839782715,0.0,0.0,0.0,0.0,1.0,0.0,0.0,0.0,0.0,0.0,0.0,0.0
0,1,0,1,0,18.0,4,1,0,0,0.0,0.0,0.0,0.3199999928474426,9.930999755859375,0.0,0.0,0.0,0.0,0.0,0.0,0.0,0.0,0.0,0.0,0.0,0.0
0,0,1,0,0,28.0,1,1,0,0,0.0,0.0,0.0,0.8600000143051147,0.7110000252723694,0.0,0.0,0.0,0.0,0.0,0.0,0.0,2.0,0.0,0.0,0.0,1.0
1,0,1,0,0,29.0,1,0,0,0,0.0,0.0,1.0,3.6500000953674316,45.327999114990234,0.0,0.0,0.0,0.0,1.0,0.0,0.0,0.0,1.0,0.0,0.0,0.0
0,1,0,1,0,36.0,2,0,0,0,0.0,0.0,0.0,0.0,44.880001068115234,0.0,0.0,0.0,0.0,0.0,0.0,0.0,1.0,2.0,0.0,0.0,0.0
1,0,0,1,0,24.0,1,1,0,0,1.0,0.0,0.0,0.4000000059604645,12.82800006866455,1.0,1.0,2.0,1.0,1.0,0.0,0.0,2.0,1.0,1.0,0.0,1.0
1,0,0,1,0,26.0,1,1,0,0,1.0,0.0,0.0,0.4000000059604645,15.755000114440918,0.0,0.0,0.0,0.0,1.0,0.0,0.0,0.0,0.0,0.0,0.0,0.0
0,0,0,1,0,15.0,2,1,0,0,0.0,0.0,1.0,0.5299999713897705,34.452999114990234,0.0,0.0,0.0,0.0,1.0,0.0,0.0,1.0,0.0,0.0,0.0,0.0
0,0,0,1,0,19.0,2,1,0,0,0.0,0.0,1.0,0.5299999713897705,31.875,1.0,0.0,0.0,0.0,0.0,0.0,0.0,2.0,2.0,1.0,0.0,0.0
0,0,0,1,0,19.0,1,0,0,0,0.0,0.0,1.0,3.5799999237060547,11.826000213623047,1.0,0.0,0.0,0.0,1.0,0.0,0.0,0.0,0.0,0.0,0.0,0.0
1,0,0,1,0,29.0,2,0,0,0,1.0,0.0,0.0,1.0199999809265137,13.833999633789062,1.0,0.0,0.0,0.0,1.0,0.0,0.0,0.0,0.0,0.0,0.0,0.0
0,0,0,1,0,31.0,1,1,0,0,0.0,0.0,1.0,1.0099999904632568,38.435001373291016,0.0,0.0,0.0,0.0,2.0,0.0,0.0,0.0,1.0,0.0,0.0,0.0
0,1,0,1,0,29.0,2,1,0,0,0.0,0.0,1.0,1.5,89.02200317382812,0.0,0.0,0.0,0.0,1.0,0.0,0.0,1.0,1.0,0.0,0.0,0.0
1,0,0,1,0,31.0,3,1,0,0,1.0,0.0,0.0,0.3799999952316284,17.11199951171875,0.0,0.0,0.0,1.0,2.0,0.0,0.0,0.0,1.0,0.0,0.0,1.0
0,0,0,1,0,25.0,2,0,0,0,0.0,0.0,0.0,0.5099999904632568,59.48400115966797,1.0,0.0,0.0,0.0,2.0,0.0,0.0,3.0,2.0,1.0,0.0,0.0
1,1,0,1,0,35.0,0,0,0,0,0.0,0.0,1.0,2.609999895095825,3.255000114440918,1.0,0.0,0.0,0.0,2.0,0.0,1.0,4.0,3.0,1.0,1.0,0.0
1,0,0,1,0,26.0,2,1,0,0,1.0,0.0,0.0,2.740000009536743,34.577999114990234,2.0,2.0,0.0,0.0,3.0,2.0,0.0,4.0,3.0,1.0,0.0,1.0
0,0,0,1,0,18.0,1,1,0,0,0.0,1.0,0.0,0.9700000286102295,53.38399887084961,1.0,0.0,0.0,0.0,1.0,0.0,0.0,0.0,2.0,0.0,0.0,0.0
0,1,0,1,0,20.0,1,0,0,0,1.0,0.0,0.0,0.7799999713897705,17.238000869750977,0.0,0.0,0.0,0.0,0.0,0.0,0.0,0.0,1.0,0.0,0.0,0.0
0,1,0,1,0,18.0,2,0,0,0,1.0,0.0,0.0,2.140000104904175,18.78499984741211,0.0,0.0,0.0,0.0,1.0,0.0,0.0,0.0,0.0,0.0,0.0,0.0
1,0,0,1,0,31.0,0,0,0,0,0.0,0.0,1.0,4.130000114440918,85.9489974975586,2.0,1.0,0.0,0.0,1.0,0.0,0.0,2.0,1.0,1.0,0.0,0.0
0,1,0,1,0,28.0,3,0,1,0,0.0,1.0,0.0,2.0199999809265137,34.11000061035156,0.0,0.0,0.0,0.0,0.0,0.0,1.0,0.0,3.0,3.0,1.0,0.0
0,0,0,1,0,23.0,1,0,0,0,1.0,0.0,0.0,3.799999952316284,70.01000213623047,0.0,0.0,0.0,0.0,1.0,0.0,0.0,0.0,1.0,0.0,0.0,0.0
1,0,0,1,0,24.0,1,0,0,0,0.0,1.0,0.0,3.4600000381469727,52.29600143432617,3.0,1.0,0.0,0.0,2.0,1.0,0.0,2.0,2.0,2.0,0.0,0.0
0,0,0,1,0,18.0,2,1,0,0,0.0,0.0,0.0,0.36000001430511475,5.52400016784668,0.0,0.0,0.0,0.0,0.0,0.0,0.0,1.0,1.0,1.0,0.0,0.0
1,0,0,1,0,20.0,1,1,0,0,0.0,1.0,0.0,0.8100000023841858,48.89500045776367,0.0,2.0,0.0,0.0,1.0,0.0,0.0,0.0,2.0,0.0,0.0,0.0
1,1,0,1,0,21.0,1,1,0,0,0.0,1.0,0.0,0.8100000023841858,70.14199829101562,1.0,1.0,1.0,0.0,3.0,2.0,3.0,4.0,3.0,3.0,1.0,0.0
0,1,0,1,0,31.0,3,1,0,0,0.0,0.0,1.0,1.4900000095367432,40.499000549316406,0.0,0.0,0.0,0.0,1.0,0.0,0.0,0.0,1.0,1.0,0.0,0.0
0,1,0,1,0,18.0,1,0,1,0,1.0,0.0,0.0,1.350000023841858,3.4030001163482666,0.0,0.0,0.0,0.0,1.0,0.0,1.0,0.0,0.0,0.0,0.0,0.0
1,0,0,1,0,21.0,0,0,1,0,0.0,0.0,1.0,0.550000011920929,2.253999948501587,1.0,0.0,0.0,0.0,1.0,0.0,0.0,0.0,0.0,1.0,0.0,1.0
1,0,0,1,0,23.0,0,1,0,0,0.0,0.0,1.0,3.140000104904175,21.139999389648438,0.0,1.0,1.0,0.0,0.0,1.0,0.0,2.0,2.0,1.0,0.0,0.0
1,1,1,0,0,36.0,1,1,0,0,0.0,0.0,1.0,2.140000104904175,63.310001373291016,0.0,0.0,0.0,0.0,2.0,0.0,0.0,0.0,2.0,0.0,0.0,0.0
1,1,1,0,0,27.0,0,1,0,0,0.0,1.0,0.0,1.0199999809265137,29.020999908447266,1.0,1.0,0.0,0.0,1.0,0.0,2.0,1.0,3.0,2.0,0.0,0.0
0,0,1,0,0,21.0,2,0,0,0,1.0,0.0,0.0,0.9100000262260437,19.547000885009766,0.0,0.0,0.0,0.0,1.0,0.0,0.0,1.0,0.0,0.0,0.0,0.0
0,1,0,1,0,29.0,1,0,0,0,1.0,0.0,0.0,3.4600000381469727,83.70600128173828,0.0,0.0,0.0,0.0,1.0,0.0,0.0,2.0,3.0,2.0,0.0,0.0
0,1,0,1,0,19.0,2,1,0,0,1.0,0.0,0.0,1.2699999809265137,23.385000228881836,0.0,1.0,0.0,0.0,1.0,0.0,0.0,2.0,0.0,0.0,0.0,0.0
0,1,1,0,0,28.0,0,0,1,0,1.0,0.0,0.0,3.369999885559082,46.02799987792969,0.0,1.0,0.0,0.0,0.0,0.0,0.0,0.0,0.0,0.0,0.0,0.0
0,1,0,1,0,18.0,2,0,0,0,1.0,0.0,0.0,1.909999966621399,38.43600082397461,0.0,0.0,0.0,0.0,1.0,0.0,0.0,0.0,1.0,0.0,0.0,0.0
1,1,1,0,0,18.0,3,0,0,0,1.0,0.0,0.0,1.7999999523162842,83.56400299072266,0.0,2.0,0.0,1.0,1.0,0.0,0.0,2.0,1.0,1.0,0.0,1.0
0,0,1,0,0,22.0,3,0,0,0,1.0,0.0,0.0,1.7999999523162842,89.427001953125,1.0,2.0,1.0,0.0,1.0,0.0,0.0,2.0,3.0,3.0,0.0,0.0
0,1,1,0,0,22.0,3,0,0,0,1.0,0.0,0.0,1.0399999618530273,1.0140000581741333,0.0,0.0,0.0,0.0,2.0,0.0,0.0,0.0,0.0,0.0,0.0,0.0
1,0,1,0,0,23.0,3,0,0,0,1.0,0.0,0.0,1.0399999618530273,8.104000091552734,0.0,0.0,0.0,0.0,0.0,0.0,0.0,1.0,0.0,0.0,0.0,0.0
1,0,1,0,0,36.0,1,1,0,0,0.0,1.0,0.0,2.140000104904175,30.486000061035156,0.0,0.0,0.0,0.0,1.0,0.0,0.0,0.0,4.0,1.0,0.0,0.0
0,1,1,0,0,24.0,1,0,0,0,0.0,0.0,1.0,5.519999980926514,84.41999816894531,0.0,0.0,0.0,0.0,2.0,0.0,0.0,0.0,0.0,0.0,0.0,0.0
0,1,1,0,0,26.0,1,1,0,0,1.0,0.0,0.0,1.6799999475479126,47.58399963378906,0.0,0.0,0.0,0.0,0.0,0.0,0.0,0.0,2.0,1.0,0.0,0.0
1,0,1,0,0,27.0,1,1,0,0,1.0,0.0,0.0,1.6799999475479126,37.007999420166016,0.0,0.0,0.0,0.0,0.0,0.0,0.0,0.0,0.0,0.0,0.0,0.0
0,0,1,0,0,39.0,1,1,0,0,1.0,0.0,0.0,3.319999933242798,66.28600311279297,0.0,0.0,0.0,0.0,0.0,0.0,0.0,1.0,1.0,0.0,0.0,0.0
0,0,1,0,0,23.0,1,1,0,0,0.0,0.0,0.0,1.4600000381469727,41.12099838256836,0.0,1.0,0.0,0.0,1.0,0.0,0.0,1.0,1.0,1.0,0.0,0.0
0,1,1,0,0,27.0,1,1,0,0,0.0,0.0,0.0,1.4600000381469727,17.648000717163086,0.0,0.0,0.0,0.0,0.0,0.0,0.0,0.0,3.0,0.0,0.0,0.0
1,0,1,0,0,31.0,1,0,1,0,0.0,1.0,0.0,2.440000057220459,46.847999572753906,0.0,0.0,0.0,0.0,0.0,0.0,0.0,0.0,0.0,0.0,0.0,0.0
1,1,1,0,0,31.0,1,1,0,0,1.0,0.0,0.0,4.840000152587891,21.322999954223633,2.0,0.0,0.0,0.0,1.0,1.0,1.0,2.0,1.0,0.0,0.0,0.0
0,1,1,0,0,27.0,3,0,0,0,1.0,0.0,0.0,2.9200000762939453,40.88100051879883,0.0,0.0,0.0,0.0,1.0,0.0,0.0,1.0,0.0,0.0,0.0,0.0
1,0,1,0,0,21.0,1,0,1,0,0.0,0.0,1.0,3.5799999237060547,11.696999549865723,0.0,0.0,0.0,0.0,2.0,1.0,1.0,2.0,1.0,0.0,0.0,0.0
1,1,1,0,0,21.0,1,1,0,0,0.0,0.0,0.0,1.340000033378601,27.736000061035156,0.0,0.0,0.0,0.0,1.0,0.0,1.0,2.0,0.0,0.0,0.0,0.0
0,0,1,0,0,38.0,0,1,0,0,0.0,0.0,0.0,0.18000000715255737,2.609999895095825,0.0,0.0,0.0,0.0,0.0,1.0,0.0,1.0,0.0,1.0,0.0,0.0
1,1,1,0,0,21.0,1,0,1,0,0.0,1.0,0.0,2.8299999237060547,24.84600067138672,0.0,0.0,0.0,0.0,2.0,0.0,1.0,3.0,2.0,2.0,0.0,0.0
1,1,1,0,0,21.0,0,0,0,1,0.0,1.0,0.0,0.6299999952316284,1.784000039100647,1.0,1.0,0.0,0.0,1.0,0.0,1.0,2.0,1.0,1.0,0.0,1.0
0,0,1,0,0,21.0,2,0,0,0,0.0,1.0,0.0,0.3700000047683716,16.2189998626709,1.0,0.0,1.0,0.0,0.0,0.0,0.0,0.0,0.0,0.0,0.0,0.0
1,0,1,0,0,27.0,0,0,0,0,0.0,1.0,0.0,2.059999942779541,41.59600067138672,0.0,0.0,0.0,0.0,0.0,0.0,0.0,0.0,0.0,1.0,0.0,0.0
0,0,1,0,0,25.0,1,0,0,0,0.0,1.0,0.0,3.309999942779541,29.184999465942383,0.0,0.0,0.0,1.0,1.0,0.0,0.0,0.0,2.0,0.0,0.0,0.0
0,1,1,0,0,35.0,0,0,0,0,0.0,1.0,0.0,3.7699999809265137,9.149999618530273,0.0,0.0,0.0,0.0,0.0,0.0,0.0,0.0,1.0,0.0,0.0,0.0
1,0,1,0,0,28.0,0,0,0,0,1.0,0.0,0.0,3.1700000762939453,22.993000030517578,1.0,0.0,0.0,0.0,0.0,0.0,1.0,2.0,0.0,2.0,0.0,0.0
0,1,1,0,0,21.0,2,0,1,0,0.0,1.0,0.0,2.2300000190734863,30.920000076293945,0.0,0.0,0.0,0.0,1.0,0.0,0.0,0.0,0.0,0.0,0.0,0.0
0,1,1,0,0,23.0,2,0,1,0,0.0,1.0,0.0,2.2300000190734863,69.82599639892578,0.0,0.0,0.0,0.0,0.0,0.0,0.0,0.0,0.0,0.0,0.0,0.0
0,1,1,0,0,23.0,2,0,1,0,0.0,1.0,0.0,2.2300000190734863,65.54000091552734,0.0,0.0,0.0,0.0,0.0,0.0,0.0,0.0,0.0,0.0,0.0,0.0
0,0,1,0,0,22.0,1,0,1,0,0.0,1.0,0.0,2.7300000190734863,53.10900115966797,0.0,0.0,0.0,0.0,0.0,0.0,0.0,0.0,0.0,0.0,0.0,0.0
0,1,1,0,0,21.0,3,0,0,0,1.0,0.0,0.0,1.4800000190734863,7.432000160217285,1.0,0.0,0.0,0.0,1.0,0.0,0.0,0.0,0.0,0.0,0.0,0.0
1,1,1,0,0,20.0,3,0,0,0,1.0,0.0,0.0,1.4800000190734863,6.349999904632568,0.0,0.0,0.0,0.0,0.0,0.0,0.0,0.0,0.0,0.0,0.0,1.0
0,0,1,0,0,23.0,1,1,0,0,1.0,0.0,0.0,2.0199999809265137,33.926998138427734,0.0,0.0,0.0,0.0,1.0,0.0,0.0,1.0,1.0,1.0,0.0,0.0
1,0,1,0,0,16.0,0,1,0,0,1.0,0.0,0.0,1.5,5.353000164031982,2.0,2.0,0.0,1.0,1.0,1.0,1.0,3.0,1.0,3.0,2.0,1.0
0,0,1,0,0,22.0,5,1,0,0,1.0,0.0,0.0,0.550000011920929,1.534999966621399,0.0,0.0,0.0,0.0,1.0,0.0,0.0,1.0,0.0,0.0,0.0,0.0
0,0,1,0,0,20.0,2,0,1,0,1.0,0.0,0.0,1.9600000381469727,9.798999786376953,0.0,0.0,0.0,0.0,0.0,0.0,0.0,0.0,0.0,0.0,0.0,0.0
1,0,0,1,0,29.0,5,1,0,0,0.0,0.0,0.0,0.5400000214576721,12.390000343322754,0.0,0.0,1.0,1.0,1.0,0.0,0.0,1.0,1.0,1.0,0.0,1.0
0,0,0,1,0,31.0,5,1,0,0,0.0,0.0,0.0,0.5400000214576721,11.20300006866455,0.0,0.0,0.0,0.0,1.0,1.0,0.0,2.0,2.0,1.0,1.0,1.0
1,0,0,1,0,32.0,5,1,0,0,0.0,0.0,0.0,0.5400000214576721,26.899999618530273,0.0,0.0,0.0,0.0,2.0,0.0,0.0,4.0,1.0,2.0,0.0,1.0
0,1,0,1,0,26.0,0,0,0,0,0.0,0.0,0.0,2.9700000286102295,22.874000549316406,0.0,0.0,0.0,0.0,1.0,0.0,0.0,1.0,0.0,0.0,0.0,0.0
0,1,0,1,0,19.0,2,1,0,0,0.0,0.0,0.0,0.49000000953674316,1.9639999866485596,0.0,0.0,0.0,0.0,0.0,0.0,0.0,0.0,0.0,0.0,0.0,0.0
1,1,0,1,0,21.0,2,1,0,0,0.0,0.0,0.0,0.49000000953674316,10.402999877929688,0.0,0.0,0.0,0.0,1.0,0.0,0.0,0.0,1.0,0.0,0.0,1.0
1,1,1,0,0,18.0,1,0,0,0,1.0,0.0,0.0,0.9399999976158142,21.898000717163086,0.0,1.0,0.0,1.0,2.0,0.0,2.0,3.0,2.0,1.0,0.0,1.0
1,0,1,0,0,18.0,3,1,0,0,1.0,0.0,0.0,1.5399999618530273,36.09199905395508,1.0,0.0,0.0,0.0,1.0,0.0,0.0,1.0,1.0,1.0,0.0,0.0
1,1,1,0,0,19.0,3,1,0,0,1.0,0.0,0.0,1.5399999618530273,10.52400016784668,0.0,1.0,1.0,0.0,0.0,0.0,2.0,2.0,3.0,2.0,0.0,0.0
0,0,0,1,0,18.0,0,1,0,0,1.0,0.0,0.0,2.609999895095825,41.96200180053711,0.0,0.0,0.0,0.0,1.0,0.0,0.0,1.0,1.0,0.0,0.0,0.0
1,1,0,1,0,34.0,0,1,0,0,0.0,0.0,0.0,0.5699999928474426,12.689000129699707,0.0,0.0,0.0,0.0,1.0,0.0,0.0,3.0,1.0,0.0,0.0,1.0
1,1,0,1,0,24.0,3,0,1,0,0.0,0.0,0.0,0.07000000029802322,18.93600082397461,0.0,1.0,0.0,0.0,1.0,0.0,0.0,3.0,2.0,0.0,0.0,1.0
1,0,1,0,0,21.0,1,1,0,0,1.0,0.0,0.0,1.2400000095367432,18.0310001373291,0.0,0.0,0.0,1.0,1.0,1.0,0.0,0.0,2.0,0.0,0.0,1.0
0,1,1,0,0,29.0,1,1,0,0,0.0,1.0,0.0,3.740000009536743,68.30000305175781,0.0,0.0,0.0,0.0,0.0,0.0,0.0,0.0,0.0,0.0,0.0,0.0
0,1,1,0,0,20.0,2,1,0,0,0.0,1.0,0.0,0.8100000023841858,43.49399948120117,0.0,0.0,0.0,0.0,1.0,0.0,0.0,0.0,0.0,0.0,0.0,0.0
0,1,1,0,0,20.0,1,1,0,0,1.0,0.0,0.0,1.8799999952316284,41.43899917602539,0.0,0.0,0.0,0.0,0.0,0.0,0.0,0.0,0.0,0.0,0.0,0.0
0,1,1,0,0,39.0,3,1,0,0,0.0,0.0,0.0,0.4399999976158142,60.266998291015625,0.0,0.0,0.0,0.0,1.0,0.0,1.0,1.0,0.0,0.0,0.0,0.0
0,1,1,0,0,40.0,3,1,0,0,0.0,0.0,0.0,0.4399999976158142,13.975000381469727,0.0,1.0,0.0,0.0,0.0,0.0,1.0,0.0,0.0,0.0,0.0,0.0
0,0,1,0,0,24.0,1,0,0,0,0.0,1.0,0.0,3.9200000762939453,59.50899887084961,0.0,0.0,0.0,0.0,1.0,0.0,0.0,0.0,0.0,0.0,0.0,0.0
1,1,1,0,0,20.0,0,0,0,1,1.0,0.0,0.0,0.8500000238418579,4.909999847412109,0.0,0.0,0.0,0.0,0.0,0.0,0.0,0.0,0.0,0.0,0.0,0.0
0,0,0,1,0,26.0,1,0,0,0,0.0,0.0,0.0,2.430000066757202,12.371999740600586,1.0,0.0,0.0,0.0,1.0,1.0,0.0,0.0,2.0,0.0,0.0,0.0
1,1,1,0,0,24.0,4,0,1,0,1.0,0.0,0.0,1.3600000143051147,32.018001556396484,0.0,0.0,0.0,0.0,1.0,0.0,0.0,0.0,2.0,0.0,0.0,0.0
1,0,1,0,0,25.0,3,0,0,0,1.0,0.0,0.0,1.4800000190734863,29.784000396728516,2.0,0.0,0.0,0.0,1.0,0.0,0.0,0.0,0.0,0.0,0.0,0.0
1,1,1,0,0,18.0,4,1,0,0,1.0,0.0,0.0,1.5700000524520874,13.928999900817871,0.0,1.0,0.0,0.0,1.0,0.0,0.0,0.0,1.0,0.0,0.0,0.0
0,0,1,0,0,20.0,4,1,0,0,1.0,0.0,0.0,1.5700000524520874,44.45399856567383,0.0,1.0,0.0,0.0,1.0,0.0,0.0,0.0,2.0,0.0,0.0,1.0
1,0,1,0,0,21.0,2,1,0,0,1.0,0.0,0.0,0.8299999833106995,24.288000106811523,0.0,0.0,0.0,0.0,1.0,0.0,0.0,1.0,1.0,0.0,0.0,1.0
1,0,1,0,0,32.0,2,0,0,0,0.0,1.0,0.0,0.8799999952316284,14.024999618530273,1.0,0.0,0.0,0.0,2.0,0.0,0.0,1.0,0.0,0.0,0.0,0.0
0,0,1,0,0,24.0,1,1,0,0,0.0,1.0,0.0,2.7699999809265137,58.941001892089844,0.0,0.0,0.0,0.0,0.0,0.0,1.0,0.0,1.0,1.0,0.0,1.0
0,0,1,0,0,25.0,1,1,0,0,0.0,1.0,0.0,2.7699999809265137,80.47599792480469,0.0,0.0,0.0,0.0,1.0,0.0,1.0,0.0,2.0,2.0,0.0,0.0
1,1,1,0,0,21.0,1,1,0,0,0.0,0.0,0.0,1.4299999475479126,31.031999588012695,1.0,0.0,0.0,0.0,0.0,0.0,0.0,0.0,2.0,1.0,0.0,0.0
0,1,1,0,0,22.0,2,0,0,0,0.0,1.0,0.0,2.1500000953674316,35.845001220703125,0.0,0.0,0.0,0.0,0.0,0.0,0.0,0.0,0.0,0.0,0.0,0.0
1,0,1,0,0,31.0,0,1,0,0,1.0,0.0,0.0,3.4700000286102295,4.368000030517578,1.0,0.0,1.0,0.0,1.0,0.0,0.0,2.0,1.0,1.0,0.0,0.0
0,0,1,0,0,24.0,2,0,0,0,1.0,0.0,0.0,2.6600000858306885,22.698999404907227,0.0,0.0,0.0,0.0,0.0,0.0,0.0,0.0,0.0,0.0,0.0,0.0
0,0,1,0,0,24.0,0,1,0,0,0.0,1.0,0.0,2.2200000286102295,18.726999282836914,0.0,0.0,0.0,0.0,1.0,0.0,0.0,1.0,0.0,0.0,0.0,0.0
0,1,1,0,0,24.0,0,0,0,0,0.0,0.0,1.0,4.389999866485596,89.20700073242188,0.0,0.0,0.0,0.0,1.0,0.0,0.0,0.0,0.0,0.0,0.0,0.0
0,1,1,0,0,24.0,0,0,0,0,0.0,1.0,0.0,4.940000057220459,24.70400047302246,0.0,2.0,2.0,1.0,0.0,0.0,0.0,0.0,2.0,0.0,0.0,0.0
0,1,1,0,0,21.0,5,1,0,0,0.0,0.0,0.0,0.15000000596046448,22.667999267578125,0.0,0.0,0.0,0.0,2.0,0.0,0.0,0.0,0.0,0.0,0.0,0.0
1,0,1,0,0,32.0,3,0,0,1,1.0,0.0,0.0,0.550000011920929,20.450000762939453,0.0,0.0,0.0,0.0,1.0,0.0,0.0,0.0,0.0,0.0,0.0,0.0
0,1,1,0,0,31.0,0,1,0,0,0.0,1.0,0.0,4.019999980926514,66.04499816894531,0.0,0.0,0.0,0.0,0.0,0.0,0.0,0.0,1.0,1.0,0.0,0.0
1,0,1,0,0,24.0,0,1,0,0,0.0,1.0,0.0,0.9599999785423279,1.7139999866485596,0.0,0.0,0.0,0.0,1.0,0.0,0.0,0.0,1.0,0.0,0.0,1.0
0,1,1,0,0,26.0,1,0,1,0,1.0,0.0,0.0,1.1799999475479126,9.644000053405762,1.0,0.0,0.0,0.0,1.0,0.0,0.0,0.0,0.0,0.0,0.0,0.0
0,1,1,0,0,28.0,1,0,1,0,0.0,0.0,0.0,1.7000000476837158,16.579999923706055,0.0,0.0,0.0,0.0,0.0,0.0,0.0,1.0,2.0,0.0,0.0,0.0
1,0,1,0,0,23.0,2,1,0,0,0.0,0.0,1.0,0.5600000023841858,4.331999778747559,0.0,0.0,0.0,2.0,0.0,0.0,0.0,3.0,2.0,1.0,0.0,0.0
0,0,1,0,0,22.0,0,1,0,0,1.0,0.0,0.0,0.3499999940395355,22.135000228881836,0.0,0.0,0.0,0.0,0.0,0.0,0.0,0.0,0.0,0.0,0.0,0.0
1,1,0,1,0,26.0,1,0,1,0,0.0,0.0,1.0,3.680000066757202,83.24099731445312,1.0,0.0,0.0,0.0,0.0,0.0,0.0,2.0,4.0,0.0,0.0,0.0
1,0,0,1,0,28.0,4,0,0,0,1.0,0.0,0.0,2.4800000190734863,88.60299682617188,0.0,0.0,0.0,0.0,0.0,0.0,0.0,2.0,1.0,0.0,0.0,0.0
0,1,0,1,0,29.0,4,0,0,0,1.0,0.0,0.0,2.4800000190734863,44.17499923706055,0.0,0.0,0.0,0.0,1.0,0.0,0.0,0.0,0.0,0.0,0.0,0.0
1,0,1,0,0,37.0,1,0,0,0,1.0,0.0,0.0,0.019999999552965164,51.400001525878906,0.0,0.0,0.0,0.0,0.0,1.0,0.0,0.0,0.0,0.0,0.0,0.0
0,1,1,0,0,20.0,2,1,0,0,0.0,0.0,0.0,0.20999999344348907,10.529000282287598,0.0,0.0,0.0,0.0,1.0,0.0,0.0,2.0,0.0,0.0,0.0,0.0
0,0,1,0,0,21.0,2,1,0,0,0.0,0.0,0.0,0.20999999344348907,2.7909998893737793,0.0,1.0,0.0,0.0,0.0,1.0,0.0,3.0,1.0,0.0,1.0,0.0
0,1,1,0,0,17.0,1,1,0,0,1.0,0.0,0.0,0.7200000286102295,11.732000350952148,0.0,0.0,0.0,0.0,0.0,0.0,0.0,0.0,0.0,0.0,0.0,0.0
0,1,1,0,0,21.0,1,1,0,0,1.0,0.0,0.0,0.5899999737739563,5.263999938964844,0.0,0.0,0.0,0.0,1.0,0.0,0.0,0.0,0.0,0.0,0.0,0.0
1,1,1,0,0,33.0,1,0,0,0,1.0,0.0,0.0,3.369999885559082,18.3799991607666,0.0,0.0,0.0,0.0,0.0,0.0,0.0,0.0,0.0,0.0,0.0,0.0
0,1,1,0,0,27.0,1,0,0,0,1.0,0.0,0.0,2.7699999809265137,22.20800018310547,0.0,0.0,0.0,0.0,0.0,1.0,1.0,0.0,1.0,0.0,0.0,0.0
0,0,1,0,0,27.0,1,0,1,0,0.0,1.0,0.0,4.639999866485596,30.582000732421875,0.0,0.0,0.0,0.0,0.0,0.0,1.0,0.0,1.0,0.0,0.0,0.0
0,0,0,1,0,25.0,2,0,0,0,0.0,0.0,0.0,1.149999976158142,13.368000030517578,0.0,0.0,0.0,0.0,1.0,0.0,0.0,2.0,1.0,0.0,0.0,0.0
0,1,0,1,0,32.0,3,0,0,0,0.0,0.0,1.0,1.0399999618530273,46.45000076293945,0.0,1.0,1.0,1.0,1.0,1.0,0.0,1.0,0.0,0.0,0.0,0.0
0,1,0,1,0,23.0,3,0,0,0,1.0,0.0,0.0,0.0,4.131999969482422,0.0,1.0,0.0,0.0,0.0,0.0,0.0,1.0,1.0,0.0,0.0,0.0
1,0,0,1,0,24.0,3,0,0,0,1.0,0.0,0.0,0.0,0.0,3.0,0.0,0.0,1.0,2.0,1.0,0.0,0.0,0.0,0.0,0.0,0.0
1,0,0,1,0,28.0,2,1,0,0,0.0,0.0,0.0,0.0,45.917999267578125,0.0,0.0,0.0,0.0,1.0,0.0,0.0,1.0,1.0,0.0,0.0,0.0
0,1,0,1,0,23.0,3,1,0,0,0.0,0.0,0.0,0.05000000074505806,9.699999809265137,1.0,1.0,0.0,0.0,1.0,0.0,0.0,2.0,1.0,1.0,0.0,0.0
0,1,0,1,0,29.0,6,0,0,0,0.0,0.0,0.0,0.28999999165534973,9.555999755859375,0.0,0.0,0.0,0.0,1.0,0.0,0.0,0.0,0.0,1.0,0.0,0.0
0,0,0,1,0,21.0,4,0,0,0,1.0,0.0,0.0,0.6299999952316284,14.315999984741211,0.0,0.0,0.0,1.0,1.0,0.0,0.0,1.0,0.0,0.0,0.0,0.0
1,0,0,1,0,23.0,4,0,0,0,1.0,0.0,0.0,0.6299999952316284,23.97599983215332,4.0,1.0,1.0,1.0,2.0,1.0,0.0,1.0,2.0,1.0,0.0,1.0
0,0,0,1,0,27.0,1,0,0,0,0.0,0.0,1.0,5.409999847412109,94.60900115966797,0.0,0.0,0.0,0.0,1.0,0.0,0.0,1.0,2.0,0.0,0.0,0.0
0,1,0,1,0,36.0,4,0,0,0,0.0,0.0,0.0,0.38999998569488525,12.73900032043457,0.0,0.0,0.0,0.0,0.0,0.0,0.0,0.0,2.0,0.0,0.0,0.0
0,0,0,1,0,31.0,1,0,0,0,0.0,1.0,0.0,2.2200000286102295,17.86199951171875,1.0,0.0,0.0,0.0,0.0,0.0,0.0,0.0,1.0,0.0,0.0,0.0
0,0,0,1,0,33.0,1,0,0,0,0.0,1.0,0.0,2.2200000286102295,58.000999450683594,0.0,0.0,0.0,0.0,0.0,0.0,0.0,0.0,0.0,0.0,0.0,0.0
0,0,0,1,0,27.0,1,1,0,0,0.0,0.0,0.0,0.3400000035762787,34.22800064086914,0.0,0.0,0.0,0.0,0.0,0.0,0.0,0.0,1.0,0.0,0.0,0.0
0,0,0,1,0,30.0,0,0,0,0,0.0,1.0,0.0,2.299999952316284,16.118000030517578,0.0,1.0,0.0,0.0,1.0,0.0,0.0,2.0,2.0,2.0,1.0,0.0
0,1,0,1,0,30.0,1,1,0,0,0.0,1.0,0.0,0.8700000047683716,43.060001373291016,0.0,0.0,0.0,0.0,2.0,0.0,0.0,1.0,0.0,0.0,0.0,0.0
0,1,0,1,0,22.0,2,0,1,0,1.0,0.0,0.0,1.5,10.118000030517578,0.0,0.0,0.0,0.0,1.0,0.0,0.0,2.0,1.0,0.0,0.0,0.0
1,0,0,1,0,21.0,2,0,0,0,1.0,0.0,0.0,2.2699999809265137,24.562000274658203,0.0,0.0,0.0,0.0,1.0,0.0,1.0,2.0,2.0,1.0,0.0,0.0
0,1,0,1,0,28.0,1,0,0,0,0.0,1.0,0.0,2.3399999141693115,40.05099868774414,0.0,0.0,0.0,0.0,1.0,0.0,0.0,0.0,1.0,0.0,0.0,0.0
0,0,0,1,0,37.0,2,0,0,0,0.0,0.0,0.0,0.9900000095367432,35.96900177001953,0.0,1.0,0.0,0.0,1.0,0.0,0.0,2.0,2.0,1.0,0.0,0.0
1,0,0,1,0,30.0,1,0,0,0,0.0,0.0,0.0,0.9399999976158142,35.40299987792969,1.0,2.0,1.0,0.0,1.0,1.0,0.0,1.0,1.0,1.0,0.0,0.0
0,0,0,1,0,32.0,1,0,0,0,0.0,0.0,0.0,0.9399999976158142,30.2810001373291,0.0,0.0,0.0,0.0,1.0,0.0,0.0,0.0,0.0,0.0,0.0,0.0
1,0,1,0,0,24.0,4,1,0,0,0.0,0.0,0.0,0.5099999904632568,60.68199920654297,1.0,1.0,0.0,0.0,3.0,2.0,1.0,0.0,1.0,2.0,0.0,1.0
1,1,1,0,0,18.0,2,1,0,0,0.0,1.0,0.0,2.880000114440918,33.191001892089844,1.0,0.0,0.0,0.0,1.0,0.0,0.0,0.0,0.0,0.0,0.0,0.0
0,1,0,1,0,39.0,0,1,0,0,0.0,0.0,1.0,4.389999866485596,98.37100219726562,0.0,2.0,0.0,0.0,1.0,0.0,0.0,1.0,1.0,0.0,1.0,0.0
0,1,0,1,0,17.0,4,1,0,0,0.0,0.0,0.0,0.20999999344348907,12.861000061035156,0.0,1.0,0.0,0.0,1.0,0.0,0.0,1.0,0.0,0.0,0.0,0.0
0,0,0,1,0,19.0,4,1,0,0,0.0,0.0,0.0,0.20999999344348907,14.29699993133545,0.0,1.0,1.0,1.0,2.0,2.0,0.0,1.0,2.0,0.0,0.0,1.0
0,1,0,1,0,26.0,0,0,0,0,0.0,1.0,0.0,4.989999771118164,61.724998474121094,2.0,0.0,0.0,0.0,1.0,0.0,0.0,2.0,3.0,2.0,1.0,0.0
1,0,0,1,0,21.0,3,0,1,0,1.0,0.0,0.0,0.6600000262260437,54.22100067138672,1.0,0.0,0.0,0.0,3.0,3.0,0.0,1.0,2.0,0.0,0.0,0.0
0,0,0,1,0,23.0,3,0,1,0,1.0,0.0,0.0,0.6600000262260437,46.50699996948242,0.0,0.0,0.0,0.0,4.0,2.0,0.0,0.0,1.0,0.0,0.0,0.0
0,0,0,1,0,20.0,1,1,0,0,1.0,0.0,0.0,0.8799999952316284,49.777000427246094,0.0,0.0,0.0,0.0,1.0,0.0,0.0,0.0,0.0,0.0,0.0,0.0
1,1,0,1,0,25.0,2,0,0,0,1.0,0.0,0.0,1.0700000524520874,70.71700286865234,0.0,0.0,0.0,0.0,1.0,0.0,0.0,0.0,1.0,0.0,0.0,0.0
0,1,0,1,0,28.0,2,0,0,0,1.0,0.0,0.0,1.0700000524520874,57.45500183105469,0.0,0.0,0.0,0.0,2.0,0.0,0.0,0.0,2.0,0.0,0.0,0.0
1,0,0,1,0,21.0,0,0,1,0,1.0,0.0,0.0,4.360000133514404,27.54800033569336,2.0,3.0,1.0,2.0,1.0,0.0,1.0,3.0,2.0,1.0,1.0,0.0
0,0,0,1,0,23.0,2,0,0,0,0.0,0.0,0.0,0.8100000023841858,65.4280014038086,0.0,0.0,0.0,0.0,1.0,0.0,0.0,1.0,1.0,1.0,0.0,0.0
0,0,0,1,0,26.0,2,0,0,0,0.0,0.0,0.0,0.8100000023841858,45.39699935913086,0.0,1.0,0.0,0.0,0.0,0.0,0.0,0.0,0.0,0.0,0.0,0.0
0,1,0,1,0,25.0,2,0,0,0,0.0,1.0,0.0,1.440000057220459,54.17399978637695,0.0,0.0,0.0,0.0,1.0,0.0,0.0,0.0,0.0,0.0,0.0,0.0
0,1,0,1,0,27.0,2,0,0,0,0.0,1.0,0.0,1.440000057220459,75.08000183105469,0.0,0.0,0.0,0.0,0.0,0.0,0.0,1.0,1.0,0.0,1.0,0.0
1,1,0,1,0,26.0,2,1,0,0,1.0,0.0,0.0,0.38999998569488525,2.3399999141693115,0.0,0.0,0.0,0.0,1.0,0.0,0.0,1.0,1.0,1.0,0.0,1.0
0,0,0,1,0,29.0,2,1,0,0,1.0,0.0,0.0,0.38999998569488525,34.81800079345703,0.0,0.0,0.0,0.0,0.0,0.0,0.0,2.0,1.0,1.0,0.0,1.0
0,0,0,1,0,25.0,1,0,0,0,0.0,0.0,1.0,1.8899999856948853,88.62200164794922,0.0,0.0,0.0,0.0,0.0,0.0,0.0,0.0,0.0,0.0,0.0,0.0
0,1,0,1,0,20.0,2,0,0,0,0.0,0.0,0.0,1.1799999475479126,6.576000213623047,0.0,0.0,0.0,0.0,0.0,1.0,0.0,2.0,2.0,1.0,0.0,0.0
0,0,0,1,0,20.0,2,0,0,0,0.0,0.0,0.0,1.1799999475479126,0.0,0.0,0.0,0.0,0.0,0.0,1.0,0.0,1.0,1.0,0.0,0.0,0.0
0,1,0,1,0,29.0,1,0,1,0,1.0,0.0,0.0,1.5099999904632568,23.222999572753906,0.0,0.0,0.0,0.0,0.0,0.0,0.0,0.0,1.0,0.0,0.0,0.0
0,0,0,1,0,37.0,2,1,0,0,0.0,0.0,0.0,0.5799999833106995,19.048999786376953,0.0,0.0,0.0,0.0,0.0,0.0,0.0,0.0,0.0,0.0,0.0,0.0
0,1,0,1,0,23.0,4,0,0,0,0.0,1.0,0.0,0.7799999713897705,31.1200008392334,0.0,0.0,0.0,0.0,0.0,0.0,0.0,0.0,1.0,0.0,0.0,0.0
1,1,1,0,0,18.0,0,1,0,0,0.0,1.0,0.0,2.490000009536743,48.426998138427734,1.0,2.0,0.0,0.0,1.0,0.0,0.0,0.0,2.0,0.0,0.0,0.0
0,0,1,0,0,27.0,0,1,0,0,1.0,0.0,0.0,1.1299999952316284,5.688000202178955,1.0,1.0,1.0,0.0,2.0,0.0,0.0,2.0,3.0,3.0,2.0,1.0
1,0,1,0,0,35.0,1,1,0,0,1.0,0.0,0.0,0.5400000214576721,11.20199966430664,0.0,0.0,0.0,0.0,1.0,1.0,0.0,1.0,1.0,1.0,0.0,0.0
1,1,1,0,0,37.0,1,1,0,0,1.0,0.0,0.0,0.5400000214576721,28.295000076293945,0.0,0.0,0.0,0.0,0.0,0.0,0.0,0.0,0.0,0.0,0.0,0.0
0,1,0,1,0,36.0,1,0,0,0,0.0,0.0,0.0,2.390000104904175,45.32400131225586,0.0,0.0,0.0,0.0,0.0,0.0,0.0,1.0,1.0,0.0,0.0,0.0
0,1,0,1,0,36.0,1,0,0,0,0.0,0.0,0.0,2.390000104904175,68.28099822998047,0.0,1.0,0.0,0.0,0.0,0.0,0.0,1.0,1.0,0.0,0.0,0.0
0,1,0,1,0,30.0,0,1,0,0,0.0,0.0,0.0,1.1100000143051147,34.624000549316406,0.0,0.0,0.0,0.0,1.0,0.0,0.0,1.0,1.0,0.0,0.0,0.0
1,1,1,0,0,15.0,2,1,0,0,0.0,0.0,0.0,0.0,19.683000564575195,0.0,0.0,0.0,0.0,1.0,0.0,0.0,1.0,1.0,1.0,1.0,0.0
1,1,1,0,0,19.0,2,1,0,0,0.0,0.0,0.0,0.0,26.753999710083008,0.0,0.0,0.0,0.0,1.0,0.0,0.0,1.0,0.0,0.0,0.0,1.0
0,1,0,1,0,24.0,2,0,0,0,1.0,0.0,0.0,2.9000000953674316,90.0719985961914,1.0,0.0,0.0,0.0,1.0,0.0,0.0,0.0,0.0,0.0,0.0,0.0
0,0,1,0,0,24.0,3,0,0,0,1.0,0.0,0.0,2.1600000858306885,1.1100000143051147,0.0,0.0,0.0,0.0,0.0,0.0,0.0,0.0,0.0,0.0,0.0,0.0
0,0,1,0,0,25.0,3,0,0,0,1.0,0.0,0.0,2.1600000858306885,20.325000762939453,0.0,0.0,0.0,0.0,0.0,0.0,0.0,0.0,0.0,0.0,0.0,0.0
0,1,1,0,0,28.0,0,0,0,0,0.0,0.0,1.0,16.270000457763672,54.70899963378906,0.0,0.0,0.0,0.0,0.0,0.0,0.0,1.0,0.0,0.0,0.0,0.0
0,1,1,0,0,20.0,2,1,0,0,0.0,0.0,0.0,0.1899999976158142,53.367000579833984,0.0,2.0,0.0,0.0,0.0,0.0,0.0,3.0,2.0,0.0,0.0,0.0
1,0,1,0,0,17.0,5,1,0,0,0.0,0.0,0.0,0.3199999928474426,13.277000427246094,0.0,1.0,0.0,1.0,1.0,0.0,0.0,0.0,1.0,0.0,0.0,0.0
0,1,1,0,0,13.0,1,1,0,0,0.0,0.0,0.0,0.05000000074505806,34.356998443603516,0.0,0.0,0.0,0.0,0.0,0.0,0.0,0.0,0.0,0.0,0.0,0.0
0,1,1,0,0,14.0,1,1,0,0,0.0,0.0,0.0,0.05000000074505806,0.9490000009536743,0.0,0.0,0.0,0.0,0.0,0.0,0.0,2.0,0.0,0.0,0.0,0.0
0,1,1,0,0,19.0,2,1,0,0,0.0,0.0,0.0,0.75,15.36400032043457,0.0,1.0,0.0,0.0,0.0,0.0,1.0,1.0,1.0,2.0,0.0,0.0
1,0,1,0,0,28.0,3,0,0,0,0.0,1.0,0.0,0.5699999928474426,3.809999942779541,1.0,0.0,1.0,0.0,2.0,0.0,0.0,2.0,1.0,0.0,0.0,0.0
0,1,1,0,0,23.0,0,0,0,0,0.0,1.0,0.0,1.850000023841858,21.702999114990234,0.0,0.0,0.0,0.0,0.0,0.0,0.0,0.0,0.0,0.0,0.0,0.0
1,0,1,0,0,20.0,1,1,0,0,0.0,1.0,0.0,2.059999942779541,9.722000122070312,2.0,1.0,2.0,0.0,0.0,1.0,1.0,1.0,1.0,1.0,0.0,0.0
1,0,1,0,0,19.0,1,1,0,0,1.0,0.0,0.0,0.6299999952316284,3.6540000438690186,0.0,0.0,0.0,0.0,0.0,0.0,0.0,0.0,0.0,0.0,0.0,0.0
1,1,1,0,0,19.0,1,1,0,0,1.0,0.0,0.0,0.3199999928474426,21.81800079345703,2.0,0.0,0.0,1.0,1.0,0.0,1.0,1.0,1.0,0.0,0.0,0.0
0,0,1,0,0,20.0,1,1,0,0,1.0,0.0,0.0,0.3199999928474426,13.815999984741211,0.0,0.0,0.0,0.0,0.0,0.0,0.0,0.0,0.0,0.0,0.0,0.0
0,1,1,0,0,34.0,1,1,0,0,1.0,0.0,0.0,1.1100000143051147,82.76699829101562,0.0,0.0,0.0,0.0,0.0,0.0,0.0,0.0,2.0,0.0,0.0,0.0
0,1,1,0,0,22.0,0,1,0,0,1.0,0.0,0.0,1.3600000143051147,27.006999969482422,0.0,0.0,0.0,0.0,0.0,0.0,1.0,2.0,0.0,0.0,0.0,0.0
0,1,1,0,0,33.0,1,1,0,0,1.0,0.0,0.0,1.059999942779541,67.39700317382812,1.0,0.0,0.0,0.0,0.0,0.0,0.0,0.0,1.0,0.0,0.0,1.0
0,1,1,0,0,29.0,1,0,0,0,0.0,0.0,1.0,1.850000023841858,30.361000061035156,0.0,0.0,0.0,0.0,0.0,0.0,0.0,0.0,0.0,0.0,0.0,0.0
0,0,1,0,0,20.0,0,0,0,0,0.0,1.0,0.0,4.28000020980835,60.77799987792969,1.0,1.0,0.0,1.0,0.0,0.0,0.0,0.0,1.0,0.0,0.0,0.0
1,0,1,0,0,15.0,2,0,1,0,1.0,0.0,0.0,3.0199999809265137,12.520000457763672,0.0,0.0,0.0,0.0,0.0,0.0,1.0,0.0,0.0,0.0,0.0,1.0
0,0,0,1,0,24.0,2,1,0,0,0.0,0.0,1.0,3.4600000381469727,80.54100036621094,0.0,0.0,1.0,0.0,0.0,0.0,0.0,0.0,0.0,0.0,0.0,0.0
1,0,0,1,0,25.0,2,1,0,0,0.0,0.0,1.0,3.4600000381469727,65.18299865722656,2.0,0.0,0.0,0.0,1.0,0.0,1.0,2.0,2.0,2.0,1.0,0.0
0,1,1,0,0,28.0,2,1,0,0,1.0,0.0,0.0,0.8600000143051147,10.977999687194824,0.0,0.0,0.0,0.0,1.0,0.0,0.0,0.0,0.0,0.0,0.0,0.0
0,1,1,0,0,20.0,5,1,0,0,1.0,0.0,0.0,0.699999988079071,9.989999771118164,0.0,1.0,0.0,0.0,1.0,0.0,0.0,2.0,0.0,1.0,0.0,0.0
1,0,1,0,0,21.0,5,1,0,0,1.0,0.0,0.0,0.699999988079071,5.26200008392334,0.0,0.0,0.0,1.0,2.0,0.0,0.0,1.0,1.0,1.0,0.0,1.0
1,0,1,0,0,21.0,2,1,0,0,0.0,1.0,0.0,0.6299999952316284,1.4119999408721924,2.0,1.0,1.0,1.0,2.0,2.0,1.0,2.0,1.0,1.0,0.0,1.0
0,1,1,0,0,23.0,2,1,0,0,0.0,1.0,0.0,0.6299999952316284,1.5789999961853027,0.0,1.0,0.0,0.0,1.0,0.0,0.0,1.0,1.0,1.0,0.0,0.0
1,0,1,0,0,26.0,3,1,0,0,0.0,1.0,0.0,1.1699999570846558,46.981998443603516,0.0,1.0,0.0,1.0,1.0,0.0,0.0,0.0,0.0,0.0,0.0,0.0
0,1,1,0,0,28.0,3,1,0,0,0.0,1.0,0.0,1.1699999570846558,19.940000534057617,0.0,0.0,0.0,0.0,2.0,0.0,0.0,0.0,0.0,0.0,0.0,0.0
0,1,1,0,0,23.0,2,1,0,0,1.0,0.0,0.0,1.2799999713897705,43.20100021362305,0.0,0.0,0.0,0.0,2.0,0.0,0.0,1.0,2.0,2.0,0.0,0.0
1,1,0,1,0,30.0,1,1,0,0,0.0,1.0,0.0,0.8999999761581421,9.527000427246094,0.0,0.0,0.0,0.0,1.0,1.0,0.0,2.0,1.0,1.0,0.0,1.0
0,1,1,0,0,34.0,0,0,0,0,1.0,0.0,0.0,0.8999999761581421,11.692000389099121,0.0,0.0,0.0,0.0,1.0,0.0,0.0,0.0,0.0,0.0,0.0,0.0
0,0,0,1,0,28.0,1,0,0,0,0.0,0.0,0.0,4.0,40.09400177001953,0.0,0.0,0.0,0.0,1.0,0.0,0.0,1.0,0.0,0.0,0.0,0.0
0,1,0,1,0,26.0,1,1,0,0,0.0,1.0,0.0,3.569999933242798,55.569000244140625,0.0,0.0,0.0,0.0,0.0,0.0,1.0,3.0,3.0,2.0,1.0,0.0
1,0,1,0,0,20.0,2,1,0,0,1.0,0.0,0.0,2.359999895095825,4.9710001945495605,1.0,1.0,0.0,0.0,1.0,1.0,0.0,2.0,2.0,2.0,1.0,1.0
0,1,1,0,0,25.0,4,0,1,0,1.0,0.0,0.0,0.20999999344348907,12.211999893188477,0.0,1.0,0.0,0.0,0.0,0.0,0.0,2.0,1.0,1.0,0.0,0.0
0,1,1,0,0,27.0,4,0,1,0,1.0,0.0,0.0,0.20999999344348907,2.010999917984009,0.0,0.0,0.0,0.0,0.0,0.0,0.0,1.0,0.0,0.0,0.0,0.0
0,1,0,0,0,20.0,1,1,0,0,0.0,0.0,0.0,0.3199999928474426,55.98099899291992,0.0,0.0,0.0,0.0,0.0,0.0,0.0,1.0,0.0,0.0,0.0,0.0
1,0,0,1,0,16.0,4,0,0,0,0.0,0.0,0.0,1.3600000143051147,45.069000244140625,0.0,0.0,0.0,0.0,1.0,0.0,0.0,0.0,1.0,0.0,0.0,0.0
1,0,1,0,0,17.0,4,0,0,0,0.0,0.0,0.0,1.3600000143051147,25.72599983215332,0.0,0.0,0.0,1.0,0.0,0.0,1.0,0.0,1.0,0.0,0.0,0.0
0,0,0,0,0,21.0,1,0,0,0,0.0,0.0,1.0,0.7400000095367432,76.14099884033203,0.0,0.0,0.0,0.0,0.0,0.0,0.0,0.0,0.0,0.0,0.0,0.0
1,0,0,0,0,23.0,1,1,0,0,0.0,0.0,0.0,5.550000190734863,66.4800033569336,2.0,0.0,0.0,0.0,1.0,0.0,0.0,1.0,1.0,1.0,1.0,0.0
0,0,0,1,0,24.0,0,0,1,0,0.0,0.0,1.0,4.510000228881836,95.3740005493164,0.0,0.0,0.0,0.0,1.0,0.0,0.0,0.0,3.0,0.0,0.0,0.0
1,0,0,1,0,25.0,2,0,0,0,0.0,0.0,1.0,3.890000104904175,20.17099952697754,1.0,0.0,0.0,1.0,0.0,0.0,0.0,0.0,1.0,0.0,0.0,0.0
1,1,1,0,0,25.0,1,1,0,0,1.0,0.0,0.0,0.5600000023841858,12.020000457763672,0.0,0.0,0.0,0.0,0.0,0.0,2.0,0.0,1.0,0.0,0.0,0.0
0,1,0,1,0,37.0,1,0,0,0,0.0,0.0,0.0,1.100000023841858,95.47599792480469,1.0,0.0,0.0,0.0,0.0,0.0,0.0,0.0,0.0,0.0,0.0,0.0
0,1,0,1,0,25.0,1,1,0,0,0.0,0.0,0.0,0.6100000143051147,61.24700164794922,0.0,1.0,0.0,0.0,0.0,0.0,0.0,2.0,1.0,1.0,0.0,0.0
0,0,1,0,0,19.0,1,0,1,0,1.0,0.0,0.0,2.259999990463257,15.663000106811523,0.0,0.0,0.0,0.0,1.0,0.0,0.0,1.0,0.0,0.0,0.0,1.0
0,1,1,0,0,20.0,1,0,0,0,0.0,1.0,0.0,0.4699999988079071,11.401000022888184,0.0,0.0,0.0,0.0,0.0,0.0,0.0,1.0,3.0,0.0,0.0,0.0
0,0,0,0,0,17.0,1,0,1,0,0.0,0.0,1.0,2.180000066757202,35.59199905395508,0.0,0.0,0.0,0.0,0.0,0.0,0.0,0.0,0.0,0.0,0.0,0.0
0,0,0,0,0,20.0,1,0,1,0,0.0,0.0,1.0,2.180000066757202,33.814998626708984,0.0,0.0,0.0,0.0,0.0,0.0,0.0,3.0,3.0,1.0,0.0,0.0
0,1,0,0,0,25.0,1,0,1,0,0.0,0.0,1.0,2.180000066757202,74.53900146484375,0.0,0.0,0.0,0.0,0.0,0.0,0.0,1.0,1.0,0.0,0.0,0.0
0,1,0,0,0,24.0,1,0,0,0,0.0,1.0,0.0,3.569999933242798,51.83300018310547,0.0,0.0,0.0,0.0,0.0,0.0,0.0,0.0,0.0,0.0,0.0,0.0
0,0,1,0,0,19.0,4,0,0,0,0.0,1.0,0.0,1.3600000143051147,22.29800033569336,0.0,0.0,0.0,0.0,1.0,0.0,0.0,2.0,1.0,0.0,0.0,0.0
1,0,1,0,0,20.0,4,0,0,0,0.0,1.0,0.0,1.3600000143051147,64.41699981689453,1.0,0.0,0.0,0.0,1.0,2.0,0.0,0.0,1.0,1.0,0.0,0.0
0,1,1,0,0,22.0,4,0,0,0,0.0,1.0,0.0,1.3600000143051147,35.86399841308594,0.0,0.0,0.0,0.0,0.0,0.0,0.0,0.0,0.0,0.0,0.0,0.0
0,0,0,0,0,25.0,3,0,0,0,0.0,1.0,0.0,4.670000076293945,44.38199996948242,1.0,1.0,0.0,0.0,0.0,1.0,0.0,1.0,2.0,1.0,0.0,0.0
1,0,0,0,0,26.0,3,0,0,0,0.0,1.0,0.0,4.670000076293945,25.305999755859375,1.0,0.0,0.0,1.0,0.0,2.0,0.0,2.0,1.0,0.0,0.0,1.0
0,0,1,0,0,24.0,3,1,0,0,0.0,0.0,0.0,0.6100000143051147,23.81800079345703,0.0,0.0,0.0,1.0,0.0,1.0,0.0,0.0,0.0,0.0,0.0,1.0
0,1,0,1,0,23.0,2,0,0,0,0.0,0.0,0.0,1.0099999904632568,35.04499816894531,0.0,0.0,0.0,0.0,2.0,0.0,0.0,0.0,0.0,0.0,0.0,0.0
0,0,0,1,0,28.0,1,0,0,0,0.0,1.0,0.0,0.5799999833106995,37.845001220703125,0.0,0.0,0.0,0.0,1.0,0.0,0.0,0.0,1.0,0.0,0.0,0.0
0,1,0,1,0,29.0,1,0,0,0,0.0,1.0,0.0,0.5799999833106995,44.96900177001953,0.0,0.0,0.0,0.0,1.0,0.0,0.0,0.0,2.0,1.0,0.0,0.0
1,1,0,1,0,36.0,2,1,0,0,0.0,1.0,0.0,0.7099999785423279,34.47200012207031,0.0,0.0,0.0,0.0,1.0,0.0,0.0,2.0,2.0,1.0,0.0,0.0
0,0,0,1,0,27.0,1,0,0,0,1.0,0.0,0.0,3.609999895095825,48.4379997253418,0.0,0.0,0.0,1.0,1.0,0.0,0.0,1.0,1.0,0.0,0.0,1.0
1,1,0,0,0,27.0,1,1,0,0,1.0,0.0,0.0,1.340000033378601,8.729999542236328,3.0,1.0,0.0,0.0,1.0,0.0,2.0,3.0,3.0,0.0,0.0,1.0
0,1,0,0,0,24.0,2,0,0,0,1.0,0.0,0.0,2.240000009536743,75.4000015258789,0.0,1.0,0.0,0.0,0.0,0.0,1.0,2.0,1.0,1.0,0.0,0.0
0,0,1,0,0,31.0,0,0,0,0,1.0,0.0,0.0,0.7900000214576721,85.05699920654297,0.0,0.0,1.0,0.0,0.0,0.0,0.0,0.0,1.0,0.0,0.0,0.0
0,0,0,0,0,25.0,1,0,0,0,1.0,0.0,0.0,5.110000133514404,52.042999267578125,0.0,0.0,0.0,0.0,2.0,2.0,0.0,0.0,2.0,0.0,0.0,0.0
0,1,0,0,0,28.0,1,0,0,0,1.0,0.0,0.0,5.110000133514404,69.4530029296875,0.0,0.0,0.0,0.0,0.0,0.0,0.0,2.0,3.0,1.0,0.0,0.0
0,1,0,0,0,25.0,1,1,0,0,0.0,1.0,0.0,2.180000066757202,76.19100189208984,0.0,0.0,0.0,0.0,1.0,0.0,0.0,0.0,2.0,0.0,0.0,0.0
1,0,1,0,0,33.0,1,1,0,0,0.0,0.0,0.0,0.41999998688697815,6.2779998779296875,0.0,0.0,1.0,1.0,2.0,1.0,0.0,1.0,1.0,2.0,0.0,1.0
1,1,0,0,0,21.0,0,1,0,0,0.0,1.0,0.0,2.049999952316284,26.924999237060547,3.0,1.0,0.0,1.0,2.0,1.0,2.0,4.0,3.0,3.0,3.0,1.0
0,0,0,0,0,31.0,0,1,0,0,1.0,0.0,0.0,3.4700000286102295,37.608001708984375,0.0,0.0,0.0,0.0,0.0,0.0,0.0,0.0,0.0,0.0,0.0,0.0
1,0,0,0,0,19.0,1,0,1,0,0.0,1.0,0.0,1.7000000476837158,39.138999938964844,0.0,0.0,0.0,0.0,0.0,0.0,0.0,2.0,0.0,0.0,0.0,0.0
0,1,0,0,0,21.0,1,0,1,0,0.0,1.0,0.0,1.7000000476837158,33.125,0.0,0.0,0.0,0.0,0.0,0.0,0.0,1.0,3.0,1.0,0.0,0.0
0,0,0,1,0,16.0,1,0,1,0,0.0,0.0,0.0,3.200000047683716,13.449999809265137,0.0,0.0,1.0,0.0,1.0,0.0,1.0,0.0,1.0,0.0,0.0,1.0
0,1,0,1,0,27.0,2,0,0,0,0.0,0.0,0.0,1.8700000047683716,45.6510009765625,0.0,1.0,1.0,0.0,1.0,0.0,0.0,0.0,3.0,0.0,0.0,0.0
0,0,0,1,0,19.0,0,0,1,0,0.0,0.0,1.0,3.069999933242798,92.23400115966797,0.0,0.0,0.0,0.0,0.0,0.0,0.0,0.0,0.0,0.0,0.0,0.0
1,1,0,0,0,32.0,2,0,0,0,0.0,0.0,1.0,4.579999923706055,90.13400268554688,0.0,0.0,0.0,0.0,0.0,0.0,0.0,0.0,0.0,0.0,0.0,0.0
0,0,1,0,0,21.0,1,1,0,0,1.0,0.0,0.0,0.4000000059604645,7.63100004196167,0.0,0.0,0.0,0.0,0.0,0.0,0.0,0.0,0.0,0.0,0.0,0.0
0,1,0,0,0,27.0,1,0,0,0,1.0,0.0,0.0,5.650000095367432,87.4530029296875,0.0,0.0,0.0,0.0,0.0,0.0,0.0,0.0,0.0,0.0,0.0,0.0
0,1,0,0,0,33.0,1,0,0,0,0.0,0.0,1.0,5.21999979019165,97.9280014038086,0.0,0.0,0.0,0.0,0.0,0.0,0.0,0.0,0.0,0.0,0.0,0.0
0,1,0,0,0,35.0,1,0,0,0,0.0,0.0,1.0,5.21999979019165,96.4219970703125,0.0,0.0,0.0,0.0,0.0,0.0,1.0,0.0,0.0,0.0,0.0,0.0
1,0,0,1,0,29.0,1,0,1,0,0.0,0.0,1.0,4.650000095367432,15.510000228881836,0.0,2.0,0.0,0.0,0.0,0.0,1.0,3.0,1.0,1.0,0.0,0.0
0,0,0,0,0,27.0,0,1,0,0,0.0,0.0,1.0,3.049999952316284,76.25700378417969,2.0,2.0,1.0,1.0,0.0,0.0,1.0,3.0,3.0,2.0,0.0,0.0
0,1,0,0,0,20.0,1,0,1,0,0.0,1.0,0.0,3.950000047683716,94.86900329589844,0.0,0.0,0.0,0.0,1.0,0.0,0.0,2.0,1.0,0.0,0.0,0.0
0,1,0,0,0,22.0,0,0,1,0,0.0,1.0,0.0,3.950000047683716,2.5799999237060547,0.0,1.0,0.0,0.0,0.0,0.0,0.0,2.0,2.0,1.0,0.0,0.0
1,0,0,1,0,25.0,2,1,0,0,0.0,0.0,0.0,0.33000001311302185,58.96200180053711,1.0,0.0,0.0,0.0,1.0,0.0,0.0,2.0,1.0,0.0,0.0,0.0
0,0,0,0,0,31.0,1,0,0,0,1.0,0.0,0.0,5.050000190734863,28.72100067138672,0.0,1.0,0.0,0.0,0.0,0.0,0.0,1.0,0.0,0.0,0.0,0.0
0,1,0,0,0,21.0,2,0,0,0,1.0,0.0,0.0,2.9600000381469727,55.09600067138672,0.0,0.0,0.0,0.0,2.0,0.0,0.0,1.0,1.0,0.0,0.0,0.0
1,1,1,0,0,23.0,0,0,1,0,1.0,0.0,0.0,2.7699999809265137,56.22600173950195,0.0,1.0,0.0,0.0,1.0,0.0,0.0,0.0,0.0,0.0,0.0,1.0
0,0,0,1,0,27.0,2,0,0,0,0.0,1.0,0.0,1.8700000047683716,9.272000312805176,1.0,1.0,1.0,0.0,1.0,1.0,0.0,2.0,1.0,1.0,1.0,1.0
0,0,0,1,0,29.0,2,0,0,0,0.0,1.0,0.0,1.8700000047683716,19.4060001373291,0.0,1.0,0.0,0.0,0.0,0.0,0.0,1.0,1.0,1.0,0.0,0.0
0,0,0,1,0,30.0,2,0,0,0,0.0,1.0,0.0,1.8700000047683716,22.891000747680664,0.0,1.0,0.0,0.0,0.0,0.0,0.0,1.0,3.0,1.0,1.0,0.0
0,0,0,1,0,28.0,2,0,0,0,1.0,0.0,0.0,1.559999942779541,19.506000518798828,0.0,1.0,0.0,0.0,0.0,0.0,0.0,0.0,0.0,0.0,0.0,0.0
0,1,1,0,0,20.0,5,0,0,0,1.0,0.0,0.0,0.7300000190734863,33.45000076293945,0.0,0.0,0.0,0.0,1.0,0.0,0.0,0.0,0.0,0.0,0.0,0.0
1,1,1,0,0,22.0,5,0,0,0,1.0,0.0,0.0,0.7300000190734863,18.98900032043457,0.0,0.0,1.0,0.0,2.0,0.0,0.0,2.0,0.0,0.0,0.0,0.0
0,1,1,0,0,20.0,3,1,0,0,1.0,0.0,0.0,0.3100000023841858,17.841999053955078,1.0,0.0,0.0,0.0,1.0,0.0,0.0,3.0,2.0,2.0,0.0,0.0
0,1,0,0,0,26.0,2,0,0,0,0.0,0.0,1.0,5.610000133514404,50.67100143432617,0.0,0.0,0.0,0.0,0.0,0.0,0.0,1.0,3.0,0.0,0.0,0.0
0,1,0,0,0,30.0,0,0,0,0,0.0,0.0,1.0,7.099999904632568,74.87799835205078,0.0,0.0,0.0,0.0,1.0,0.0,0.0,2.0,1.0,1.0,0.0,0.0
1,1,0,0,0,18.0,2,0,1,0,1.0,0.0,0.0,1.0399999618530273,16.045000076293945,0.0,0.0,0.0,0.0,0.0,0.0,0.0,1.0,1.0,1.0,0.0,1.0
0,1,1,0,0,25.0,1,1,0,0,1.0,0.0,0.0,2.430000066757202,14.536999702453613,0.0,0.0,0.0,0.0,2.0,0.0,0.0,1.0,2.0,0.0,0.0,0.0
0,0,0,0,0,36.0,0,0,0,0,0.0,1.0,0.0,4.039999961853027,35.224998474121094,1.0,0.0,0.0,0.0,0.0,1.0,0.0,0.0,1.0,0.0,0.0,0.0
0,1,1,0,0,24.0,0,1,0,0,1.0,0.0,0.0,0.2800000011920929,6.869999885559082,0.0,0.0,0.0,0.0,0.0,0.0,0.0,0.0,0.0,0.0,0.0,0.0
0,1,1,0,0,23.0,1,0,0,0,1.0,0.0,0.0,2.680000066757202,28.902000427246094,0.0,0.0,0.0,0.0,0.0,0.0,1.0,0.0,0.0,0.0,0.0,0.0
0,0,1,0,0,37.0,0,1,0,0,0.0,0.0,0.0,0.6299999952316284,2.5409998893737793,0.0,0.0,0.0,0.0,0.0,0.0,0.0,0.0,0.0,0.0,0.0,0.0
0,0,1,0,0,25.0,1,0,0,0,0.0,1.0,0.0,1.6299999952316284,16.854000091552734,0.0,0.0,0.0,0.0,0.0,1.0,0.0,2.0,1.0,1.0,0.0,0.0
1,0,0,0,0,26.0,2,0,0,0,0.0,0.0,1.0,1.059999942779541,11.711000442504883,0.0,0.0,0.0,0.0,1.0,0.0,0.0,0.0,1.0,0.0,0.0,0.0
0,1,0,0,0,18.0,1,0,1,0,1.0,0.0,0.0,1.840000033378601,51.930999755859375,0.0,2.0,0.0,0.0,0.0,0.0,0.0,0.0,2.0,0.0,0.0,0.0
0,1,0,1,0,22.0,1,0,0,0,0.0,0.0,0.0,1.7699999809265137,2.575000047683716,0.0,0.0,0.0,0.0,1.0,0.0,0.0,1.0,0.0,0.0,0.0,0.0
1,0,0,1,0,24.0,1,0,0,0,0.0,0.0,0.0,1.7699999809265137,17.790000915527344,1.0,0.0,0.0,1.0,1.0,0.0,0.0,2.0,0.0,2.0,0.0,1.0
1,0,0,1,0,23.0,4,1,0,0,0.0,1.0,0.0,0.3199999928474426,49.345001220703125,0.0,0.0,0.0,0.0,1.0,0.0,0.0,0.0,1.0,0.0,1.0,0.0
1,0,0,0,0,26.0,1,0,0,0,0.0,0.0,1.0,3.7799999713897705,84.2760009765625,0.0,1.0,0.0,0.0,1.0,0.0,0.0,2.0,1.0,0.0,0.0,0.0
0,0,1,0,0,17.0,2,1,0,0,0.0,0.0,0.0,0.5600000023841858,7.53000020980835,0.0,0.0,0.0,0.0,0.0,0.0,0.0,3.0,2.0,1.0,0.0,0.0
0,0,0,0,0,27.0,1,1,0,0,0.0,1.0,0.0,0.17000000178813934,13.520000457763672,0.0,1.0,1.0,1.0,0.0,0.0,0.0,2.0,1.0,0.0,0.0,0.0
0,1,0,1,0,25.0,1,0,1,0,1.0,0.0,0.0,4.900000095367432,11.722000122070312,0.0,0.0,0.0,0.0,1.0,1.0,0.0,1.0,1.0,0.0,0.0,0.0
0,1,0,0,0,34.0,1,0,0,0,0.0,0.0,1.0,8.510000228881836,94.49400329589844,0.0,0.0,0.0,0.0,0.0,0.0,0.0,0.0,1.0,0.0,0.0,0.0
0,0,0,0,0,24.0,1,0,0,0,0.0,1.0,0.0,4.869999885559082,87.16699981689453,0.0,0.0,0.0,0.0,1.0,0.0,0.0,3.0,2.0,0.0,0.0,0.0
1,0,0,0,0,26.0,1,0,0,0,0.0,1.0,0.0,4.869999885559082,67.41300201416016,2.0,0.0,0.0,0.0,2.0,0.0,0.0,2.0,2.0,1.0,0.0,0.0
0,0,0,0,0,34.0,1,0,0,0,0.0,1.0,0.0,7.599999904632568,68.44400024414062,0.0,0.0,0.0,0.0,1.0,0.0,0.0,0.0,0.0,0.0,0.0,0.0
0,0,0,1,0,27.0,5,0,0,0,0.0,0.0,1.0,0.8600000143051147,20.00200080871582,0.0,0.0,0.0,0.0,1.0,0.0,0.0,0.0,0.0,0.0,0.0,0.0
1,0,1,0,0,28.0,4,1,0,0,0.0,0.0,0.0,0.7599999904632568,2.134999990463257,2.0,1.0,1.0,1.0,2.0,0.0,0.0,0.0,0.0,0.0,0.0,0.0
0,1,0,0,0,32.0,1,0,0,0,0.0,0.0,1.0,16.270000457763672,94.5790023803711,0.0,0.0,0.0,0.0,0.0,0.0,0.0,1.0,2.0,0.0,0.0,0.0
0,0,1,0,0,27.0,4,0,1,0,0.0,1.0,0.0,1.2799999713897705,9.42300033569336,0.0,0.0,0.0,0.0,0.0,0.0,0.0,0.0,0.0,0.0,0.0,0.0
0,1,1,0,0,28.0,4,0,1,0,0.0,1.0,0.0,1.2799999713897705,14.116000175476074,1.0,0.0,0.0,0.0,2.0,0.0,0.0,0.0,0.0,0.0,0.0,0.0
0,0,1,0,0,27.0,0,0,1,0,0.0,1.0,0.0,2.9700000286102295,15.282999992370605,0.0,0.0,0.0,0.0,1.0,0.0,1.0,0.0,1.0,0.0,0.0,0.0
0,0,1,0,0,19.0,2,1,0,0,1.0,0.0,0.0,0.8600000143051147,28.236000061035156,0.0,0.0,0.0,0.0,0.0,0.0,0.0,0.0,1.0,0.0,0.0,0.0
0,1,1,0,0,25.0,0,1,0,0,1.0,0.0,0.0,3.009999990463257,83.38500213623047,0.0,0.0,0.0,0.0,1.0,0.0,0.0,0.0,0.0,0.0,0.0,0.0
0,1,0,0,0,20.0,1,0,0,1,0.0,1.0,0.0,1.9299999475479126,64.33999633789062,0.0,0.0,0.0,0.0,1.0,0.0,0.0,1.0,0.0,0.0,0.0,0.0
0,1,1,0,0,23.0,1,0,0,0,0.0,1.0,0.0,1.940000057220459,18.599000930786133,0.0,0.0,0.0,0.0,1.0,0.0,0.0,0.0,0.0,0.0,0.0,0.0
1,0,0,0,0,21.0,2,0,0,0,0.0,1.0,0.0,3.740000009536743,56.691001892089844,2.0,1.0,0.0,1.0,1.0,0.0,0.0,4.0,3.0,3.0,0.0,0.0
